College_ID,IQ,Prev_Sem_Result,CGPA,Academic_Performance,Internship_Experience,Extra_Curricular_Score,Communication_Skills,Projects_Completed,Placement,Academic_Score,Skill_Score,Placement_Score,Placement_Readiness,Risk_Score,Risk_Level,Skill_Gap
CLG0030,107,6.61,6.28,8,No,8,8,4,No,4.57,7.91,6.12,HIGH,3.88,LOW,0.09
CLG0061,97,5.52,5.37,8,No,7,8,0,No,3.25,4.51,4.06,LOW,5.94,HIGH,3.49
CLG0036,109,5.36,5.83,9,No,3,1,1,No,3.83,1.4,3.25,LOW,6.75,HIGH,6.6
CLG0055,122,5.47,5.75,6,Yes,1,6,1,No,2.84,3.22,3.81,LOW,6.19,HIGH,4.78
CLG0004,96,7.91,7.69,7,No,8,10,2,No,6.05,7.2,6.24,HIGH,3.76,LOW,0.8
CLG0015,96,5.26,5.32,7,No,5,8,0,No,2.73,4.11,3.68,LOW,6.32,HIGH,3.89
CLG0071,123,6.68,6.58,5,No,7,8,2,Yes,3.84,6.11,5.38,MEDIUM,4.62,MEDIUM,1.89
CLG0096,111,8.77,8.76,7,No,3,1,2,Yes,7.35,2.2,5.02,MEDIUM,4.98,MEDIUM,5.8
CLG0097,92,6.47,6.33,9,No,7,8,5,No,4.86,8.51,6.22,HIGH,3.78,LOW,0.0
CLG0057,108,8.82,8.6,4,No,5,9,1,No,6.27,5.36,5.8,MEDIUM,4.2,MEDIUM,2.64
CLG0063,93,8.73,8.9,2,Yes,5,6,0,No,5.77,3.22,4.48,MEDIUM,5.52,MEDIUM,4.78
CLG0077,93,6.23,6.51,8,No,5,7,4,No,4.51,6.87,5.44,MEDIUM,4.56,MEDIUM,1.13
CLG0064,103,8.64,9.01,7,Yes,8,6,1,No,7.46,4.62,5.89,MEDIUM,4.11,MEDIUM,3.38
CLG0017,71,8.74,8.4,6,No,0,5,2,No,6.74,3.38,4.56,MEDIUM,5.44,MEDIUM,4.62
CLG0053,74,6.99,7.31,7,No,0,1,2,No,5.22,1.6,3.29,LOW,6.71,HIGH,6.4
CLG0040,91,6.05,5.8,3,No,4,2,3,No,2.22,3.64,3.2,LOW,6.8,HIGH,4.36
CLG0070,84,7.61,7.54,6,No,0,10,0,No,5.43,4.0,4.51,MEDIUM,5.49,MEDIUM,4.0
CLG0050,104,9.61,10.0,10,Yes,9,2,4,No,9.77,5.44,7.16,HIGH,2.84,LOW,2.56
CLG0068,86,8.2,8.15,7,No,8,9,4,Yes,6.56,8.36,6.74,HIGH,3.26,LOW,0.0
CLG0015,78,5.86,5.56,7,Yes,3,6,2,No,3.26,4.42,3.7,LOW,6.3,HIGH,3.58
CLG0072,121,8.41,8.07,5,Yes,1,3,3,Yes,5.97,3.49,5.15,MEDIUM,4.85,MEDIUM,4.51
CLG0034,96,7.14,7.11,3,Yes,2,3,3,No,3.83,3.69,3.95,LOW,6.05,HIGH,4.31
CLG0030,101,7.96,8.22,2,Yes,8,10,0,No,4.81,5.6,5.19,MEDIUM,4.81,MEDIUM,2.4
CLG0087,78,8.67,9.17,7,Yes,10,10,2,Yes,7.59,7.6,6.71,HIGH,3.29,LOW,0.4
CLG0073,91,7.57,7.86,4,Yes,7,2,2,No,4.97,3.44,4.22,LOW,5.78,HIGH,4.56
CLG0024,101,9.07,9.45,2,No,2,7,2,No,6.37,4.67,5.44,MEDIUM,4.56,MEDIUM,3.33
CLG0008,82,8.61,8.86,8,No,7,1,0,No,7.66,1.4,4.32,MEDIUM,5.68,MEDIUM,6.6
CLG0057,105,8.08,8.48,2,No,3,1,4,No,5.07,3.8,4.64,MEDIUM,5.36,MEDIUM,4.2
CLG0070,90,5.75,5.33,6,Yes,5,10,1,No,2.7,5.8,4.24,LOW,5.76,HIGH,2.2
CLG0025,95,9.18,9.61,4,Yes,3,3,3,No,7.22,3.89,5.37,MEDIUM,4.63,MEDIUM,4.11
CLG0077,90,9.68,9.58,9,Yes,10,1,4,No,9.17,5.2,6.59,HIGH,3.41,LOW,2.8
CLG0034,127,5.68,6.1,5,No,4,3,1,No,2.88,2.49,3.62,LOW,6.38,HIGH,5.51
CLG0025,99,7.44,7.02,4,No,9,9,4,No,4.28,8.56,6.13,HIGH,3.87,LOW,0.0
CLG0018,84,6.29,6.51,8,No,8,7,4,No,4.55,7.47,5.54,MEDIUM,4.46,MEDIUM,0.53
CLG0073,112,8.77,9.01,3,Yes,1,9,4,Yes,6.2,6.96,6.48,HIGH,3.52,LOW,1.04
CLG0097,81,8.61,9.11,9,Yes,8,7,4,No,8.18,7.47,6.94,HIGH,3.06,LOW,0.53
CLG0070,103,5.7,5.97,8,Yes,2,9,2,No,3.8,5.56,4.8,MEDIUM,5.2,MEDIUM,2.44
CLG0014,70,9.39,9.27,8,No,4,3,4,No,8.43,4.89,5.82,MEDIUM,4.18,MEDIUM,3.11
CLG0006,80,5.9,5.96,10,Yes,6,7,1,No,4.58,4.67,4.37,MEDIUM,5.63,MEDIUM,3.33
CLG0082,102,8.99,8.86,5,No,1,6,1,No,6.89,3.22,5.09,MEDIUM,4.91,MEDIUM,4.78
CLG0090,111,7.28,6.98,1,No,3,2,3,No,3.16,3.44,3.84,LOW,6.16,HIGH,4.56
CLG0036,102,6.64,6.39,10,No,0,6,5,No,5.34,6.22,5.67,MEDIUM,4.33,MEDIUM,1.78
CLG0036,98,5.79,5.51,9,No,10,3,0,No,3.85,2.89,3.67,LOW,6.33,HIGH,5.11
CLG0075,95,5.84,5.89,2,Yes,2,2,1,No,1.83,1.64,2.31,LOW,7.69,HIGH,6.36
CLG0018,77,8.31,8.72,1,Yes,5,5,1,No,5.05,3.58,4.07,LOW,5.93,HIGH,4.42
CLG0015,89,7.75,8.16,6,Yes,1,5,1,No,5.97,2.78,4.32,MEDIUM,5.68,MEDIUM,5.22
CLG0094,93,5.61,5.16,1,Yes,7,2,1,No,0.82,2.64,2.27,LOW,7.73,HIGH,5.36
CLG0089,115,5.56,5.14,10,Yes,6,3,0,No,3.78,2.09,3.61,LOW,6.39,HIGH,5.91
CLG0016,105,5.36,5.11,10,No,2,8,0,No,3.63,3.51,3.95,LOW,6.05,HIGH,4.49
CLG0076,73,8.72,8.48,10,Yes,0,5,5,No,8.12,5.78,6.11,HIGH,3.89,LOW,2.22
CLG0014,104,8.56,8.15,7,No,9,8,4,Yes,6.78,8.11,7.03,HIGH,2.97,LOW,0.0
CLG0047,94,5.29,5.18,7,Yes,3,10,5,No,2.64,8.6,5.4,MEDIUM,4.6,MEDIUM,0.0
CLG0054,89,7.8,7.89,1,Yes,3,4,1,No,4.13,2.73,3.56,LOW,6.44,HIGH,5.27
CLG0058,109,5.42,5.5,10,No,10,4,1,No,3.96,4.13,4.4,MEDIUM,5.6,MEDIUM,3.87
CLG0077,115,9.52,9.56,5,No,4,6,3,Yes,7.72,5.42,6.52,HIGH,3.48,LOW,2.58
CLG0030,113,9.54,9.38,3,No,2,10,3,Yes,6.94,6.8,6.73,HIGH,3.27,LOW,1.2
CLG0100,87,8.49,8.7,2,No,10,5,3,No,5.47,6.18,5.45,MEDIUM,4.55,MEDIUM,1.82
CLG0046,95,9.63,9.96,5,No,1,5,3,No,8.08,4.38,5.91,MEDIUM,4.09,MEDIUM,3.62
CLG0016,104,9.06,8.91,5,No,1,9,4,Yes,6.97,6.96,6.65,HIGH,3.35,LOW,1.04
CLG0001,114,9.14,8.73,2,Yes,7,6,2,Yes,5.89,5.22,5.69,MEDIUM,4.31,MEDIUM,2.78
CLG0041,92,7.85,7.65,6,No,6,3,3,No,5.66,4.49,4.93,MEDIUM,5.07,MEDIUM,3.51
CLG0093,97,6.53,6.17,7,No,0,4,3,No,4.11,3.73,4.09,LOW,5.91,HIGH,4.27
CLG0027,83,6.09,6.06,1,No,8,9,0,No,1.77,5.16,3.49,LOW,6.51,HIGH,2.84
CLG0077,82,6.64,6.3,3,No,2,6,5,No,2.94,6.62,4.52,MEDIUM,5.48,MEDIUM,1.38
CLG0062,112,8.14,8.1,4,No,2,8,1,Yes,5.49,4.31,5.13,MEDIUM,4.87,MEDIUM,3.69
CLG0081,120,5.86,5.58,2,No,0,7,4,No,1.61,5.87,4.34,MEDIUM,5.66,MEDIUM,2.13
CLG0028,98,6.29,6.53,10,Yes,10,1,1,No,5.23,2.8,4.19,LOW,5.81,HIGH,5.2
CLG0020,115,7.34,6.87,5,Yes,3,1,2,No,4.44,2.2,3.92,LOW,6.08,HIGH,5.8
CLG0055,105,6.17,6.22,4,No,9,10,4,No,2.93,9.0,5.87,MEDIUM,4.13,MEDIUM,0.0
CLG0051,90,7.94,7.61,2,No,10,7,2,No,4.35,6.27,5.09,MEDIUM,4.91,MEDIUM,1.73
CLG0069,105,9.62,9.12,1,Yes,1,2,1,No,6.13,1.44,4.12,LOW,5.88,HIGH,6.56
CLG0088,123,8.74,9.11,8,No,2,9,0,Yes,7.93,3.96,6.16,HIGH,3.84,LOW,4.04
CLG0073,99,8.33,8.5,2,No,10,10,3,Yes,5.23,8.4,6.44,HIGH,3.56,LOW,0.0
CLG0097,123,7.91,7.51,4,No,0,9,1,No,4.92,4.36,5.11,MEDIUM,4.89,MEDIUM,3.64
CLG0034,60,7.44,7.6,10,Yes,2,2,4,No,6.71,4.04,4.62,MEDIUM,5.38,MEDIUM,3.96
CLG0027,112,5.93,6.04,5,No,3,9,3,Yes,2.99,6.56,5.03,MEDIUM,4.97,MEDIUM,1.44
CLG0097,101,9.47,9.44,2,No,5,9,4,Yes,6.61,7.76,6.77,HIGH,3.23,LOW,0.24
CLG0038,95,6.24,6.16,10,No,2,10,2,No,4.93,6.0,5.3,MEDIUM,4.7,MEDIUM,2.0
CLG0029,101,5.46,5.85,9,Yes,10,6,4,No,3.9,7.42,5.55,MEDIUM,4.45,MEDIUM,0.58
CLG0035,70,8.75,8.5,2,No,5,5,0,No,5.48,2.78,3.8,LOW,6.2,HIGH,5.22
CLG0020,96,5.88,5.78,6,No,1,10,2,No,3.1,5.8,4.5,MEDIUM,5.5,MEDIUM,2.2
CLG0019,105,6.86,6.69,7,No,10,2,5,No,4.69,6.44,5.55,MEDIUM,4.45,MEDIUM,1.56
CLG0005,122,5.14,5.41,6,No,7,6,5,No,2.39,7.62,5.39,MEDIUM,4.61,MEDIUM,0.38
CLG0025,92,5.69,6.11,4,No,4,9,1,No,2.56,5.16,3.96,LOW,6.04,HIGH,2.84
CLG0093,87,5.87,6.22,1,No,0,3,3,No,1.75,3.29,2.8,LOW,7.2,HIGH,4.71
CLG0026,92,5.27,5.57,2,No,5,3,3,No,1.25,4.29,3.09,LOW,6.91,HIGH,3.71
CLG0051,113,8.28,8.77,10,No,2,4,0,No,8.07,1.73,5.15,MEDIUM,4.85,MEDIUM,6.27
CLG0066,104,9.19,9.39,10,Yes,3,10,4,Yes,9.07,7.8,7.82,HIGH,2.18,LOW,0.2
CLG0061,92,6.87,7.12,6,No,9,4,1,No,4.68,3.93,4.32,MEDIUM,5.68,MEDIUM,4.07
CLG0015,107,9.37,9.85,8,Yes,7,1,5,No,8.85,5.4,6.83,HIGH,3.17,LOW,2.6
CLG0045,101,6.07,5.58,3,Yes,7,2,4,No,2.07,5.04,3.87,LOW,6.13,HIGH,2.96
CLG0006,114,6.63,6.76,7,No,10,6,5,No,4.6,8.22,6.38,HIGH,3.62,LOW,0.0
CLG0058,89,5.75,5.99,9,No,7,5,4,No,4.18,6.38,5.04,MEDIUM,4.96,MEDIUM,1.62
CLG0001,95,8.1,8.52,4,Yes,4,10,0,No,5.78,4.8,5.16,MEDIUM,4.84,MEDIUM,3.2
CLG0073,94,7.1,7.48,7,No,0,4,5,No,5.41,5.33,5.2,MEDIUM,4.8,MEDIUM,2.67
CLG0043,78,8.07,8.41,7,No,8,10,2,Yes,6.68,7.2,6.18,HIGH,3.82,LOW,0.8
CLG0016,104,8.81,9.26,10,No,10,9,5,Yes,8.74,9.56,8.4,HIGH,1.6,LOW,0.0
CLG0014,103,7.73,7.77,9,Yes,8,2,2,No,6.67,3.64,5.18,MEDIUM,4.82,MEDIUM,4.36
CLG0074,100,8.14,7.65,3,No,7,8,0,No,4.83,4.51,4.74,MEDIUM,5.26,MEDIUM,3.49
CLG0019,96,9.68,9.19,1,Yes,10,4,0,No,6.21,3.33,4.76,MEDIUM,5.24,MEDIUM,4.67
CLG0051,78,6.5,6.54,8,Yes,2,9,0,No,4.7,3.96,4.1,LOW,5.9,HIGH,4.04
CLG0008,93,6.8,6.74,4,No,5,4,4,No,3.69,5.53,4.58,MEDIUM,5.42,MEDIUM,2.47
CLG0048,94,8.59,8.54,2,No,6,2,5,No,5.42,5.64,5.33,MEDIUM,4.67,MEDIUM,2.36
CLG0012,87,8.06,7.96,5,No,3,6,5,No,5.67,6.82,5.78,MEDIUM,4.22,MEDIUM,1.18
CLG0070,97,5.89,6.31,4,No,9,9,4,No,2.83,8.56,5.51,MEDIUM,4.49,MEDIUM,0.0
CLG0035,106,6.88,6.74,1,Yes,6,7,1,No,2.74,4.67,4.08,LOW,5.92,HIGH,3.33
CLG0070,128,7.34,7.7,7,No,8,1,0,No,5.72,1.6,4.42,MEDIUM,5.58,MEDIUM,6.4
CLG0006,102,7.1,7.5,4,No,5,9,4,No,4.43,7.76,5.92,MEDIUM,4.08,MEDIUM,0.24
CLG0099,103,5.89,5.89,8,Yes,1,6,2,No,3.86,4.02,4.21,LOW,5.79,HIGH,3.98
CLG0011,98,9.62,9.57,9,No,5,9,5,Yes,9.12,8.56,8.05,HIGH,1.95,LOW,0.0
CLG0038,71,8.81,9.07,8,Yes,2,2,5,No,7.94,4.84,5.62,MEDIUM,4.38,MEDIUM,3.16
CLG0091,99,7.41,7.62,1,No,6,7,0,No,3.7,3.87,4.02,LOW,5.98,HIGH,4.13
CLG0026,100,8.4,8.23,8,Yes,2,8,2,Yes,7.08,5.11,5.88,MEDIUM,4.12,MEDIUM,2.89
CLG0028,136,9.49,9.09,5,No,7,8,3,Yes,7.36,6.91,7.33,HIGH,2.67,LOW,1.09
CLG0072,97,5.68,5.44,1,Yes,10,5,1,No,1.07,4.58,3.22,LOW,6.78,HIGH,3.42
CLG0089,104,6.25,5.88,9,Yes,10,7,3,No,4.4,7.07,5.66,MEDIUM,4.34,MEDIUM,0.93
CLG0083,99,7.71,7.5,9,No,4,7,1,No,6.46,4.27,5.28,MEDIUM,4.72,MEDIUM,3.73
CLG0080,82,9.0,8.76,7,No,2,3,0,No,7.49,1.29,4.21,LOW,5.79,HIGH,6.71
CLG0050,117,5.18,5.32,7,No,0,2,5,No,2.68,4.44,4.15,LOW,5.85,HIGH,3.56
CLG0058,111,9.92,10.0,1,No,4,5,1,No,6.95,3.38,5.33,MEDIUM,4.67,MEDIUM,4.62
CLG0026,111,7.27,7.46,9,No,9,4,4,No,6.17,6.33,6.2,HIGH,3.8,LOW,1.67
CLG0044,86,6.8,7.23,1,Yes,9,8,2,No,3.05,6.51,4.59,MEDIUM,5.41,MEDIUM,1.49
CLG0015,121,6.46,6.74,7,No,10,5,5,No,4.49,7.78,6.28,HIGH,3.72,LOW,0.22
CLG0076,78,5.87,6.1,9,No,2,9,4,No,4.33,7.16,5.23,MEDIUM,4.77,MEDIUM,0.84
CLG0024,108,8.96,8.87,9,No,3,7,0,No,8.21,3.27,5.74,MEDIUM,4.26,MEDIUM,4.73
CLG0077,132,9.78,9.6,5,No,9,1,3,Yes,7.91,4.2,6.4,HIGH,3.6,LOW,3.8
CLG0059,85,7.07,7.42,6,No,3,2,2,No,5.02,2.64,3.82,LOW,6.18,HIGH,5.36
CLG0057,91,9.76,10.0,2,No,2,8,0,No,7.19,3.51,5.13,MEDIUM,4.87,MEDIUM,4.49
CLG0017,101,9.12,9.07,2,No,5,10,4,Yes,6.12,8.2,6.75,HIGH,3.25,LOW,0.0
CLG0077,92,7.41,6.92,10,No,5,8,4,No,6.19,7.31,6.27,HIGH,3.73,LOW,0.69
CLG0081,76,8.37,8.66,9,No,0,2,1,No,7.71,1.24,4.18,LOW,5.82,HIGH,6.76
CLG0001,101,7.17,6.96,1,No,3,7,1,No,3.07,4.07,3.88,LOW,6.12,HIGH,3.93
CLG0011,84,7.79,7.3,10,Yes,0,8,3,No,6.7,5.51,5.62,MEDIUM,4.38,MEDIUM,2.49
CLG0020,107,5.29,5.59,5,Yes,6,4,1,No,2.28,3.33,3.37,LOW,6.63,HIGH,4.67
CLG0031,86,8.48,8.5,7,No,6,3,1,No,6.99,2.89,4.72,MEDIUM,5.28,MEDIUM,5.11
CLG0099,123,5.26,5.45,10,Yes,5,10,1,No,3.82,5.8,5.25,MEDIUM,4.75,MEDIUM,2.2
CLG0039,88,9.09,9.5,6,No,10,9,3,Yes,7.75,7.96,7.09,HIGH,2.91,LOW,0.04
CLG0063,95,9.12,9.16,6,No,1,2,0,No,7.52,0.64,4.19,LOW,5.81,HIGH,7.36
CLG0006,112,6.19,6.19,6,No,3,3,5,No,3.59,5.49,4.85,MEDIUM,5.15,MEDIUM,2.51
CLG0099,81,6.62,6.41,8,No,2,8,2,No,4.68,5.11,4.6,MEDIUM,5.4,MEDIUM,2.89
CLG0028,103,7.41,7.22,7,Yes,10,2,0,No,5.41,2.44,4.2,LOW,5.8,HIGH,5.56
CLG0051,119,7.98,8.28,5,No,7,5,5,Yes,5.86,7.18,6.55,HIGH,3.45,LOW,0.82
CLG0053,75,6.44,6.39,10,No,1,10,5,No,5.22,8.2,5.95,HIGH,4.05,LOW,0.0
CLG0044,102,7.96,7.62,2,Yes,9,8,0,No,4.37,4.91,4.75,MEDIUM,5.25,MEDIUM,3.09
CLG0065,103,6.49,6.08,10,No,1,7,0,No,5.02,2.87,4.22,LOW,5.78,HIGH,5.13
CLG0080,111,5.28,5.25,6,Yes,0,4,4,No,2.35,4.53,3.95,LOW,6.05,HIGH,3.47
CLG0012,81,5.01,4.97,10,No,8,10,2,No,3.32,7.2,4.89,MEDIUM,5.11,MEDIUM,0.8
CLG0028,80,5.51,5.66,5,No,2,9,2,No,2.46,5.56,3.87,LOW,6.13,HIGH,2.44
CLG0079,107,8.96,8.93,4,Yes,7,2,4,No,6.59,5.04,5.78,MEDIUM,4.22,MEDIUM,2.96
CLG0072,104,9.81,9.45,10,No,6,7,5,No,9.48,7.87,8.02,HIGH,1.98,LOW,0.13
CLG0068,103,7.13,7.14,5,No,0,7,4,No,4.52,5.87,5.22,MEDIUM,4.78,MEDIUM,2.13
CLG0095,105,7.56,7.97,9,No,10,7,5,No,6.72,8.67,7.25,HIGH,2.75,LOW,0.0
CLG0030,89,5.73,5.39,2,Yes,5,7,1,No,1.39,4.47,3.16,LOW,6.84,HIGH,3.53
CLG0035,103,7.76,7.95,6,No,7,5,4,No,5.82,6.38,5.94,HIGH,4.06,LOW,1.62
CLG0006,104,5.72,5.81,9,No,5,1,3,No,4.03,3.4,4.05,LOW,5.95,HIGH,4.6
CLG0085,89,8.06,8.31,10,No,8,4,4,No,7.6,6.13,6.31,HIGH,3.69,LOW,1.87
CLG0030,127,9.67,9.32,5,Yes,9,5,1,No,7.64,4.38,6.28,HIGH,3.72,LOW,3.62
CLG0080,107,5.98,6.42,6,No,2,10,4,No,3.63,7.6,5.62,MEDIUM,4.38,MEDIUM,0.4
CLG0063,82,8.82,8.94,10,No,5,4,3,No,8.52,4.73,6.0,HIGH,4.0,LOW,3.27
CLG0008,109,5.12,5.47,4,Yes,9,7,4,No,1.75,7.67,4.93,MEDIUM,5.07,MEDIUM,0.33
CLG0091,85,6.88,6.63,5,No,3,2,5,No,3.99,5.04,4.36,MEDIUM,5.64,MEDIUM,2.96
CLG0033,111,5.55,5.79,8,No,9,2,0,No,3.58,2.24,3.52,LOW,6.48,HIGH,5.76
CLG0043,117,6.76,7.04,1,Yes,2,2,2,No,2.89,2.44,3.43,LOW,6.57,HIGH,5.56
CLG0076,87,5.87,5.77,1,Yes,7,10,3,No,1.42,7.8,4.47,MEDIUM,5.53,MEDIUM,0.2
CLG0043,114,6.87,6.75,10,Yes,6,3,3,No,5.74,4.49,5.34,MEDIUM,4.66,MEDIUM,3.51
CLG0045,106,7.09,7.25,4,Yes,6,5,3,No,4.24,5.38,4.96,MEDIUM,5.04,MEDIUM,2.62
CLG0087,112,6.5,6.09,10,Yes,4,10,5,Yes,5.04,8.8,6.75,HIGH,3.25,LOW,0.0
CLG0054,128,8.28,8.52,3,Yes,0,9,0,Yes,5.55,3.56,5.13,MEDIUM,4.87,MEDIUM,4.44
CLG0065,96,9.59,9.13,5,Yes,5,3,0,No,7.45,1.89,4.68,MEDIUM,5.32,MEDIUM,6.11
CLG0007,88,7.0,6.69,10,Yes,5,6,2,No,5.78,4.82,5.04,MEDIUM,4.96,MEDIUM,3.18
CLG0036,86,5.96,6.12,8,Yes,2,6,1,No,4.07,3.42,3.77,LOW,6.23,HIGH,4.58
CLG0025,87,6.35,5.95,1,No,4,6,2,No,1.84,4.62,3.37,LOW,6.63,HIGH,3.38
CLG0085,98,9.27,9.74,5,No,8,5,3,No,7.7,5.78,6.37,HIGH,3.63,LOW,2.22
CLG0037,105,7.86,8.23,5,No,6,2,3,No,5.75,4.04,5.01,MEDIUM,4.99,MEDIUM,3.96
CLG0012,104,7.28,7.41,2,Yes,7,1,3,No,3.8,3.8,4.12,LOW,5.88,HIGH,4.2
CLG0032,112,5.75,6.07,5,Yes,8,5,2,No,2.9,4.98,4.37,MEDIUM,5.63,MEDIUM,3.02
CLG0049,100,7.25,7.64,8,Yes,5,8,1,No,5.95,4.91,5.35,MEDIUM,4.65,MEDIUM,3.09
CLG0038,121,6.39,6.15,10,Yes,4,10,1,No,5.01,5.6,5.61,MEDIUM,4.39,MEDIUM,2.4
CLG0056,96,9.72,10.0,7,No,9,5,2,No,8.83,5.18,6.54,HIGH,3.46,LOW,2.82
CLG0080,140,9.42,9.11,2,No,4,3,5,Yes,6.33,5.69,6.5,HIGH,3.5,LOW,2.31
CLG0065,109,5.42,5.33,6,Yes,4,3,3,No,2.5,4.09,3.8,LOW,6.2,HIGH,3.91
CLG0026,87,7.58,7.64,10,No,3,2,2,No,6.82,2.64,4.57,MEDIUM,5.43,MEDIUM,5.36
CLG0057,83,6.13,6.34,1,No,1,7,2,No,2.0,4.47,3.31,LOW,6.69,HIGH,3.53
CLG0014,107,7.05,6.58,10,No,6,2,4,No,5.72,4.84,5.35,MEDIUM,4.65,MEDIUM,3.16
CLG0056,96,9.38,9.17,10,Yes,6,6,4,No,9.02,6.62,7.2,HIGH,2.8,LOW,1.38
CLG0070,110,7.64,7.75,3,Yes,7,8,0,No,4.6,4.51,4.82,MEDIUM,5.18,MEDIUM,3.49
CLG0041,107,6.67,6.53,6,No,7,8,0,No,4.13,4.51,4.58,MEDIUM,5.42,MEDIUM,3.49
CLG0051,98,6.04,6.32,9,Yes,10,2,2,No,4.59,4.04,4.43,MEDIUM,5.57,MEDIUM,3.96
CLG0084,87,9.0,9.15,1,No,7,6,4,No,5.78,6.82,5.83,MEDIUM,4.17,MEDIUM,1.18
CLG0067,77,8.12,7.85,6,Yes,8,3,3,No,5.96,4.89,4.96,MEDIUM,5.04,MEDIUM,3.11
CLG0012,93,7.34,6.99,2,Yes,5,9,0,No,3.53,4.56,4.12,LOW,5.88,HIGH,3.44
CLG0097,112,6.09,6.22,9,Yes,3,3,3,No,4.55,3.89,4.59,MEDIUM,5.41,MEDIUM,4.11
CLG0049,103,6.67,6.62,2,Yes,1,1,3,No,2.86,2.6,3.24,LOW,6.76,HIGH,5.4
CLG0001,81,9.8,9.47,3,No,4,9,0,No,7.16,4.36,5.29,MEDIUM,4.71,MEDIUM,3.64
CLG0019,102,7.6,7.43,2,Yes,5,8,5,No,4.01,8.11,5.89,MEDIUM,4.11,MEDIUM,0.0
CLG0066,105,7.0,6.8,4,Yes,6,2,2,No,3.86,3.24,3.93,LOW,6.07,HIGH,4.76
CLG0058,86,7.61,7.22,4,No,5,10,4,No,4.53,8.2,5.86,MEDIUM,4.14,MEDIUM,0.0
CLG0087,102,8.89,8.94,10,Yes,3,10,0,No,8.56,4.6,6.31,HIGH,3.69,LOW,3.4
CLG0072,100,6.7,6.96,1,Yes,3,3,1,No,2.79,2.29,3.04,LOW,6.96,HIGH,5.71
CLG0098,82,5.89,5.97,8,Yes,6,7,1,No,3.91,4.67,4.13,LOW,5.87,HIGH,3.33
CLG0004,105,7.92,8.25,5,Yes,0,6,3,No,5.8,4.62,5.26,MEDIUM,4.74,MEDIUM,3.38
CLG0008,108,8.33,7.96,8,No,2,8,1,No,6.84,4.31,5.61,MEDIUM,4.39,MEDIUM,3.69
CLG0027,116,8.56,8.5,6,Yes,9,10,3,Yes,6.7,8.2,7.24,HIGH,2.76,LOW,0.0
CLG0026,115,9.41,9.52,2,No,1,5,5,Yes,6.63,5.98,6.31,HIGH,3.69,LOW,2.02
CLG0097,79,6.86,7.04,7,No,1,5,5,No,4.95,5.98,5.02,MEDIUM,4.98,MEDIUM,2.02
CLG0043,85,5.38,5.58,10,No,6,2,5,No,3.99,5.64,4.6,MEDIUM,5.4,MEDIUM,2.36
CLG0040,107,9.79,10.0,9,No,4,6,5,No,9.54,7.02,7.75,HIGH,2.25,LOW,0.98
CLG0050,107,7.18,7.33,7,Yes,2,5,5,No,5.35,6.18,5.74,MEDIUM,4.26,MEDIUM,1.82
CLG0067,107,8.12,7.71,5,No,8,9,4,No,5.53,8.36,6.68,HIGH,3.32,LOW,0.0
CLG0073,157,8.33,8.53,4,No,8,3,0,No,5.92,2.49,5.35,MEDIUM,4.65,MEDIUM,5.51
CLG0074,108,7.73,7.95,8,No,2,5,0,No,6.47,2.18,4.61,MEDIUM,5.39,MEDIUM,5.82
CLG0029,117,6.03,6.52,6,No,1,3,4,No,3.74,4.29,4.51,MEDIUM,5.49,MEDIUM,3.71
CLG0085,114,8.78,8.97,5,Yes,2,9,3,Yes,6.85,6.36,6.53,HIGH,3.47,LOW,1.64
CLG0042,109,9.02,9.21,7,Yes,8,9,5,Yes,7.83,9.16,7.96,HIGH,2.04,LOW,0.0
CLG0018,95,7.76,7.77,3,Yes,7,10,2,No,4.69,7.0,5.6,MEDIUM,4.4,MEDIUM,1.0
CLG0081,111,7.44,7.81,9,No,2,7,1,No,6.53,3.87,5.36,MEDIUM,4.64,MEDIUM,4.13
CLG0021,88,5.57,6.07,4,No,3,1,5,No,2.46,4.6,3.63,LOW,6.37,HIGH,3.4
CLG0067,96,5.42,5.7,4,No,4,9,4,No,2.1,7.56,4.8,MEDIUM,5.2,MEDIUM,0.44
CLG0062,92,6.7,6.81,8,No,3,9,1,No,5.02,4.96,4.86,MEDIUM,5.14,MEDIUM,3.04
CLG0027,101,6.55,6.13,6,Yes,10,10,2,No,3.76,7.6,5.57,MEDIUM,4.43,MEDIUM,0.4
CLG0096,134,9.77,10.0,1,Yes,1,5,3,Yes,6.86,4.38,6.09,HIGH,3.91,LOW,3.62
CLG0093,71,8.92,9.13,2,No,10,2,5,No,6.05,6.44,5.51,MEDIUM,4.49,MEDIUM,1.56
CLG0047,110,8.3,8.58,9,No,8,1,1,No,7.61,2.4,5.18,MEDIUM,4.82,MEDIUM,5.6
CLG0093,75,7.59,7.21,6,No,1,2,3,No,5.18,3.04,3.87,LOW,6.13,HIGH,4.96
CLG0026,92,5.84,5.99,7,Yes,4,4,5,No,3.57,6.13,4.75,MEDIUM,5.25,MEDIUM,1.87
CLG0009,116,9.89,9.69,9,No,10,4,2,Yes,9.37,4.93,7.0,HIGH,3.0,LOW,3.07
CLG0091,100,6.88,7.14,3,Yes,8,1,3,No,3.7,4.0,4.09,LOW,5.91,HIGH,4.0
CLG0012,83,5.53,5.27,5,Yes,7,8,2,No,2.19,6.11,4.04,LOW,5.96,HIGH,1.89
CLG0016,89,7.47,7.65,5,Yes,0,10,0,No,5.09,4.0,4.46,MEDIUM,5.54,MEDIUM,4.0
CLG0047,110,9.37,9.16,10,No,2,8,1,No,9.01,4.31,6.51,HIGH,3.49,LOW,3.69
CLG0056,89,9.44,8.95,7,Yes,9,8,1,No,7.89,5.71,6.26,HIGH,3.74,LOW,2.29
CLG0066,103,5.05,5.18,2,Yes,8,5,2,No,0.83,4.98,3.38,LOW,6.62,HIGH,3.02
CLG0051,100,9.43,9.04,4,No,2,10,2,Yes,6.95,6.0,6.19,HIGH,3.81,LOW,2.0
CLG0027,90,6.36,6.52,4,No,10,2,4,No,3.27,5.64,4.4,MEDIUM,5.6,MEDIUM,2.36
CLG0073,132,5.19,5.62,8,Yes,3,4,2,No,3.24,3.53,4.26,MEDIUM,5.74,HIGH,4.47
CLG0066,109,9.24,9.71,10,Yes,2,1,2,No,9.33,2.0,5.69,MEDIUM,4.31,MEDIUM,6.0
CLG0062,69,9.32,9.06,3,No,6,10,3,Yes,6.57,7.6,6.15,HIGH,3.85,LOW,0.4
CLG0071,102,7.98,8.29,2,No,8,1,3,No,4.87,4.0,4.59,MEDIUM,5.41,MEDIUM,4.0
CLG0008,90,7.87,7.72,9,No,3,10,1,No,6.72,5.4,5.69,MEDIUM,4.31,MEDIUM,2.6
CLG0038,112,9.07,9.47,4,No,8,3,3,Yes,7.05,4.89,5.99,HIGH,4.01,LOW,3.11
CLG0006,88,8.93,9.22,9,Yes,1,4,3,No,8.45,3.93,5.76,MEDIUM,4.24,MEDIUM,4.07
CLG0059,98,9.45,9.02,6,No,1,3,1,No,7.62,1.89,4.78,MEDIUM,5.22,MEDIUM,6.11
CLG0019,107,7.76,7.67,1,No,8,3,5,No,3.95,6.49,5.3,MEDIUM,4.7,MEDIUM,1.51
CLG0079,112,9.84,9.68,3,No,6,8,0,Yes,7.34,4.31,5.87,MEDIUM,4.13,MEDIUM,3.69
CLG0056,81,9.98,10.0,7,No,4,4,4,No,8.99,5.33,6.41,HIGH,3.59,LOW,2.67
CLG0028,94,5.58,5.49,9,Yes,4,3,3,No,3.71,4.09,4.03,LOW,5.97,HIGH,3.91
CLG0094,92,9.25,9.43,8,Yes,8,9,0,No,8.47,5.16,6.32,HIGH,3.68,LOW,2.84
CLG0091,90,7.5,7.6,5,Yes,10,1,4,No,5.08,5.2,4.95,MEDIUM,5.05,MEDIUM,2.8
CLG0010,126,6.94,7.42,8,Yes,3,8,1,No,5.61,4.51,5.5,MEDIUM,4.5,MEDIUM,3.49
CLG0045,106,8.07,8.51,2,No,10,5,3,No,5.08,6.18,5.62,MEDIUM,4.38,MEDIUM,1.82
CLG0095,81,5.28,5.21,3,No,0,8,5,No,1.33,7.11,4.06,LOW,5.94,HIGH,0.89
CLG0065,113,7.53,7.75,8,No,5,10,3,Yes,6.2,7.4,6.67,HIGH,3.33,LOW,0.6
CLG0050,131,9.35,9.68,9,Yes,2,3,2,Yes,9.04,2.89,6.31,HIGH,3.69,LOW,5.11
CLG0032,115,6.07,6.47,10,No,1,6,3,No,5.06,4.82,5.22,MEDIUM,4.78,MEDIUM,3.18
CLG0061,77,7.13,6.7,8,Yes,3,7,3,No,5.19,5.67,4.96,MEDIUM,5.04,MEDIUM,2.33
CLG0016,92,9.7,9.5,4,Yes,8,8,0,No,7.45,4.71,5.74,MEDIUM,4.26,MEDIUM,3.29
CLG0006,119,7.14,6.96,6,No,7,7,0,No,4.72,4.07,4.85,MEDIUM,5.15,MEDIUM,3.93
CLG0066,89,6.79,6.72,5,Yes,6,7,3,No,4.0,6.27,4.93,MEDIUM,5.07,MEDIUM,1.73
CLG0062,106,7.2,6.87,4,No,1,2,5,No,4.03,4.64,4.58,MEDIUM,5.42,MEDIUM,3.36
CLG0066,111,7.6,7.6,9,Yes,0,3,4,No,6.47,4.09,5.42,MEDIUM,4.58,MEDIUM,3.91
CLG0067,86,8.16,8.32,10,No,6,6,1,No,7.67,4.22,5.53,MEDIUM,4.47,MEDIUM,3.78
CLG0019,99,9.0,9.0,3,No,9,3,5,No,6.33,6.69,6.2,HIGH,3.8,LOW,1.31
CLG0004,51,7.26,7.43,1,No,4,9,0,No,3.47,4.36,3.3,LOW,6.7,HIGH,3.64
CLG0043,84,9.09,8.66,7,No,10,9,5,Yes,7.47,9.56,7.55,HIGH,2.45,LOW,0.0
CLG0018,96,7.67,8.05,10,Yes,7,6,5,No,7.17,7.62,6.86,HIGH,3.14,LOW,0.38
CLG0082,81,6.69,7.13,8,Yes,4,1,4,No,5.24,4.0,4.38,MEDIUM,5.62,MEDIUM,4.0
CLG0046,124,8.29,8.41,3,No,9,1,5,Yes,5.48,5.8,5.93,HIGH,4.07,MEDIUM,2.2
CLG0046,78,8.59,8.97,3,No,4,4,3,No,6.07,4.53,4.87,MEDIUM,5.13,MEDIUM,3.47
CLG0085,93,7.79,7.42,6,No,7,10,2,No,5.45,7.0,5.87,MEDIUM,4.13,MEDIUM,1.0
CLG0021,101,5.28,5.58,2,No,8,8,0,No,1.26,4.71,3.41,LOW,6.59,HIGH,3.29
CLG0030,121,5.85,5.47,6,No,1,3,5,No,2.86,5.09,4.55,MEDIUM,5.45,MEDIUM,2.91
CLG0064,78,6.43,6.34,5,No,7,4,0,No,3.51,2.73,3.13,LOW,6.87,HIGH,5.27
CLG0041,117,6.41,6.23,7,No,6,6,2,No,4.08,5.02,4.94,MEDIUM,5.06,MEDIUM,2.98
CLG0017,100,8.37,8.46,9,No,7,9,3,Yes,7.56,7.36,6.98,HIGH,3.02,LOW,0.64
CLG0005,85,5.09,4.89,9,No,2,4,0,No,2.98,1.73,2.64,LOW,7.36,HIGH,6.27
CLG0005,106,8.78,8.92,1,No,3,3,3,No,5.48,3.89,4.86,MEDIUM,5.14,MEDIUM,4.11
CLG0073,102,6.33,6.2,7,No,6,10,4,No,4.01,8.4,6.01,HIGH,3.99,LOW,0.0
CLG0075,90,6.55,6.91,3,No,4,10,0,No,3.33,4.8,4.09,LOW,5.91,HIGH,3.2
CLG0048,101,7.64,7.77,4,Yes,6,9,3,No,4.95,7.16,5.87,MEDIUM,4.13,MEDIUM,0.84
CLG0078,94,6.08,5.8,2,Yes,5,7,4,No,1.9,6.87,4.41,MEDIUM,5.59,MEDIUM,1.13
CLG0038,101,9.42,9.26,1,No,3,9,5,Yes,6.11,8.16,6.73,HIGH,3.27,LOW,0.0
CLG0006,109,5.43,5.78,10,Yes,1,10,0,No,4.17,4.2,4.51,MEDIUM,5.49,MEDIUM,3.8
CLG0058,123,7.22,7.11,3,Yes,5,6,1,No,3.88,4.02,4.56,MEDIUM,5.44,MEDIUM,3.98
CLG0014,81,9.25,9.29,10,No,5,4,3,No,9.03,4.73,6.19,HIGH,3.81,LOW,3.27
CLG0072,131,8.08,8.23,9,No,5,5,4,Yes,7.22,5.98,6.82,HIGH,3.18,LOW,2.02
CLG0094,70,6.46,6.31,1,Yes,0,10,5,No,2.17,8.0,4.56,MEDIUM,5.44,MEDIUM,0.0
CLG0059,97,7.1,6.89,3,No,5,2,1,No,3.65,2.24,3.31,LOW,6.69,HIGH,5.76
CLG0065,108,8.53,8.51,5,Yes,1,3,3,No,6.36,3.49,5.09,MEDIUM,4.91,MEDIUM,4.51
CLG0089,104,9.87,9.58,3,No,9,5,0,No,7.28,3.58,5.42,MEDIUM,4.58,MEDIUM,4.42
CLG0013,90,9.47,9.25,4,No,4,3,5,No,7.13,5.69,5.97,HIGH,4.03,LOW,2.31
CLG0027,96,6.71,6.27,4,No,6,3,3,No,3.29,4.49,4.05,LOW,5.95,HIGH,3.51
CLG0025,92,9.99,9.79,1,Yes,9,9,4,Yes,6.84,8.56,7.03,HIGH,2.97,LOW,0.0
CLG0056,91,5.02,4.84,6,Yes,0,4,0,No,1.9,1.33,2.15,LOW,7.85,HIGH,6.67
CLG0068,112,5.14,5.6,7,Yes,4,4,0,No,2.86,2.13,3.21,LOW,6.79,HIGH,5.87
CLG0059,105,9.12,9.21,7,Yes,8,1,5,No,7.89,5.6,6.49,HIGH,3.51,LOW,2.4
CLG0095,89,6.0,6.29,6,No,2,7,0,No,3.55,3.07,3.47,LOW,6.53,HIGH,4.93
CLG0049,113,5.3,4.85,7,No,1,10,2,Yes,2.41,5.8,4.51,MEDIUM,5.49,MEDIUM,2.2
CLG0018,104,6.19,5.8,3,Yes,9,9,4,No,2.3,8.56,5.42,MEDIUM,4.58,MEDIUM,0.0
CLG0081,112,7.13,7.44,5,Yes,1,8,1,No,4.74,4.11,4.75,MEDIUM,5.25,MEDIUM,3.89
CLG0075,109,8.65,8.77,7,Yes,2,2,0,No,7.29,0.84,4.41,MEDIUM,5.59,MEDIUM,7.16
CLG0076,87,8.12,7.81,10,No,0,6,4,No,7.27,5.42,5.86,MEDIUM,4.14,MEDIUM,2.58
CLG0003,91,6.19,6.09,5,Yes,1,10,2,No,3.18,5.8,4.45,MEDIUM,5.55,MEDIUM,2.2
CLG0079,111,7.52,7.56,10,Yes,5,10,2,Yes,6.72,6.6,6.52,HIGH,3.48,LOW,1.4
CLG0057,109,9.63,9.97,2,Yes,7,5,5,No,7.09,7.18,6.87,HIGH,3.13,LOW,0.82
CLG0006,99,9.08,8.64,6,No,3,8,0,No,7.12,3.71,5.32,MEDIUM,4.68,MEDIUM,4.29
CLG0069,101,6.62,6.72,7,Yes,1,1,4,No,4.57,3.4,4.21,LOW,5.79,HIGH,4.6
CLG0031,119,9.91,10.0,2,No,4,9,2,Yes,7.28,5.96,6.63,HIGH,3.37,LOW,2.04
CLG0008,91,8.54,9.02,10,No,2,9,0,No,8.41,3.96,5.8,MEDIUM,4.2,MEDIUM,4.04
CLG0010,108,5.31,5.62,8,Yes,4,7,5,No,3.31,7.47,5.46,MEDIUM,4.54,MEDIUM,0.53
CLG0003,96,5.18,4.96,5,Yes,2,8,3,No,1.75,5.91,4.0,LOW,6.0,HIGH,2.09
CLG0012,96,5.84,6.05,8,No,10,9,3,No,3.94,7.96,5.7,MEDIUM,4.3,MEDIUM,0.04
CLG0092,116,8.64,8.9,3,No,3,5,3,Yes,6.04,4.78,5.61,MEDIUM,4.39,MEDIUM,3.22
CLG0076,112,5.92,6.15,2,Yes,4,2,1,No,2.06,2.04,2.85,LOW,7.15,HIGH,5.96
CLG0094,112,7.56,7.88,7,Yes,6,1,4,No,5.98,4.4,5.37,MEDIUM,4.63,MEDIUM,3.6
CLG0019,119,5.47,5.87,5,Yes,1,5,5,No,2.59,5.98,4.76,MEDIUM,5.24,MEDIUM,2.02
CLG0021,100,9.6,9.2,5,No,5,8,3,Yes,7.51,6.51,6.62,HIGH,3.38,LOW,1.49
CLG0081,110,6.72,6.32,8,No,5,10,2,No,4.67,6.6,5.69,MEDIUM,4.31,MEDIUM,1.4
CLG0014,95,9.54,9.84,9,No,5,4,1,No,9.27,3.13,5.88,MEDIUM,4.12,MEDIUM,4.87
CLG0075,104,9.72,9.47,8,Yes,6,4,3,No,8.78,4.93,6.56,HIGH,3.44,LOW,3.07
CLG0029,98,5.03,4.59,10,No,10,4,0,No,3.05,3.33,3.53,LOW,6.47,HIGH,4.67
CLG0007,101,7.32,7.22,2,No,2,8,2,No,3.69,5.11,4.55,MEDIUM,5.45,MEDIUM,2.89
CLG0049,108,5.12,5.44,10,Yes,4,7,1,No,3.73,4.27,4.35,MEDIUM,5.65,MEDIUM,3.73
CLG0065,87,9.54,9.17,7,No,8,1,1,No,8.12,2.4,4.99,MEDIUM,5.01,MEDIUM,5.6
CLG0007,131,7.59,7.76,5,No,8,10,2,Yes,5.25,7.2,6.52,HIGH,3.48,LOW,0.8
CLG0014,84,5.37,4.87,7,Yes,6,6,3,No,2.46,5.82,4.05,LOW,5.95,HIGH,2.18
CLG0016,81,5.55,5.16,3,Yes,8,4,5,No,1.45,6.93,4.04,LOW,5.96,HIGH,1.07
CLG0099,117,6.92,6.77,4,Yes,2,2,5,No,3.79,4.84,4.75,MEDIUM,5.25,MEDIUM,3.16
CLG0016,111,9.7,9.28,7,No,6,3,0,No,8.29,2.09,5.35,MEDIUM,4.65,MEDIUM,5.91
CLG0085,109,8.46,8.81,2,No,0,4,0,No,5.54,1.33,3.91,LOW,6.09,HIGH,6.67
CLG0013,109,9.34,9.7,2,No,6,10,5,Yes,6.72,9.2,7.53,HIGH,2.47,LOW,0.0
CLG0082,99,6.83,7.09,1,Yes,2,7,5,No,2.97,7.07,5.01,MEDIUM,4.99,MEDIUM,0.93
CLG0029,86,5.22,4.96,1,No,2,1,0,No,0.44,0.4,1.11,LOW,8.89,HIGH,7.6
CLG0085,101,9.87,9.89,1,Yes,6,1,1,No,6.84,2.0,4.56,MEDIUM,5.44,MEDIUM,6.0
CLG0073,89,5.09,4.77,6,Yes,7,3,3,No,1.89,4.69,3.45,LOW,6.55,HIGH,3.31
CLG0095,114,9.74,9.52,5,Yes,3,2,5,Yes,7.83,5.04,6.4,HIGH,3.6,LOW,2.96
CLG0061,97,6.84,6.86,10,Yes,0,3,5,No,5.8,4.89,5.23,MEDIUM,4.77,MEDIUM,3.11
CLG0037,87,5.05,5.29,8,No,4,3,2,No,2.91,3.29,3.27,LOW,6.73,HIGH,4.71
CLG0017,95,8.45,8.04,5,Yes,9,1,4,No,5.97,5.0,5.31,MEDIUM,4.69,MEDIUM,3.0
CLG0031,106,9.9,9.7,1,Yes,3,6,0,No,6.72,2.82,4.93,MEDIUM,5.07,MEDIUM,5.18
CLG0059,91,9.83,10.0,8,No,8,8,2,Yes,9.23,6.31,7.07,HIGH,2.93,LOW,1.69
CLG0088,87,5.8,5.73,6,No,2,5,5,No,3.02,6.18,4.47,MEDIUM,5.53,MEDIUM,1.82
CLG0047,103,5.91,6.35,8,Yes,3,1,5,No,4.21,4.6,4.58,MEDIUM,5.42,MEDIUM,3.4
CLG0006,103,7.83,8.32,2,Yes,9,10,2,Yes,4.8,7.4,5.94,HIGH,4.06,LOW,0.6
CLG0032,92,8.19,8.22,10,Yes,2,7,5,No,7.61,7.07,6.74,HIGH,3.26,LOW,0.93
CLG0031,92,8.7,8.49,8,No,2,10,0,No,7.45,4.4,5.61,MEDIUM,4.39,MEDIUM,3.6
CLG0018,103,5.91,6.2,6,No,6,9,4,No,3.43,7.96,5.62,MEDIUM,4.38,MEDIUM,0.04
CLG0009,78,9.8,9.46,1,No,4,7,1,No,6.48,4.27,4.93,MEDIUM,5.07,MEDIUM,3.73
CLG0003,78,8.19,7.94,1,Yes,4,9,1,No,4.4,5.16,4.46,MEDIUM,5.54,MEDIUM,2.84
CLG0071,89,9.24,9.52,10,No,3,10,3,Yes,9.19,7.0,7.3,HIGH,2.7,LOW,1.0
CLG0026,96,7.7,7.63,5,No,9,9,5,No,5.22,9.36,6.77,HIGH,3.23,LOW,0.0
CLG0013,104,7.07,6.77,7,Yes,7,2,1,No,4.88,2.64,4.08,LOW,5.92,HIGH,5.36
CLG0034,122,9.89,10.0,4,No,0,8,2,Yes,7.93,4.71,6.44,HIGH,3.56,LOW,3.29
CLG0043,112,7.91,8.14,10,No,10,7,1,No,7.38,5.47,6.35,HIGH,3.65,LOW,2.53
CLG0093,97,9.33,8.96,5,No,8,7,3,No,7.17,6.67,6.49,HIGH,3.51,LOW,1.33
CLG0033,99,9.77,9.55,10,No,10,2,2,No,9.53,4.04,6.42,HIGH,3.58,LOW,3.96
CLG0069,84,8.38,8.1,3,No,8,1,2,No,5.3,3.2,4.14,LOW,5.86,HIGH,4.8
CLG0036,99,7.74,7.62,2,No,10,4,4,No,4.23,6.53,5.3,MEDIUM,4.7,MEDIUM,1.47
CLG0079,95,5.02,5.28,2,No,4,7,5,No,0.89,7.47,4.27,MEDIUM,5.73,MEDIUM,0.53
CLG0074,104,5.2,5.41,5,No,0,6,0,No,2.09,2.22,2.8,LOW,7.2,HIGH,5.78
CLG0068,87,6.0,6.16,4,Yes,1,10,0,No,2.79,4.2,3.58,LOW,6.42,HIGH,3.8
CLG0047,107,5.93,5.44,2,No,1,2,0,No,1.55,0.64,2.0,LOW,8.0,HIGH,7.36
CLG0061,122,6.27,5.91,5,Yes,5,7,3,No,3.1,6.07,5.05,MEDIUM,4.95,MEDIUM,1.93
CLG0045,98,6.52,6.24,10,Yes,9,10,1,No,5.16,6.6,5.68,MEDIUM,4.32,MEDIUM,1.4
CLG0096,106,6.8,6.57,9,No,8,9,0,No,5.23,5.16,5.27,MEDIUM,4.73,MEDIUM,2.84
CLG0088,110,7.1,6.75,8,No,2,2,1,No,5.21,1.64,3.92,LOW,6.08,HIGH,6.36
CLG0084,93,5.49,5.4,9,No,7,10,0,No,3.59,5.4,4.48,MEDIUM,5.52,MEDIUM,2.6
CLG0048,103,5.21,4.79,9,No,1,5,4,No,2.98,5.18,4.32,MEDIUM,5.68,MEDIUM,2.82
CLG0041,100,8.37,8.62,8,No,4,2,1,No,7.34,2.04,4.76,MEDIUM,5.24,MEDIUM,5.96
CLG0038,101,7.69,7.98,9,No,3,1,3,No,6.8,3.0,4.95,MEDIUM,5.05,MEDIUM,5.0
CLG0068,88,7.22,7.29,4,No,4,7,5,No,4.35,7.47,5.53,MEDIUM,4.47,MEDIUM,0.53
CLG0075,100,8.17,7.76,8,Yes,3,2,5,No,6.59,5.04,5.66,MEDIUM,4.34,MEDIUM,2.96
CLG0011,107,9.14,9.53,2,No,0,6,3,No,6.47,4.62,5.56,MEDIUM,4.44,MEDIUM,3.38
CLG0016,121,7.14,7.61,9,No,0,7,1,No,6.2,3.47,5.24,MEDIUM,4.76,MEDIUM,4.53
CLG0065,114,8.21,7.91,9,No,5,1,5,No,7.06,5.0,6.07,HIGH,3.93,LOW,3.0
CLG0097,132,9.77,9.97,3,No,7,9,3,Yes,7.51,7.36,7.5,HIGH,2.5,LOW,0.64
CLG0071,88,9.2,9.54,6,No,6,6,2,No,7.85,5.02,5.95,HIGH,4.05,LOW,2.98
CLG0067,113,7.13,7.17,7,Yes,3,2,3,No,5.2,3.44,4.69,MEDIUM,5.31,MEDIUM,4.56
CLG0071,102,8.22,8.04,3,Yes,4,1,4,No,5.16,4.0,4.71,MEDIUM,5.29,MEDIUM,4.0
CLG0001,132,5.89,5.87,5,No,7,1,4,No,2.84,4.6,4.53,MEDIUM,5.47,MEDIUM,3.4
CLG0097,87,7.8,7.81,1,No,5,2,1,No,4.08,2.24,3.31,LOW,6.69,HIGH,5.76
CLG0071,87,9.91,9.81,3,Yes,7,9,3,Yes,7.47,7.36,6.72,HIGH,3.28,LOW,0.64
CLG0004,91,7.59,8.02,8,No,5,2,1,No,6.44,2.24,4.33,MEDIUM,5.67,MEDIUM,5.76
CLG0082,68,9.64,9.88,3,No,7,1,0,No,7.36,1.4,3.97,LOW,6.03,HIGH,6.6
CLG0037,92,7.04,6.78,8,Yes,3,4,2,No,5.2,3.53,4.36,MEDIUM,5.64,MEDIUM,4.47
CLG0014,88,9.99,10.0,9,No,9,9,1,No,9.66,6.16,7.13,HIGH,2.87,LOW,1.84
CLG0079,102,7.9,8.09,6,Yes,1,8,1,No,6.01,4.11,5.09,MEDIUM,4.91,MEDIUM,3.89
CLG0025,105,5.21,4.85,7,No,2,7,1,No,2.35,3.87,3.58,LOW,6.42,HIGH,4.13
CLG0082,128,7.93,7.79,6,No,4,8,5,Yes,5.81,7.91,6.98,HIGH,3.02,LOW,0.09
CLG0004,114,6.37,6.78,8,No,3,2,1,No,4.8,1.84,3.9,LOW,6.1,HIGH,6.16
CLG0066,91,5.16,5.23,7,No,4,5,5,No,2.6,6.58,4.53,MEDIUM,5.47,MEDIUM,1.42
CLG0043,86,9.1,8.82,10,No,0,7,4,No,8.6,5.87,6.56,HIGH,3.44,LOW,2.13
CLG0026,107,6.38,6.0,1,No,0,1,2,No,1.9,1.6,2.53,LOW,7.47,HIGH,6.4
CLG0084,80,8.98,9.0,3,Yes,1,6,0,No,6.32,2.42,4.16,LOW,5.84,HIGH,5.58
CLG0015,127,6.44,6.49,3,No,10,7,2,No,2.96,6.27,5.16,MEDIUM,4.84,MEDIUM,1.73
CLG0006,117,5.97,5.8,3,No,1,8,1,No,2.17,4.11,3.81,LOW,6.19,HIGH,3.89
CLG0037,92,9.87,10.0,4,Yes,7,5,4,No,7.92,6.38,6.59,HIGH,3.41,LOW,1.62
CLG0043,74,6.81,6.38,1,No,9,8,0,No,2.43,4.91,3.5,LOW,6.5,HIGH,3.09
CLG0042,120,8.01,7.66,2,Yes,3,10,5,Yes,4.43,8.6,6.56,HIGH,3.44,LOW,0.0
CLG0013,98,8.05,8.1,5,No,5,1,1,No,5.77,1.8,4.0,LOW,6.0,HIGH,6.2
CLG0016,118,7.8,7.36,6,Yes,1,4,5,No,5.41,5.53,5.69,MEDIUM,4.31,MEDIUM,2.47
CLG0042,76,9.57,9.95,9,Yes,0,6,1,No,9.37,3.02,5.55,MEDIUM,4.45,MEDIUM,4.98
CLG0038,91,8.37,8.01,2,No,6,4,3,No,4.9,4.93,4.79,MEDIUM,5.21,MEDIUM,3.07
CLG0066,100,7.02,7.19,9,No,3,5,2,No,5.82,3.98,4.93,MEDIUM,5.07,MEDIUM,4.02
CLG0065,100,9.31,9.2,7,No,3,2,2,No,8.0,2.64,5.26,MEDIUM,4.74,MEDIUM,5.36
CLG0005,93,5.91,5.81,9,No,1,7,2,No,4.14,4.47,4.33,MEDIUM,5.67,MEDIUM,3.53
CLG0030,109,7.72,7.98,4,Yes,8,9,3,No,5.15,7.56,6.25,HIGH,3.75,LOW,0.44
CLG0095,83,9.75,9.75,7,Yes,1,7,4,No,8.67,6.07,6.61,HIGH,3.39,LOW,1.93
CLG0043,97,8.13,8.36,1,Yes,4,1,4,No,4.68,4.0,4.43,MEDIUM,5.57,MEDIUM,4.0
CLG0032,101,9.08,9.09,8,No,5,2,4,No,8.11,4.64,6.13,HIGH,3.87,LOW,3.36
CLG0067,107,8.27,8.36,7,Yes,2,8,5,Yes,6.76,7.51,6.84,HIGH,3.16,LOW,0.49
CLG0067,110,9.2,9.46,7,No,10,1,0,No,8.12,2.0,5.23,MEDIUM,4.77,MEDIUM,6.0
CLG0042,83,9.72,9.83,2,Yes,2,2,3,No,7.04,3.24,4.83,MEDIUM,5.17,MEDIUM,4.76
CLG0005,76,6.36,6.48,10,Yes,5,5,3,No,5.24,5.18,4.77,MEDIUM,5.23,MEDIUM,2.82
CLG0099,119,5.85,6.14,9,Yes,4,6,4,No,4.35,6.22,5.56,MEDIUM,4.44,MEDIUM,1.78
CLG0086,104,7.42,7.87,8,No,4,1,4,No,6.22,4.0,5.16,MEDIUM,4.84,MEDIUM,4.0
CLG0096,88,8.51,8.39,1,Yes,4,1,4,No,4.93,4.0,4.38,MEDIUM,5.62,MEDIUM,4.0
CLG0059,123,6.14,6.22,1,Yes,8,2,3,No,1.91,4.44,3.94,LOW,6.06,HIGH,3.56
CLG0023,101,5.02,4.61,5,No,7,3,4,No,1.4,5.49,3.78,LOW,6.22,HIGH,2.51
CLG0008,117,6.71,6.57,2,Yes,3,9,2,Yes,2.85,5.76,4.74,MEDIUM,5.26,MEDIUM,2.24
CLG0068,101,9.84,9.75,1,No,5,3,4,No,6.72,5.09,5.75,MEDIUM,4.25,MEDIUM,2.91
CLG0070,130,8.47,8.81,10,No,4,8,2,Yes,8.21,5.51,7.01,HIGH,2.99,LOW,2.49
CLG0091,126,7.01,7.02,8,Yes,10,6,1,No,5.36,5.02,5.6,MEDIUM,4.4,MEDIUM,2.98
CLG0019,96,5.96,6.19,4,No,5,10,1,No,2.78,5.8,4.37,MEDIUM,5.63,MEDIUM,2.2
CLG0044,114,6.78,6.3,2,No,10,5,3,No,2.69,6.18,4.8,MEDIUM,5.2,MEDIUM,1.82
CLG0093,109,5.85,5.81,5,No,7,9,0,No,2.77,4.96,4.25,LOW,5.75,HIGH,3.04
CLG0038,120,5.53,5.93,6,Yes,5,8,5,Yes,3.0,8.11,5.79,MEDIUM,4.21,MEDIUM,0.0
CLG0044,85,9.53,9.25,8,Yes,5,3,1,No,8.5,2.69,5.23,MEDIUM,4.77,MEDIUM,5.31
CLG0006,110,9.99,9.52,7,No,1,7,3,No,8.64,5.27,6.74,HIGH,3.26,LOW,2.73
CLG0003,115,5.82,5.75,7,Yes,6,4,3,No,3.38,4.93,4.59,MEDIUM,5.41,MEDIUM,3.07
CLG0096,73,5.27,5.47,1,No,2,8,2,No,0.84,5.11,2.93,LOW,7.07,HIGH,2.89
CLG0080,82,6.65,6.6,3,No,6,7,2,No,3.17,5.47,4.16,LOW,5.84,HIGH,2.53
CLG0033,69,7.31,7.27,3,Yes,4,3,4,No,4.05,4.89,4.05,LOW,5.95,HIGH,3.11
CLG0066,95,6.02,6.19,7,No,3,7,5,No,3.82,7.27,5.36,MEDIUM,4.64,MEDIUM,0.73
CLG0058,110,6.51,6.26,2,Yes,9,6,1,No,2.5,4.82,4.11,LOW,5.89,HIGH,3.18
CLG0026,122,6.0,6.25,10,Yes,0,6,2,No,4.85,3.82,4.85,MEDIUM,5.15,MEDIUM,4.18
CLG0099,101,8.87,8.52,7,No,7,10,0,No,7.24,5.4,6.08,HIGH,3.92,LOW,2.6
CLG0028,124,8.56,8.46,9,Yes,1,3,5,Yes,7.67,5.09,6.52,HIGH,3.48,LOW,2.91
CLG0043,79,8.17,8.33,1,No,9,4,3,No,4.68,5.53,4.73,MEDIUM,5.27,MEDIUM,2.47
CLG0075,74,6.94,7.27,2,No,7,4,5,No,3.5,6.73,4.66,MEDIUM,5.34,MEDIUM,1.27
CLG0088,99,9.55,9.84,6,No,6,6,4,No,8.28,6.62,6.95,HIGH,3.05,LOW,1.38
CLG0016,105,9.85,10.0,2,No,2,9,2,Yes,7.24,5.56,6.21,HIGH,3.79,LOW,2.44
CLG0089,99,5.87,5.73,2,Yes,10,5,2,No,1.73,5.38,3.84,LOW,6.16,HIGH,2.62
CLG0023,68,6.12,5.74,5,No,6,8,2,No,2.88,5.91,3.98,LOW,6.02,HIGH,2.09
CLG0059,98,7.63,7.35,7,No,0,5,5,No,5.64,5.78,5.54,MEDIUM,4.46,MEDIUM,2.22
CLG0035,80,5.46,5.82,4,Yes,4,6,1,No,2.21,3.82,3.08,LOW,6.92,HIGH,4.18
CLG0089,110,7.18,7.54,6,Yes,1,6,5,No,5.17,6.42,5.82,MEDIUM,4.18,MEDIUM,1.58
CLG0041,105,7.91,8.36,3,No,1,4,2,No,5.21,3.13,4.43,MEDIUM,5.57,MEDIUM,4.87
CLG0097,85,7.61,7.19,4,Yes,2,10,5,No,4.51,8.4,5.92,MEDIUM,4.08,MEDIUM,0.0
CLG0022,92,6.65,6.69,4,No,6,10,3,No,3.57,7.6,5.34,MEDIUM,4.66,MEDIUM,0.4
CLG0074,84,7.71,7.86,4,No,1,5,2,No,5.06,3.58,4.19,LOW,5.81,HIGH,4.42
CLG0001,99,9.79,10.0,1,Yes,3,4,5,No,6.87,5.93,6.11,HIGH,3.89,LOW,2.07
CLG0046,114,6.03,6.17,4,No,3,2,0,No,2.81,1.04,2.79,LOW,7.21,HIGH,6.96
CLG0022,85,8.27,8.54,4,Yes,0,2,2,No,5.89,2.04,3.92,LOW,6.08,HIGH,5.96
CLG0032,107,5.22,5.08,6,Yes,6,8,4,No,2.19,7.51,5.01,MEDIUM,4.99,MEDIUM,0.49
CLG0087,92,5.33,5.01,9,No,3,4,4,No,3.21,5.13,4.21,LOW,5.79,HIGH,2.87
CLG0030,88,7.76,7.46,10,Yes,0,9,0,No,6.8,3.56,4.95,MEDIUM,5.05,MEDIUM,4.44
CLG0087,98,5.52,5.03,6,No,2,6,4,No,2.34,5.82,4.24,LOW,5.76,HIGH,2.18
CLG0043,84,5.11,4.96,6,No,7,5,1,No,2.04,3.98,3.14,LOW,6.86,HIGH,4.02
CLG0012,91,5.86,5.45,7,No,3,7,3,No,3.18,5.67,4.39,MEDIUM,5.61,MEDIUM,2.33
CLG0083,82,7.82,7.64,7,Yes,0,6,3,No,5.96,4.62,4.93,MEDIUM,5.07,MEDIUM,3.38
CLG0071,129,8.52,8.65,1,No,6,4,1,No,5.12,3.33,4.88,MEDIUM,5.12,MEDIUM,4.67
CLG0027,100,6.01,6.4,8,No,7,10,4,No,4.3,8.6,6.17,HIGH,3.83,LOW,0.0
CLG0026,89,8.34,8.68,1,No,4,9,0,No,5.04,4.36,4.58,MEDIUM,5.42,MEDIUM,3.64
CLG0018,103,5.91,5.66,9,Yes,8,6,0,No,4.03,3.82,4.2,LOW,5.8,HIGH,4.18
CLG0092,98,8.07,7.7,4,No,6,3,3,No,5.16,4.49,4.83,MEDIUM,5.17,MEDIUM,3.51
CLG0075,96,7.06,6.75,9,No,3,4,5,No,5.52,5.93,5.52,MEDIUM,4.48,MEDIUM,2.07
CLG0066,109,8.27,8.74,8,No,8,4,0,No,7.37,2.93,5.28,MEDIUM,4.72,MEDIUM,5.07
CLG0081,111,9.98,10.0,9,Yes,5,8,1,Yes,9.65,4.91,7.02,HIGH,2.98,LOW,3.09
CLG0061,92,9.69,9.37,6,Yes,10,5,3,No,8.02,6.18,6.55,HIGH,3.45,LOW,1.82
CLG0046,91,5.02,5.36,9,Yes,7,8,2,No,3.28,6.11,4.61,MEDIUM,5.39,MEDIUM,1.89
CLG0029,95,9.43,9.33,4,Yes,1,8,1,No,7.17,4.11,5.44,MEDIUM,4.56,MEDIUM,3.89
CLG0032,65,5.33,5.73,3,Yes,4,6,1,No,1.74,3.82,2.63,LOW,7.37,HIGH,4.18
CLG0015,77,9.77,9.53,3,No,2,5,0,No,7.18,2.18,4.36,MEDIUM,5.64,MEDIUM,5.82
CLG0060,120,6.41,6.3,8,No,4,2,5,No,4.47,5.24,5.23,MEDIUM,4.77,MEDIUM,2.76
CLG0082,124,6.91,6.91,2,Yes,7,1,0,No,3.22,1.4,3.27,LOW,6.73,HIGH,6.6
CLG0028,96,5.46,5.85,6,No,5,7,0,No,2.9,3.67,3.57,LOW,6.43,HIGH,4.33
CLG0027,108,5.56,5.93,9,Yes,0,10,2,No,4.02,5.6,4.99,MEDIUM,5.01,MEDIUM,2.4
CLG0041,104,8.63,8.7,9,No,6,10,1,No,7.89,6.0,6.63,HIGH,3.37,LOW,2.0
CLG0047,146,9.72,9.44,8,Yes,9,7,4,Yes,8.76,7.67,8.37,HIGH,1.63,LOW,0.33
CLG0033,116,8.05,7.95,8,Yes,0,2,3,No,6.66,2.84,5.08,MEDIUM,4.92,MEDIUM,5.16
CLG0044,98,8.58,9.06,1,Yes,0,3,0,No,5.46,0.89,3.51,LOW,6.49,HIGH,7.11
CLG0050,85,8.81,8.92,7,No,3,8,0,No,7.49,3.71,5.23,MEDIUM,4.77,MEDIUM,4.29
CLG0010,75,6.31,6.59,1,No,8,4,1,No,2.29,3.73,2.99,LOW,7.01,HIGH,4.27
CLG0024,103,5.23,5.18,9,No,7,5,2,No,3.27,4.78,4.28,MEDIUM,5.72,MEDIUM,3.22
CLG0034,88,5.01,5.04,3,No,9,7,0,No,1.04,4.47,3.01,LOW,6.99,HIGH,3.53
CLG0091,78,6.75,6.68,1,No,2,8,2,No,2.62,5.11,3.72,LOW,6.28,HIGH,2.89
CLG0020,90,6.21,6.41,8,No,5,1,2,No,4.43,2.6,3.65,LOW,6.35,HIGH,5.4
CLG0025,83,5.31,5.66,7,No,0,7,4,No,3.01,5.87,4.27,MEDIUM,5.73,MEDIUM,2.13
CLG0055,125,5.9,5.91,2,Yes,9,3,2,No,1.88,4.29,3.9,LOW,6.1,HIGH,3.71
CLG0090,113,5.62,5.6,7,Yes,0,5,4,No,3.15,4.98,4.48,MEDIUM,5.52,MEDIUM,3.02
CLG0043,99,9.57,9.41,5,No,5,1,3,No,7.64,3.4,5.41,MEDIUM,4.59,MEDIUM,4.6
CLG0053,122,5.7,5.38,7,No,4,3,2,No,3.04,3.29,3.92,LOW,6.08,HIGH,4.71
CLG0085,101,7.69,8.13,10,Yes,5,5,3,No,7.24,5.18,5.99,HIGH,4.01,LOW,2.82
CLG0050,87,7.97,7.79,7,No,8,1,2,No,6.16,3.2,4.53,MEDIUM,5.47,MEDIUM,4.8
CLG0055,122,7.72,8.02,2,Yes,4,2,4,Yes,4.51,4.44,4.96,MEDIUM,5.04,MEDIUM,3.56
CLG0013,108,5.5,5.72,2,No,1,3,4,No,1.5,4.29,3.46,LOW,6.54,HIGH,3.71
CLG0049,84,6.59,6.88,7,Yes,0,8,3,No,4.67,5.51,4.81,MEDIUM,5.19,MEDIUM,2.49
CLG0097,97,5.26,5.7,3,Yes,10,5,1,No,1.67,4.58,3.46,LOW,6.54,HIGH,3.42
CLG0010,86,6.98,7.1,4,No,1,5,1,No,4.06,2.78,3.51,LOW,6.49,HIGH,5.22
CLG0092,79,5.94,6.34,7,No,7,3,1,No,3.88,3.09,3.44,LOW,6.56,HIGH,4.91
CLG0097,113,7.81,7.48,2,No,0,9,2,Yes,4.17,5.16,4.96,MEDIUM,5.04,MEDIUM,2.84
CLG0011,128,8.46,8.59,2,No,5,9,1,Yes,5.38,5.36,5.78,MEDIUM,4.22,MEDIUM,2.64
CLG0078,79,7.66,7.93,9,No,4,2,3,No,6.75,3.64,4.81,MEDIUM,5.19,MEDIUM,4.36
CLG0084,108,7.17,6.94,1,No,9,8,1,No,3.06,5.71,4.65,MEDIUM,5.35,MEDIUM,2.29
CLG0100,90,6.94,7.18,3,Yes,10,1,3,No,3.76,4.4,4.1,LOW,5.9,HIGH,3.6
CLG0020,92,9.21,9.49,10,Yes,8,5,3,No,9.15,5.78,6.84,HIGH,3.16,LOW,2.22
CLG0072,91,6.1,6.43,4,No,3,7,5,No,3.04,7.27,4.98,MEDIUM,5.02,MEDIUM,0.73
CLG0079,87,8.67,8.48,5,No,4,8,2,Yes,6.42,5.51,5.56,MEDIUM,4.44,MEDIUM,2.49
CLG0097,100,8.79,8.97,3,No,4,8,5,Yes,6.19,7.91,6.65,HIGH,3.35,LOW,0.09
CLG0083,87,7.1,6.9,9,Yes,10,6,4,No,5.66,7.42,6.02,HIGH,3.98,LOW,0.58
CLG0048,104,6.49,6.73,5,No,1,7,2,No,3.83,4.47,4.4,MEDIUM,5.6,MEDIUM,3.53
CLG0076,99,7.35,7.31,7,No,10,4,2,No,5.44,4.93,5.14,MEDIUM,4.86,MEDIUM,3.07
CLG0017,96,5.47,5.57,7,Yes,1,10,0,No,3.04,4.2,3.84,LOW,6.16,HIGH,3.8
CLG0033,86,5.23,5.15,9,No,8,7,1,No,3.25,5.07,4.1,LOW,5.9,HIGH,2.93
CLG0020,91,5.56,5.22,2,No,2,7,1,No,1.17,3.87,2.87,LOW,7.13,HIGH,4.13
CLG0046,111,5.94,5.62,3,No,5,9,3,Yes,2.02,6.96,4.79,MEDIUM,5.21,MEDIUM,1.04
CLG0031,107,7.52,7.1,4,Yes,3,2,4,No,4.39,4.24,4.58,MEDIUM,5.42,MEDIUM,3.76
CLG0051,85,9.25,9.37,8,No,3,8,5,Yes,8.42,7.71,7.2,HIGH,2.8,LOW,0.29
CLG0083,101,6.18,6.53,1,Yes,4,9,1,No,2.17,5.16,3.96,LOW,6.04,HIGH,2.84
CLG0019,111,9.68,9.2,9,No,4,3,1,No,8.89,2.49,5.75,MEDIUM,4.25,MEDIUM,5.51
CLG0062,74,9.77,9.34,5,Yes,6,8,4,Yes,7.71,7.51,6.65,HIGH,3.35,LOW,0.49
CLG0044,108,9.79,9.75,4,No,6,1,1,No,7.69,2.0,5.02,MEDIUM,4.98,MEDIUM,6.0
CLG0077,90,9.19,9.43,8,No,0,10,0,No,8.43,4.0,5.81,MEDIUM,4.19,MEDIUM,4.0
CLG0038,108,6.82,6.48,9,No,5,5,1,No,5.18,3.58,4.65,MEDIUM,5.35,MEDIUM,4.42
CLG0049,88,5.36,5.13,3,No,3,1,0,No,1.31,0.6,1.57,LOW,8.43,HIGH,7.4
CLG0065,72,7.84,7.57,4,Yes,1,1,2,No,4.92,1.8,3.22,LOW,6.78,HIGH,6.2
CLG0011,75,7.79,7.69,1,Yes,5,6,2,No,3.98,4.82,4.1,LOW,5.9,HIGH,3.18
CLG0027,100,9.25,8.97,3,No,6,5,0,No,6.46,2.98,4.78,MEDIUM,5.22,MEDIUM,5.02
CLG0058,103,9.98,9.83,10,No,1,5,5,No,9.86,5.98,7.4,HIGH,2.6,LOW,2.02
CLG0064,86,7.54,7.77,5,No,1,2,5,No,5.22,4.64,4.71,MEDIUM,5.29,MEDIUM,3.36
CLG0065,109,6.73,6.84,8,No,9,10,3,No,5.06,8.2,6.47,HIGH,3.53,LOW,0.0
CLG0015,75,5.93,5.51,1,Yes,10,9,0,No,1.27,5.56,3.31,LOW,6.69,HIGH,2.44
CLG0082,99,5.02,5.16,1,Yes,6,5,3,No,0.47,5.38,3.33,LOW,6.67,HIGH,2.62
CLG0089,81,7.55,7.53,3,Yes,8,3,4,No,4.39,5.69,4.72,MEDIUM,5.28,MEDIUM,2.31
CLG0001,90,7.78,8.21,9,No,2,7,4,No,7.02,6.27,6.15,HIGH,3.85,LOW,1.73
CLG0019,100,9.12,8.91,9,No,2,6,0,No,8.34,2.62,5.39,MEDIUM,4.61,MEDIUM,5.38
CLG0056,87,7.52,7.75,1,No,7,6,3,No,3.86,6.02,4.74,MEDIUM,5.26,MEDIUM,1.98
CLG0064,94,9.58,9.81,4,No,1,5,2,No,7.61,3.58,5.38,MEDIUM,4.62,MEDIUM,4.42
CLG0034,115,8.14,7.86,8,No,8,4,0,No,6.65,2.93,5.1,MEDIUM,4.9,MEDIUM,5.07
CLG0064,91,9.2,9.6,2,No,6,6,0,No,6.56,3.42,4.85,MEDIUM,5.15,MEDIUM,4.58
CLG0010,112,5.74,5.73,4,Yes,7,7,3,No,2.32,6.47,4.73,MEDIUM,5.27,MEDIUM,1.53
CLG0076,83,9.28,9.46,7,No,8,8,4,Yes,8.17,7.91,7.15,HIGH,2.85,LOW,0.09
CLG0060,107,8.38,8.03,7,No,2,2,5,No,6.58,4.84,5.7,MEDIUM,4.3,MEDIUM,3.16
CLG0039,121,5.85,5.61,5,Yes,5,4,2,No,2.63,3.93,3.99,LOW,6.01,HIGH,4.07
CLG0066,62,5.95,6.04,7,No,7,7,3,No,3.67,6.47,4.41,MEDIUM,5.59,MEDIUM,1.53
CLG0032,88,9.63,9.45,6,No,0,3,3,No,8.04,3.29,5.34,MEDIUM,4.66,MEDIUM,4.71
CLG0051,108,5.16,5.16,2,No,5,5,2,No,0.88,4.38,3.25,LOW,6.75,HIGH,3.62
CLG0026,96,7.31,7.18,9,Yes,2,10,5,No,5.99,8.4,6.7,HIGH,3.3,LOW,0.0
CLG0057,105,6.57,6.71,5,No,7,7,5,No,3.87,8.07,5.87,MEDIUM,4.13,MEDIUM,0.0
CLG0084,90,8.33,8.32,2,No,8,9,0,No,5.1,5.16,4.94,MEDIUM,5.06,MEDIUM,2.84
CLG0060,101,9.2,8.7,6,No,4,6,0,No,7.23,3.02,5.13,MEDIUM,4.87,MEDIUM,4.98
CLG0055,97,6.8,6.95,10,Yes,1,2,1,No,5.85,1.44,3.87,LOW,6.13,HIGH,6.56
CLG0006,117,7.13,7.05,5,Yes,6,9,2,Yes,4.45,6.36,5.62,MEDIUM,4.38,MEDIUM,1.64
CLG0007,103,9.91,9.75,2,No,5,6,3,No,7.1,5.62,6.15,HIGH,3.85,LOW,2.38
CLG0066,105,8.92,8.51,10,No,5,10,1,No,8.26,5.8,6.72,HIGH,3.28,LOW,2.2
CLG0081,93,9.49,9.21,10,No,0,2,1,No,9.12,1.24,5.03,MEDIUM,4.97,MEDIUM,6.76
CLG0026,92,7.19,6.91,7,No,0,1,1,No,5.05,0.8,3.21,LOW,6.79,HIGH,7.2
CLG0095,93,6.17,6.61,10,No,5,4,0,No,5.22,2.33,3.91,LOW,6.09,HIGH,5.67
CLG0098,105,7.06,6.99,2,Yes,5,2,4,No,3.36,4.64,4.29,MEDIUM,5.71,MEDIUM,3.36
CLG0082,93,8.58,8.12,7,Yes,3,7,1,No,6.77,4.07,5.22,MEDIUM,4.78,MEDIUM,3.93
CLG0078,104,5.55,5.19,6,Yes,7,7,3,No,2.47,6.47,4.65,MEDIUM,5.35,MEDIUM,1.53
CLG0005,131,6.35,5.93,4,Yes,8,3,5,No,2.83,6.49,5.27,MEDIUM,4.73,MEDIUM,1.51
CLG0087,113,5.23,5.32,4,No,5,10,0,No,1.71,5.0,3.91,LOW,6.09,HIGH,3.0
CLG0001,95,7.16,6.85,6,No,9,1,5,No,4.65,5.8,5.1,MEDIUM,4.9,MEDIUM,2.2
CLG0084,118,9.14,9.14,9,No,7,2,4,Yes,8.52,5.04,6.74,HIGH,3.26,LOW,2.96
CLG0002,93,5.12,4.99,10,Yes,7,8,4,No,3.4,7.71,5.33,MEDIUM,4.67,MEDIUM,0.29
CLG0065,69,8.38,8.68,6,Yes,1,4,1,No,6.73,2.33,4.1,LOW,5.9,HIGH,5.67
CLG0010,84,9.66,9.48,6,Yes,3,3,1,No,8.08,2.29,4.88,MEDIUM,5.12,MEDIUM,5.71
CLG0050,71,6.18,6.14,1,No,0,10,0,No,1.88,4.0,2.86,LOW,7.14,HIGH,4.0
CLG0051,94,8.47,8.69,5,Yes,0,7,1,No,6.46,3.47,4.88,MEDIUM,5.12,MEDIUM,4.53
CLG0069,100,9.88,9.81,1,No,5,10,0,No,6.79,5.0,5.72,MEDIUM,4.28,MEDIUM,3.0
CLG0041,125,9.81,10.0,9,No,6,4,4,Yes,9.55,5.73,7.55,HIGH,2.45,LOW,2.27
CLG0058,104,6.17,6.33,10,No,4,2,3,No,5.01,3.64,4.54,MEDIUM,5.46,MEDIUM,4.36
CLG0077,96,5.5,5.41,4,Yes,7,3,3,No,1.94,4.69,3.59,LOW,6.41,HIGH,3.31
CLG0068,112,5.74,5.74,2,No,8,4,2,No,1.66,4.53,3.69,LOW,6.31,HIGH,3.47
CLG0024,66,8.51,8.98,9,No,3,1,5,No,8.03,4.6,5.48,MEDIUM,4.52,MEDIUM,3.4
CLG0091,103,8.63,8.79,6,Yes,0,8,2,Yes,6.96,4.71,5.73,MEDIUM,4.27,MEDIUM,3.29
CLG0056,111,8.37,8.77,10,Yes,5,8,2,Yes,8.12,5.71,6.73,HIGH,3.27,LOW,2.29
CLG0100,77,6.68,6.36,3,No,0,5,3,No,3.01,4.18,3.49,LOW,6.51,HIGH,3.82
CLG0036,117,5.85,5.83,2,Yes,1,6,1,No,1.79,3.22,3.3,LOW,6.7,HIGH,4.78
CLG0002,105,7.9,8.31,6,Yes,10,4,0,No,6.17,3.33,4.89,MEDIUM,5.11,MEDIUM,4.67
CLG0096,93,7.42,7.24,10,Yes,3,3,3,No,6.43,3.89,5.02,MEDIUM,4.98,MEDIUM,4.11
CLG0056,109,8.64,9.11,6,Yes,3,3,2,No,7.2,3.09,5.28,MEDIUM,4.72,MEDIUM,4.91
CLG0081,134,7.21,6.81,9,Yes,5,4,2,No,5.66,3.93,5.43,MEDIUM,4.57,MEDIUM,4.07
CLG0012,102,6.69,7.09,5,No,7,6,5,No,4.22,7.62,5.78,MEDIUM,4.22,MEDIUM,0.38
CLG0012,103,6.47,6.42,9,No,2,2,1,No,4.93,1.64,3.69,LOW,6.31,HIGH,6.36
CLG0085,93,6.06,5.63,5,No,5,6,2,No,2.77,4.82,3.92,LOW,6.08,HIGH,3.18
CLG0072,87,6.33,6.71,2,Yes,2,8,2,No,2.72,5.11,3.92,LOW,6.08,HIGH,2.89
CLG0022,112,5.47,5.22,1,Yes,1,9,0,No,0.78,3.76,3.03,LOW,6.97,HIGH,4.24
CLG0074,87,6.73,6.25,9,Yes,3,4,1,No,4.96,2.73,3.86,LOW,6.14,HIGH,5.27
CLG0084,101,5.18,4.82,10,No,3,5,4,No,3.31,5.58,4.58,MEDIUM,5.42,MEDIUM,2.42
CLG0062,92,5.93,6.09,7,Yes,1,8,4,No,3.69,6.51,4.95,MEDIUM,5.05,MEDIUM,1.49
CLG0064,107,8.73,9.21,3,No,10,10,2,Yes,6.33,7.6,6.7,HIGH,3.3,LOW,0.4
CLG0028,105,6.63,6.24,6,Yes,2,2,2,No,3.89,2.44,3.63,LOW,6.37,HIGH,5.56
CLG0089,115,8.34,8.3,10,No,8,10,0,Yes,7.76,5.6,6.61,HIGH,3.39,LOW,2.4
CLG0028,92,8.58,8.26,4,No,9,2,4,No,5.87,5.44,5.4,MEDIUM,4.6,MEDIUM,2.56
CLG0004,95,7.91,8.16,9,Yes,8,9,1,No,7.06,5.96,6.13,HIGH,3.87,LOW,2.04
CLG0045,85,9.79,9.41,2,No,9,6,1,No,6.78,4.82,5.39,MEDIUM,4.61,MEDIUM,3.18
CLG0090,93,5.11,4.85,4,No,6,10,3,No,1.29,7.6,4.44,MEDIUM,5.56,MEDIUM,0.4
CLG0013,105,8.69,8.39,1,No,1,9,5,Yes,5.03,7.76,6.21,HIGH,3.79,LOW,0.24
CLG0083,111,9.79,9.84,7,No,4,10,3,Yes,8.76,7.2,7.58,HIGH,2.42,LOW,0.8
CLG0098,86,9.31,9.68,4,Yes,7,7,1,No,7.35,4.87,5.66,MEDIUM,4.34,MEDIUM,3.13
CLG0080,113,5.84,5.85,5,No,0,5,3,No,2.8,4.18,4.02,LOW,5.98,HIGH,3.82
CLG0004,120,6.63,6.19,1,Yes,0,9,5,Yes,2.19,7.56,5.25,MEDIUM,4.75,MEDIUM,0.44
CLG0061,106,5.86,5.92,2,Yes,10,9,5,No,1.86,9.56,5.68,MEDIUM,4.32,MEDIUM,0.0
CLG0084,128,8.01,8.31,4,Yes,10,2,0,No,5.57,2.44,4.69,MEDIUM,5.31,MEDIUM,5.56
CLG0026,88,8.56,8.19,2,Yes,5,8,2,Yes,5.14,5.71,5.14,MEDIUM,4.86,MEDIUM,2.29
CLG0094,81,6.59,6.16,1,Yes,6,8,1,No,2.14,5.11,3.58,LOW,6.42,HIGH,2.89
CLG0006,73,7.7,7.39,10,No,6,2,4,No,6.71,4.84,5.17,MEDIUM,4.83,MEDIUM,3.16
CLG0077,122,8.45,8.7,1,No,2,10,4,Yes,5.12,7.6,6.47,HIGH,3.53,LOW,0.4
CLG0056,109,7.11,7.2,6,No,9,7,1,No,4.88,5.27,5.22,MEDIUM,4.78,MEDIUM,2.73
CLG0100,99,9.27,9.31,2,No,3,1,3,No,6.39,3.0,4.75,MEDIUM,5.25,MEDIUM,5.0
CLG0081,104,8.86,8.61,3,No,8,5,3,No,5.96,5.78,5.77,MEDIUM,4.23,MEDIUM,2.22
CLG0027,83,5.32,5.15,5,Yes,10,5,1,No,1.97,4.58,3.34,LOW,6.66,HIGH,3.42
CLG0035,136,8.11,8.58,3,Yes,9,10,1,Yes,5.49,6.6,6.46,HIGH,3.54,LOW,1.4
CLG0097,101,6.18,5.92,6,No,3,5,1,No,3.39,3.18,3.65,LOW,6.35,HIGH,4.82
CLG0082,101,7.79,8.19,7,No,4,2,0,No,6.35,1.24,4.06,LOW,5.94,HIGH,6.76
CLG0058,110,9.78,9.86,10,Yes,5,3,4,No,9.77,5.09,7.12,HIGH,2.88,LOW,2.91
CLG0084,107,9.4,9.02,6,Yes,6,6,0,No,7.59,3.42,5.53,MEDIUM,4.47,MEDIUM,4.58
CLG0063,103,7.02,6.99,2,Yes,4,1,5,No,3.34,4.8,4.32,MEDIUM,5.68,MEDIUM,3.2
CLG0033,88,6.46,6.91,9,No,6,6,0,No,5.28,3.42,4.28,MEDIUM,5.72,MEDIUM,4.58
CLG0095,107,6.17,6.09,2,No,1,6,2,No,2.17,4.02,3.6,LOW,6.4,HIGH,3.98
CLG0083,128,7.66,8.02,6,No,6,7,0,No,5.81,3.87,5.36,MEDIUM,4.64,MEDIUM,4.13
CLG0097,120,5.57,5.33,9,No,4,9,5,Yes,3.59,8.36,6.13,HIGH,3.87,LOW,0.0
CLG0081,123,7.75,7.82,9,No,9,9,4,Yes,6.72,8.56,7.51,HIGH,2.49,LOW,0.0
CLG0033,92,5.01,5.35,2,No,4,4,3,No,0.93,4.53,3.06,LOW,6.94,HIGH,3.47
CLG0100,85,6.62,7.04,9,No,10,2,4,No,5.47,5.64,5.2,MEDIUM,4.8,MEDIUM,2.36
CLG0069,98,6.1,6.09,8,No,5,5,1,No,4.13,3.58,4.06,LOW,5.94,HIGH,4.42
CLG0040,100,9.86,10.0,7,Yes,8,1,5,No,8.92,5.6,6.82,HIGH,3.18,LOW,2.4
CLG0047,116,8.64,8.14,8,No,3,5,1,No,7.15,3.18,5.41,MEDIUM,4.59,MEDIUM,4.82
CLG0045,74,6.75,6.5,10,Yes,4,10,1,No,5.49,5.6,5.0,MEDIUM,5.0,MEDIUM,2.4
CLG0027,122,5.46,5.24,8,No,4,3,0,No,3.12,1.69,3.31,LOW,6.69,HIGH,6.31
CLG0007,97,7.58,7.17,1,Yes,2,7,5,No,3.47,7.07,5.17,MEDIUM,4.83,MEDIUM,0.93
CLG0058,93,6.07,5.85,9,Yes,2,7,2,No,4.27,4.67,4.46,MEDIUM,5.54,MEDIUM,3.33
CLG0014,84,7.68,7.5,6,No,0,3,3,No,5.44,3.29,4.23,LOW,5.77,HIGH,4.71
CLG0004,75,9.18,9.65,1,No,3,5,0,No,6.25,2.38,4.03,LOW,5.97,HIGH,5.62
CLG0082,112,8.08,8.25,1,Yes,8,9,1,Yes,4.57,5.96,5.43,MEDIUM,4.57,MEDIUM,2.04
CLG0034,101,8.17,8.1,7,No,1,4,4,No,6.51,4.73,5.52,MEDIUM,4.48,MEDIUM,3.27
CLG0080,80,7.71,8.2,10,No,9,2,1,No,7.31,3.04,4.81,MEDIUM,5.19,MEDIUM,4.96
CLG0091,80,9.64,9.29,2,Yes,3,3,4,No,6.6,4.69,5.18,MEDIUM,4.82,MEDIUM,3.31
CLG0038,94,9.66,9.64,6,Yes,8,1,3,No,8.2,4.0,5.79,MEDIUM,4.21,MEDIUM,4.0
CLG0020,125,7.56,7.71,5,No,8,5,1,No,5.19,4.18,5.18,MEDIUM,4.82,MEDIUM,3.82
CLG0046,96,6.53,6.09,5,Yes,7,9,5,No,3.39,8.96,5.88,MEDIUM,4.12,MEDIUM,0.0
CLG0019,77,7.3,7.52,10,No,1,2,5,No,6.56,4.64,5.1,MEDIUM,4.9,MEDIUM,3.36
CLG0001,96,5.93,5.53,6,Yes,10,3,3,No,2.95,5.29,4.24,LOW,5.76,HIGH,2.71
CLG0023,95,8.18,7.82,8,Yes,2,3,1,No,6.64,2.09,4.42,MEDIUM,5.58,MEDIUM,5.91
CLG0062,59,7.5,7.16,5,Yes,5,7,1,No,4.75,4.47,4.0,LOW,6.0,HIGH,3.53
CLG0073,99,5.52,5.95,8,Yes,1,10,4,No,3.68,7.4,5.42,MEDIUM,4.58,MEDIUM,0.6
CLG0028,96,5.99,6.17,5,No,2,7,2,No,3.12,4.67,4.06,LOW,5.94,HIGH,3.33
CLG0084,110,7.4,7.56,10,No,0,1,5,No,6.65,4.0,5.44,MEDIUM,4.56,MEDIUM,4.0
CLG0080,127,9.44,9.5,6,Yes,3,3,4,Yes,7.96,4.69,6.53,HIGH,3.47,LOW,3.31
CLG0077,116,7.83,7.62,8,Yes,10,1,0,No,6.29,2.0,4.6,MEDIUM,5.4,MEDIUM,6.0
CLG0033,95,8.41,8.53,2,No,5,9,3,Yes,5.3,6.96,5.83,MEDIUM,4.17,MEDIUM,1.04
CLG0003,83,6.7,6.61,7,Yes,0,7,3,No,4.54,5.07,4.56,MEDIUM,5.44,MEDIUM,2.93
CLG0079,138,7.86,7.51,3,No,0,5,2,No,4.56,3.38,4.83,MEDIUM,5.17,MEDIUM,4.62
CLG0016,100,7.24,7.43,9,Yes,7,7,1,No,6.13,4.87,5.41,MEDIUM,4.59,MEDIUM,3.13
CLG0030,100,8.3,7.93,10,Yes,6,3,3,No,7.46,4.49,5.79,MEDIUM,4.21,MEDIUM,3.51
CLG0025,99,5.25,4.94,7,Yes,6,3,2,No,2.44,3.69,3.44,LOW,6.56,HIGH,4.31
CLG0078,102,7.47,7.79,3,Yes,6,1,0,No,4.53,1.2,3.33,LOW,6.67,HIGH,6.8
CLG0001,97,6.48,6.64,8,No,4,5,3,No,4.76,4.98,4.85,MEDIUM,5.15,MEDIUM,3.02
CLG0033,91,6.63,6.76,10,Yes,3,7,0,No,5.6,3.27,4.4,MEDIUM,5.6,MEDIUM,4.73
CLG0037,91,9.8,9.72,2,Yes,6,3,5,No,7.01,6.09,6.09,HIGH,3.91,LOW,1.91
CLG0029,99,5.91,5.81,10,No,10,5,4,No,4.48,6.98,5.58,MEDIUM,4.42,MEDIUM,1.02
CLG0037,91,6.56,6.75,8,No,2,10,3,No,4.89,6.8,5.53,MEDIUM,4.47,MEDIUM,1.2
CLG0061,89,7.55,7.79,7,No,8,1,3,No,5.91,4.0,4.78,MEDIUM,5.22,MEDIUM,4.0
CLG0008,101,9.32,9.33,5,Yes,1,7,1,No,7.43,3.67,5.47,MEDIUM,4.53,MEDIUM,4.33
CLG0001,96,7.08,7.55,4,Yes,0,8,0,No,4.45,3.11,3.96,LOW,6.04,HIGH,4.89
CLG0063,122,8.72,9.18,10,No,7,8,4,Yes,8.63,7.71,7.92,HIGH,2.08,LOW,0.29
CLG0088,60,9.28,9.19,10,No,5,1,2,No,8.97,2.6,4.95,MEDIUM,5.05,MEDIUM,5.4
CLG0065,116,6.55,6.87,1,No,3,4,4,No,2.64,5.13,4.39,MEDIUM,5.61,MEDIUM,2.87
CLG0046,118,6.96,7.0,4,Yes,9,9,3,Yes,3.98,7.76,6.01,HIGH,3.99,LOW,0.24
CLG0043,68,6.78,6.79,6,Yes,8,2,5,No,4.38,6.04,4.63,MEDIUM,5.37,MEDIUM,1.96
CLG0010,94,9.16,8.71,6,No,4,1,0,No,7.22,0.8,4.11,LOW,5.89,HIGH,7.2
CLG0082,94,5.22,5.29,2,No,10,6,3,No,1.01,6.62,3.96,LOW,6.04,HIGH,1.38
CLG0085,78,6.54,6.94,9,Yes,0,1,2,No,5.35,1.6,3.41,LOW,6.59,HIGH,6.4
CLG0010,88,8.4,8.68,1,No,0,6,2,No,5.07,3.82,4.36,MEDIUM,5.64,MEDIUM,4.18
CLG0062,83,7.83,8.12,4,Yes,6,1,3,No,5.32,3.6,4.29,MEDIUM,5.71,MEDIUM,4.4
CLG0086,126,7.18,6.84,4,No,0,6,5,No,3.99,6.22,5.54,MEDIUM,4.46,MEDIUM,1.78
CLG0051,114,7.7,7.56,2,No,5,9,3,Yes,4.17,6.96,5.7,MEDIUM,4.3,MEDIUM,1.04
CLG0045,119,5.99,5.72,8,No,6,5,3,No,3.79,5.38,5.0,MEDIUM,5.0,MEDIUM,2.62
CLG0073,110,7.15,6.97,2,No,10,4,0,No,3.4,3.33,3.87,LOW,6.13,HIGH,4.67
CLG0073,83,7.51,7.59,2,Yes,9,8,1,No,4.07,5.71,4.63,MEDIUM,5.37,MEDIUM,2.29
CLG0045,92,9.51,9.37,2,Yes,4,4,2,No,6.58,3.73,5.0,MEDIUM,5.0,MEDIUM,4.27
CLG0085,107,6.3,6.36,1,No,2,4,0,No,2.11,1.73,2.66,LOW,7.34,HIGH,6.27
CLG0058,81,9.34,9.28,5,Yes,2,9,2,Yes,7.41,5.56,5.87,MEDIUM,4.13,MEDIUM,2.44
CLG0095,110,8.22,8.01,4,No,1,1,3,No,5.47,2.6,4.41,MEDIUM,5.59,MEDIUM,5.4
CLG0066,96,5.1,4.7,2,No,10,3,2,No,0.51,4.49,2.94,LOW,7.06,HIGH,3.51
CLG0024,94,8.62,9.01,1,Yes,0,4,5,No,5.45,5.33,5.22,MEDIUM,4.78,MEDIUM,2.67
CLG0097,110,5.18,4.69,1,No,10,8,5,No,0.22,9.11,4.91,MEDIUM,5.09,MEDIUM,0.0
CLG0075,106,9.99,9.49,2,Yes,7,1,5,No,6.95,5.4,6.05,HIGH,3.95,LOW,2.6
CLG0065,94,9.36,9.69,1,Yes,8,3,4,No,6.39,5.69,5.74,MEDIUM,4.26,MEDIUM,2.31
CLG0055,117,6.49,6.99,9,No,1,2,2,No,5.36,2.24,4.34,MEDIUM,5.66,MEDIUM,5.76
CLG0051,83,6.29,6.52,2,No,3,6,5,No,2.56,6.82,4.47,MEDIUM,5.53,MEDIUM,1.18
CLG0072,109,6.91,6.43,3,Yes,2,9,4,No,3.2,7.16,5.31,MEDIUM,4.69,MEDIUM,0.84
CLG0073,108,6.78,6.51,9,Yes,3,10,0,No,5.18,4.6,5.06,MEDIUM,4.94,MEDIUM,3.4
CLG0021,95,6.86,7.33,5,No,3,9,0,No,4.49,4.16,4.38,MEDIUM,5.62,MEDIUM,3.84
CLG0047,104,6.59,6.9,8,Yes,7,10,5,No,5.02,9.4,6.84,HIGH,3.16,LOW,0.0
CLG0022,81,8.11,8.18,7,No,10,5,4,No,6.53,6.98,6.09,HIGH,3.91,LOW,1.02
CLG0029,113,5.82,5.56,6,No,2,3,2,No,2.91,2.89,3.55,LOW,6.45,HIGH,5.11
CLG0040,97,9.23,8.74,2,Yes,2,8,5,Yes,5.95,7.51,6.34,HIGH,3.66,LOW,0.49
CLG0003,92,9.06,8.58,4,No,5,9,0,No,6.4,4.56,5.26,MEDIUM,4.74,MEDIUM,3.44
CLG0049,115,7.38,7.49,9,Yes,10,9,2,Yes,6.26,7.16,6.63,HIGH,3.37,LOW,0.84
CLG0025,89,9.26,8.78,7,No,2,1,1,No,7.66,1.2,4.36,MEDIUM,5.64,MEDIUM,6.8
CLG0082,78,6.24,6.73,3,Yes,4,10,5,No,3.02,8.8,5.36,MEDIUM,4.64,MEDIUM,0.0
CLG0011,76,5.09,4.77,6,Yes,3,5,1,No,1.89,3.18,2.63,LOW,7.37,HIGH,4.82
CLG0094,109,8.1,8.31,8,No,10,10,5,Yes,6.96,10.0,7.95,HIGH,2.05,LOW,0.0
CLG0089,80,7.29,6.95,8,No,3,9,4,No,5.47,7.36,5.8,MEDIUM,4.2,MEDIUM,0.64
CLG0075,126,7.84,7.88,8,No,1,3,4,No,6.48,4.29,5.76,MEDIUM,4.24,MEDIUM,3.71
CLG0098,68,9.5,9.08,8,Yes,8,7,2,No,8.36,5.87,6.15,HIGH,3.85,LOW,2.13
CLG0088,125,9.85,10.0,10,No,4,9,1,Yes,9.91,5.16,7.46,HIGH,2.54,LOW,2.84
CLG0048,103,8.17,8.25,6,Yes,4,2,1,No,6.29,2.04,4.39,MEDIUM,5.61,MEDIUM,5.96
CLG0032,98,8.82,8.41,10,No,6,2,4,No,8.13,4.84,6.16,HIGH,3.84,LOW,3.16
CLG0003,91,5.42,5.77,3,Yes,2,5,3,No,1.82,4.58,3.41,LOW,6.59,HIGH,3.42
CLG0045,105,5.8,5.85,9,No,5,8,2,No,4.11,5.71,5.02,MEDIUM,4.98,MEDIUM,2.29
CLG0089,99,8.67,9.09,3,Yes,0,10,2,Yes,6.2,5.6,5.71,MEDIUM,4.29,MEDIUM,2.4
CLG0020,116,7.16,7.58,4,Yes,4,5,0,No,4.52,2.58,4.12,LOW,5.88,HIGH,5.42
CLG0020,101,7.23,7.65,10,No,4,8,4,No,6.62,7.11,6.52,HIGH,3.48,LOW,0.89
CLG0051,102,6.54,6.12,1,No,8,4,0,No,2.08,2.93,3.05,LOW,6.95,HIGH,5.07
CLG0081,94,8.04,7.66,2,Yes,4,9,3,No,4.44,6.76,5.39,MEDIUM,4.61,MEDIUM,1.24
CLG0020,99,5.93,6.42,6,No,7,4,0,No,3.6,2.73,3.52,LOW,6.48,HIGH,5.27
CLG0082,104,8.13,8.12,1,Yes,2,5,3,No,4.5,4.58,4.71,MEDIUM,5.29,MEDIUM,3.42
CLG0014,74,5.87,5.61,9,No,10,7,0,No,3.97,4.67,4.02,LOW,5.98,HIGH,3.33
CLG0098,79,5.32,5.59,8,No,5,9,4,No,3.29,7.76,5.07,MEDIUM,4.93,MEDIUM,0.24
CLG0080,111,6.65,6.41,2,No,1,5,3,No,2.69,4.38,4.02,LOW,5.98,HIGH,3.62
CLG0032,102,6.16,6.39,2,No,8,7,2,No,2.38,5.87,4.34,MEDIUM,5.66,MEDIUM,2.13
CLG0072,97,9.44,9.78,8,Yes,5,4,4,No,8.84,5.53,6.71,HIGH,3.29,LOW,2.47
CLG0042,100,5.27,5.55,8,No,4,2,4,No,3.24,4.44,4.08,LOW,5.92,HIGH,3.56
CLG0080,105,5.88,5.65,1,No,8,2,5,No,1.34,6.04,4.05,LOW,5.95,HIGH,1.96
CLG0039,91,7.74,7.64,5,Yes,0,5,1,No,5.25,2.58,3.99,LOW,6.01,HIGH,5.42
CLG0038,88,7.41,7.32,2,Yes,2,2,2,No,3.82,2.44,3.31,LOW,6.69,HIGH,5.56
CLG0064,102,5.23,5.22,1,No,1,2,0,No,0.64,0.64,1.55,LOW,8.45,HIGH,7.36
CLG0004,85,5.04,4.71,3,No,8,2,4,No,0.82,5.24,3.18,LOW,6.82,HIGH,2.76
CLG0099,106,9.94,9.89,3,Yes,10,4,0,No,7.55,3.33,5.46,MEDIUM,4.54,MEDIUM,4.67
CLG0092,74,8.29,8.3,10,No,5,8,4,Yes,7.73,7.31,6.58,HIGH,3.42,LOW,0.69
CLG0063,115,6.83,6.86,9,Yes,10,7,2,No,5.46,6.27,5.96,HIGH,4.04,LOW,1.73
CLG0061,107,7.35,7.67,10,No,5,5,4,No,6.7,5.98,6.2,HIGH,3.8,LOW,2.02
CLG0078,103,6.33,6.35,1,No,4,7,0,No,2.12,3.47,3.3,LOW,6.7,HIGH,4.53
CLG0005,114,6.72,6.45,2,No,3,6,0,No,2.76,2.82,3.48,LOW,6.52,HIGH,5.18
CLG0066,124,8.25,8.41,9,Yes,3,8,2,Yes,7.45,5.31,6.52,HIGH,3.48,LOW,2.69
CLG0045,115,9.41,9.71,5,No,1,8,0,Yes,7.77,3.31,5.7,MEDIUM,4.3,MEDIUM,4.69
CLG0050,72,5.92,5.74,9,No,6,7,3,No,4.1,6.27,4.68,MEDIUM,5.32,MEDIUM,1.73
CLG0088,80,9.2,9.35,6,Yes,5,5,4,No,7.71,5.98,6.14,HIGH,3.86,LOW,2.02
CLG0003,90,5.61,5.26,10,No,2,6,3,No,3.89,5.02,4.4,MEDIUM,5.6,MEDIUM,2.98
CLG0023,100,6.07,5.91,10,No,6,10,1,No,4.65,6.0,5.27,MEDIUM,4.73,MEDIUM,2.0
CLG0011,107,5.19,5.6,3,No,8,8,1,No,1.56,5.51,3.96,LOW,6.04,HIGH,2.49
CLG0038,89,5.7,6.11,8,No,9,7,5,No,3.9,8.47,5.77,MEDIUM,4.23,MEDIUM,0.0
CLG0056,102,9.59,9.67,9,No,0,5,5,No,9.18,5.78,7.03,HIGH,2.97,LOW,2.22
CLG0035,88,7.3,7.5,2,No,10,10,4,No,3.88,9.2,6.04,HIGH,3.96,LOW,0.0
CLG0065,90,5.39,5.74,9,Yes,9,8,0,No,3.78,4.91,4.31,MEDIUM,5.69,MEDIUM,3.09
CLG0006,78,9.8,10.0,4,No,7,4,2,No,7.88,4.33,5.52,MEDIUM,4.48,MEDIUM,3.67
CLG0070,86,9.39,9.38,8,No,1,6,1,No,8.51,3.22,5.46,MEDIUM,4.54,MEDIUM,4.78
CLG0040,79,8.77,8.83,5,No,0,4,0,No,6.74,1.33,3.88,LOW,6.12,HIGH,6.67
CLG0090,85,9.67,9.59,6,No,8,5,5,No,8.17,7.38,6.97,HIGH,3.03,LOW,0.62
CLG0035,115,6.1,5.67,4,No,1,10,2,Yes,2.49,5.8,4.58,MEDIUM,5.42,MEDIUM,2.2
CLG0013,85,9.18,9.1,5,No,6,3,4,No,7.18,5.29,5.74,MEDIUM,4.26,MEDIUM,2.71
CLG0025,139,8.45,8.74,1,No,6,2,0,No,5.15,1.64,4.39,MEDIUM,5.61,MEDIUM,6.36
CLG0086,107,9.35,9.65,3,Yes,0,1,3,No,7.02,2.4,4.9,MEDIUM,5.1,MEDIUM,5.6
CLG0081,102,8.98,9.37,4,No,9,3,4,No,6.93,5.89,6.17,HIGH,3.83,LOW,2.11
CLG0078,87,6.73,6.28,1,No,0,1,1,No,2.31,0.8,2.03,LOW,7.97,HIGH,7.2
CLG0067,110,8.87,8.9,3,Yes,6,6,4,No,6.18,6.62,6.3,HIGH,3.7,LOW,1.38
CLG0068,91,6.31,5.92,4,No,5,2,4,No,2.8,4.64,3.83,LOW,6.17,HIGH,3.36
CLG0099,101,6.64,6.34,9,Yes,3,3,2,No,4.97,3.09,4.25,LOW,5.75,HIGH,4.91
CLG0047,138,5.54,5.94,3,No,2,8,1,No,2.02,4.31,4.19,LOW,5.81,HIGH,3.69
CLG0055,98,9.68,9.68,3,No,4,5,5,No,7.24,6.58,6.5,HIGH,3.5,LOW,1.42
CLG0092,117,6.46,6.72,4,No,4,2,2,No,3.47,2.84,3.82,LOW,6.18,HIGH,5.16
CLG0043,89,7.6,7.16,9,No,10,2,4,No,6.15,5.64,5.54,MEDIUM,4.46,MEDIUM,2.36
CLG0002,99,6.96,6.88,9,No,2,3,0,No,5.56,1.29,3.73,LOW,6.27,HIGH,6.71
CLG0045,126,9.8,9.97,1,No,5,3,3,Yes,6.86,4.29,5.91,MEDIUM,4.09,MEDIUM,3.71
CLG0048,90,6.68,6.31,8,No,2,8,3,No,4.64,5.91,5.06,MEDIUM,4.94,MEDIUM,2.09
CLG0062,127,8.89,8.72,10,No,3,5,2,Yes,8.4,3.98,6.42,HIGH,3.58,LOW,4.02
CLG0038,110,9.28,8.84,1,No,2,8,0,No,5.72,3.51,4.87,MEDIUM,5.13,MEDIUM,4.49
CLG0047,91,7.18,7.33,2,No,5,4,3,No,3.69,4.73,4.22,LOW,5.78,HIGH,3.27
CLG0004,109,6.89,7.36,10,Yes,8,9,0,No,6.2,5.16,5.71,MEDIUM,4.29,MEDIUM,2.84
CLG0060,114,8.74,9.07,5,No,2,3,5,Yes,6.9,5.29,6.12,HIGH,3.88,LOW,2.71
CLG0049,109,9.56,10.0,6,No,0,2,5,No,8.4,4.44,6.3,HIGH,3.7,LOW,3.56
CLG0076,76,8.77,9.12,2,No,6,6,2,No,5.95,5.02,4.99,MEDIUM,5.01,MEDIUM,2.98
CLG0034,89,6.14,6.5,10,Yes,4,4,1,No,5.12,2.93,4.04,LOW,5.96,HIGH,5.07
CLG0044,96,9.44,9.52,5,Yes,3,2,0,No,7.65,1.04,4.42,MEDIUM,5.58,MEDIUM,6.96
CLG0094,98,6.94,6.96,3,Yes,2,6,0,No,3.6,2.62,3.46,LOW,6.54,HIGH,5.38
CLG0085,109,7.88,7.79,7,No,6,4,1,No,6.11,3.33,4.94,MEDIUM,5.06,MEDIUM,4.67
CLG0056,102,9.16,9.48,1,No,1,10,4,Yes,6.12,7.4,6.45,HIGH,3.55,LOW,0.6
CLG0092,79,5.94,5.62,5,No,10,4,4,No,2.69,6.53,4.34,MEDIUM,5.66,MEDIUM,1.47
CLG0042,105,8.92,8.48,3,No,3,10,4,Yes,5.91,7.8,6.58,HIGH,3.42,LOW,0.2
CLG0050,109,7.98,8.43,2,Yes,1,4,2,No,4.97,3.13,4.4,MEDIUM,5.6,MEDIUM,4.87
CLG0069,108,9.47,8.97,3,No,9,4,4,No,6.59,6.33,6.31,HIGH,3.69,LOW,1.67
CLG0033,116,5.86,6.34,10,No,7,8,2,Yes,4.83,6.11,5.66,MEDIUM,4.34,MEDIUM,1.89
CLG0098,112,7.1,7.33,4,Yes,2,1,1,No,4.3,1.2,3.41,LOW,6.59,HIGH,6.8
CLG0096,106,9.16,8.99,2,No,4,9,0,No,6.09,4.36,5.29,MEDIUM,4.71,MEDIUM,3.64
CLG0091,98,5.1,5.3,2,Yes,10,3,3,No,0.95,5.29,3.47,LOW,6.53,HIGH,2.71
CLG0067,75,5.56,5.88,3,No,3,5,3,No,1.98,4.78,3.29,LOW,6.71,HIGH,3.22
CLG0042,106,9.95,9.7,2,No,4,5,2,No,7.08,4.18,5.62,MEDIUM,4.38,MEDIUM,3.82
CLG0044,103,6.4,6.67,6,No,3,4,2,No,4.07,3.53,4.1,LOW,5.9,HIGH,4.47
CLG0068,104,9.88,10.0,2,No,7,4,5,No,7.26,6.73,6.67,HIGH,3.33,LOW,1.27
CLG0100,80,5.91,5.66,1,No,5,7,0,No,1.37,3.67,2.68,LOW,7.32,HIGH,4.33
CLG0057,83,6.81,6.35,8,No,0,4,1,No,4.75,2.13,3.47,LOW,6.53,HIGH,5.87
CLG0036,115,8.76,8.46,10,No,4,10,0,Yes,8.13,4.8,6.44,HIGH,3.56,LOW,3.2
CLG0041,99,8.29,7.99,4,No,0,3,5,No,5.5,4.89,5.15,MEDIUM,4.85,MEDIUM,3.11
CLG0056,110,7.91,7.48,2,No,2,9,2,No,4.23,5.56,5.1,MEDIUM,4.9,MEDIUM,2.44
CLG0003,100,7.65,7.88,4,Yes,10,4,0,No,5.04,3.33,4.36,MEDIUM,5.64,MEDIUM,4.67
CLG0056,100,9.22,9.1,2,No,5,4,2,No,6.21,3.93,5.06,MEDIUM,4.94,MEDIUM,4.07
CLG0056,114,6.17,6.55,5,No,8,10,3,Yes,3.51,8.0,5.85,MEDIUM,4.15,MEDIUM,0.0
CLG0065,92,7.21,6.96,7,No,2,8,0,No,5.1,3.51,4.32,MEDIUM,5.68,MEDIUM,4.49
CLG0039,101,5.78,5.73,6,No,3,7,1,No,3.01,4.07,3.86,LOW,6.14,HIGH,3.93
CLG0040,93,7.98,8.12,2,No,9,4,3,No,4.74,5.53,5.0,MEDIUM,5.0,MEDIUM,2.47
CLG0039,93,6.25,6.63,4,No,0,8,1,No,3.28,3.91,3.76,LOW,6.24,HIGH,4.09
CLG0027,95,6.67,6.69,8,No,9,10,1,No,4.91,6.6,5.53,MEDIUM,4.47,MEDIUM,1.4
CLG0067,103,7.36,7.23,7,Yes,1,2,2,No,5.39,2.24,4.11,LOW,5.89,HIGH,5.76
CLG0100,92,5.13,5.5,7,No,6,9,1,No,2.78,5.56,4.21,LOW,5.79,HIGH,2.44
CLG0094,118,5.46,5.27,4,No,7,2,5,No,1.81,5.84,4.38,MEDIUM,5.62,MEDIUM,2.16
CLG0065,86,8.43,8.01,1,Yes,0,10,4,Yes,4.6,7.2,5.49,MEDIUM,4.51,MEDIUM,0.8
CLG0074,97,7.14,7.09,7,No,8,3,1,No,5.15,3.29,4.33,MEDIUM,5.67,MEDIUM,4.71
CLG0003,93,9.32,9.61,6,No,5,6,0,No,7.97,3.22,5.36,MEDIUM,4.64,MEDIUM,4.78
CLG0003,121,8.47,8.0,8,Yes,0,7,5,No,6.95,6.67,6.82,HIGH,3.18,LOW,1.33
CLG0037,102,5.04,5.13,5,No,3,9,2,No,1.79,5.76,4.06,LOW,5.94,HIGH,2.24
CLG0098,115,8.08,8.17,8,Yes,3,8,2,Yes,6.84,5.31,6.12,HIGH,3.88,LOW,2.69
CLG0020,77,5.47,5.9,10,Yes,6,6,5,No,4.28,7.42,5.3,MEDIUM,4.7,MEDIUM,0.58
CLG0011,104,8.9,8.69,8,No,0,8,4,Yes,7.71,6.31,6.68,HIGH,3.32,LOW,1.69
CLG0083,113,9.96,9.74,9,Yes,9,5,2,Yes,9.45,5.18,7.08,HIGH,2.92,LOW,2.82
CLG0091,101,7.66,7.6,1,No,8,10,2,No,3.84,7.2,5.44,MEDIUM,4.56,MEDIUM,0.8
CLG0024,115,8.41,8.27,3,No,0,10,3,Yes,5.45,6.4,6.0,HIGH,4.0,LOW,1.6
CLG0070,92,6.19,6.43,6,No,9,9,3,No,3.77,7.76,5.48,MEDIUM,4.52,MEDIUM,0.24
CLG0065,121,7.19,7.33,4,No,2,4,3,No,4.36,4.13,4.76,MEDIUM,5.24,MEDIUM,3.87
CLG0083,134,9.28,9.54,8,Yes,0,1,4,Yes,8.56,3.2,6.29,HIGH,3.71,LOW,4.8
CLG0074,94,5.84,6.16,10,No,0,8,5,No,4.69,7.11,5.63,MEDIUM,4.37,MEDIUM,0.89
CLG0032,93,6.33,6.75,1,No,3,5,2,No,2.42,3.98,3.45,LOW,6.55,HIGH,4.02
CLG0062,121,7.23,7.16,5,Yes,1,9,2,Yes,4.59,5.36,5.35,MEDIUM,4.65,MEDIUM,2.64
CLG0055,123,8.56,9.04,4,Yes,8,3,2,Yes,6.43,4.09,5.61,MEDIUM,4.39,MEDIUM,3.91
CLG0036,92,6.88,6.6,1,No,0,9,1,No,2.64,4.36,3.67,LOW,6.33,HIGH,3.64
CLG0066,93,9.64,9.85,10,No,2,8,2,Yes,9.67,5.11,6.8,HIGH,3.2,LOW,2.89
CLG0037,95,5.47,5.5,6,No,1,6,2,No,2.65,4.02,3.59,LOW,6.41,HIGH,3.98
CLG0014,79,6.85,7.17,10,Yes,0,10,5,No,6.04,8.0,6.27,HIGH,3.73,LOW,0.0
CLG0046,86,8.54,8.52,3,No,10,10,0,No,5.71,6.0,5.45,MEDIUM,4.55,MEDIUM,2.0
CLG0077,84,6.13,6.41,5,Yes,8,8,0,No,3.38,4.71,3.97,LOW,6.03,HIGH,3.29
CLG0056,88,8.28,8.71,6,No,4,8,2,Yes,6.69,5.51,5.68,MEDIUM,4.32,MEDIUM,2.49
CLG0050,99,5.82,6.05,4,No,10,7,1,No,2.6,5.47,4.22,LOW,5.78,HIGH,2.53
CLG0061,103,5.28,5.56,10,Yes,5,7,1,No,3.92,4.47,4.42,MEDIUM,5.58,MEDIUM,3.53
CLG0017,123,5.61,5.18,10,Yes,7,3,4,No,3.83,5.49,5.13,MEDIUM,4.87,MEDIUM,2.51
CLG0027,85,9.65,9.35,6,No,6,7,4,No,7.98,7.07,6.77,HIGH,3.23,LOW,0.93
CLG0054,114,7.76,8.23,7,Yes,6,3,5,Yes,6.36,6.09,6.23,HIGH,3.77,LOW,1.91
CLG0029,96,8.98,9.17,2,No,8,9,2,Yes,6.11,6.76,6.09,HIGH,3.91,LOW,1.24
CLG0013,99,6.66,6.72,7,Yes,2,5,3,No,4.59,4.58,4.66,MEDIUM,5.34,MEDIUM,3.42
CLG0049,110,7.96,7.83,7,No,9,8,1,No,6.19,5.71,5.94,HIGH,4.06,LOW,2.29
CLG0025,83,7.47,7.01,2,Yes,7,3,3,No,3.62,4.69,4.04,LOW,5.96,HIGH,3.31
CLG0088,105,9.73,9.6,3,No,5,3,4,No,7.21,5.09,6.01,HIGH,3.99,LOW,2.91
CLG0100,102,8.74,8.74,3,No,7,3,1,No,5.99,3.09,4.67,MEDIUM,5.33,MEDIUM,4.91
CLG0023,107,8.65,8.36,1,Yes,3,8,3,Yes,4.99,6.11,5.57,MEDIUM,4.43,MEDIUM,1.89
CLG0026,104,5.23,4.9,1,Yes,0,9,2,No,0.4,5.16,3.3,LOW,6.7,HIGH,2.84
CLG0048,136,7.75,7.76,10,No,10,7,3,No,7.01,7.07,7.26,HIGH,2.74,LOW,0.93
CLG0036,90,7.33,7.42,6,No,2,1,4,No,5.17,3.6,4.35,MEDIUM,5.65,MEDIUM,4.4
CLG0006,92,9.64,9.38,9,Yes,9,6,1,No,9.0,4.82,6.4,HIGH,3.6,LOW,3.18
CLG0080,90,6.29,6.38,9,Yes,2,3,1,No,4.79,2.09,3.59,LOW,6.41,HIGH,5.91
CLG0074,91,6.35,6.75,1,Yes,0,1,1,No,2.43,0.8,2.15,LOW,7.85,HIGH,7.2
CLG0039,90,7.06,7.03,7,No,4,10,2,No,5.06,6.4,5.42,MEDIUM,4.58,MEDIUM,1.6
CLG0057,117,6.22,6.58,6,No,5,2,1,No,3.89,2.24,3.75,LOW,6.25,HIGH,5.76
CLG0091,121,5.65,6.08,4,No,8,3,3,No,2.52,4.89,4.33,MEDIUM,5.67,MEDIUM,3.11
CLG0066,91,9.29,8.88,3,No,7,7,0,No,6.42,4.07,5.05,MEDIUM,4.95,MEDIUM,3.93
CLG0010,87,7.79,7.39,9,Yes,3,6,5,No,6.43,6.82,6.09,HIGH,3.91,LOW,1.18
CLG0072,107,9.31,9.29,10,Yes,5,2,5,No,9.07,5.44,6.93,HIGH,3.07,LOW,2.56
CLG0009,91,9.16,9.25,5,No,2,5,0,No,7.28,2.18,4.64,MEDIUM,5.36,MEDIUM,5.82
CLG0077,109,6.41,6.34,8,No,0,1,5,No,4.5,4.0,4.56,MEDIUM,5.44,MEDIUM,4.0
CLG0072,103,7.74,7.57,4,No,8,3,2,No,4.86,4.09,4.64,MEDIUM,5.36,MEDIUM,3.91
CLG0027,77,5.42,5.56,4,No,7,1,3,No,2.0,3.8,2.94,LOW,7.06,HIGH,4.2
CLG0046,123,9.58,9.08,6,Yes,5,3,5,Yes,7.74,5.89,6.85,HIGH,3.15,LOW,2.11
CLG0063,126,7.02,7.49,6,No,2,2,2,No,5.04,2.44,4.44,MEDIUM,5.56,MEDIUM,5.56
CLG0042,90,6.97,6.7,3,Yes,10,4,0,No,3.43,3.33,3.54,LOW,6.46,HIGH,4.67
CLG0085,94,6.51,6.93,2,No,4,5,5,No,2.99,6.58,4.73,MEDIUM,5.27,MEDIUM,1.42
CLG0041,104,7.3,6.91,9,No,8,3,1,No,5.78,3.29,4.7,MEDIUM,5.3,MEDIUM,4.71
CLG0034,105,6.26,6.0,2,No,6,10,0,No,2.16,5.2,4.04,LOW,5.96,HIGH,2.8
CLG0093,109,6.87,6.6,9,Yes,1,5,0,No,5.3,1.98,4.07,LOW,5.93,HIGH,6.02
CLG0030,130,9.0,9.5,8,No,5,7,0,No,8.37,3.67,6.34,HIGH,3.66,LOW,4.33
CLG0044,97,9.17,8.67,10,Yes,8,10,2,Yes,8.53,7.2,7.25,HIGH,2.75,LOW,0.8
CLG0080,88,6.52,6.66,7,Yes,10,9,4,No,4.47,8.76,6.1,HIGH,3.9,LOW,0.0
CLG0001,79,7.35,7.72,5,No,10,8,2,No,5.07,6.71,5.36,MEDIUM,4.64,MEDIUM,1.29
CLG0045,89,9.37,9.54,3,No,9,6,4,No,6.95,7.22,6.49,HIGH,3.51,LOW,0.78
CLG0047,99,5.26,5.12,2,No,0,9,2,No,0.91,5.16,3.42,LOW,6.58,HIGH,2.84
CLG0093,126,9.45,9.91,8,Yes,4,8,5,Yes,8.94,7.91,8.19,HIGH,1.81,LOW,0.09
CLG0030,92,6.1,6.49,2,No,8,4,5,No,2.42,6.93,4.61,MEDIUM,5.39,MEDIUM,1.07
CLG0022,103,8.39,8.32,8,Yes,2,2,5,No,7.14,4.84,5.85,MEDIUM,4.15,MEDIUM,3.16
CLG0015,99,7.91,7.98,5,Yes,2,9,0,No,5.6,3.96,4.82,MEDIUM,5.18,MEDIUM,4.04
CLG0084,117,7.76,8.23,9,No,9,6,1,No,7.03,4.82,6.04,HIGH,3.96,LOW,3.18
CLG0038,137,9.3,9.78,4,Yes,8,10,3,Yes,7.42,8.0,7.81,HIGH,2.19,LOW,0.0
CLG0023,92,5.51,5.46,8,Yes,2,8,4,No,3.31,6.71,4.88,MEDIUM,5.12,MEDIUM,1.29
CLG0031,92,6.74,7.09,7,Yes,10,8,2,No,4.91,6.71,5.52,MEDIUM,4.48,MEDIUM,1.29
CLG0057,115,7.69,7.49,8,Yes,8,4,5,No,6.11,6.93,6.48,HIGH,3.52,LOW,1.07
CLG0081,110,9.06,8.93,5,No,9,10,1,No,6.99,6.6,6.62,HIGH,3.38,LOW,1.4
CLG0035,127,6.08,5.74,2,No,2,5,3,No,1.86,4.58,4.05,LOW,5.95,HIGH,3.42
CLG0066,108,9.01,8.72,7,No,7,1,1,No,7.47,2.2,5.01,MEDIUM,4.99,MEDIUM,5.8
CLG0053,94,7.0,7.16,3,Yes,9,9,5,No,3.79,9.36,6.17,HIGH,3.83,LOW,0.0
CLG0031,108,5.94,5.95,10,No,8,7,4,No,4.6,7.47,5.97,HIGH,4.03,LOW,0.53
CLG0026,116,8.79,8.52,10,No,2,1,4,Yes,8.19,3.6,6.0,HIGH,4.0,LOW,4.4
CLG0031,112,5.45,5.35,10,No,0,10,3,Yes,3.86,6.4,5.32,MEDIUM,4.68,MEDIUM,1.6
CLG0072,107,7.57,7.44,10,No,8,10,3,No,6.67,8.0,7.0,HIGH,3.0,LOW,0.0
CLG0080,116,5.32,5.81,2,No,6,3,5,No,1.46,6.09,4.3,MEDIUM,5.7,MEDIUM,1.91
CLG0012,117,6.78,7.13,3,Yes,5,9,5,Yes,3.63,8.56,6.18,HIGH,3.82,LOW,0.0
CLG0053,120,8.01,7.9,4,No,3,1,4,No,5.27,3.8,4.98,MEDIUM,5.02,MEDIUM,4.2
CLG0056,109,7.78,8.19,10,Yes,4,6,4,No,7.34,6.22,6.59,HIGH,3.41,LOW,1.78
CLG0083,97,7.02,6.86,7,Yes,6,5,0,No,4.91,2.98,4.11,LOW,5.89,HIGH,5.02
CLG0062,102,7.15,7.32,10,Yes,8,4,3,No,6.33,5.33,5.71,MEDIUM,4.29,MEDIUM,2.67
CLG0044,118,6.13,6.6,1,No,5,1,3,No,2.19,3.4,3.55,LOW,6.45,HIGH,4.6
CLG0058,87,7.28,7.17,6,Yes,3,7,4,No,4.96,6.47,5.36,MEDIUM,4.64,MEDIUM,1.53
CLG0077,105,9.77,9.95,6,No,3,1,2,No,8.49,2.2,5.37,MEDIUM,4.63,MEDIUM,5.8
CLG0065,94,9.25,9.05,8,Yes,9,1,0,No,8.19,1.8,4.9,MEDIUM,5.1,MEDIUM,6.2
CLG0013,100,5.73,5.5,2,No,2,2,2,No,1.47,2.44,2.57,LOW,7.43,HIGH,5.56
CLG0061,119,5.15,5.22,2,Yes,1,9,4,Yes,0.92,6.96,4.49,MEDIUM,5.51,MEDIUM,1.04
CLG0068,102,9.67,10.0,1,No,3,1,0,No,6.8,0.6,4.0,LOW,6.0,HIGH,7.4
CLG0051,100,7.63,7.58,3,No,5,8,0,No,4.47,4.11,4.44,MEDIUM,5.56,MEDIUM,3.89
CLG0062,79,7.69,8.13,7,Yes,0,1,4,No,6.24,3.2,4.43,MEDIUM,5.57,MEDIUM,4.8
CLG0048,111,8.9,9.31,8,No,1,1,5,Yes,8.17,4.2,6.14,HIGH,3.86,LOW,3.8
CLG0095,109,6.57,6.32,7,Yes,7,9,1,No,4.25,5.76,5.17,MEDIUM,4.83,MEDIUM,2.24
CLG0063,132,7.41,7.31,9,No,2,8,1,No,6.14,4.31,5.74,MEDIUM,4.26,MEDIUM,3.69
CLG0072,95,9.84,9.98,8,No,0,1,3,No,9.22,2.4,5.57,MEDIUM,4.43,MEDIUM,5.6
CLG0091,103,8.36,8.38,8,Yes,1,7,4,No,7.16,6.07,6.35,HIGH,3.65,LOW,1.93
CLG0072,103,5.77,5.37,2,No,2,8,5,No,1.4,7.51,4.62,MEDIUM,5.38,MEDIUM,0.49
CLG0051,123,5.67,6.16,1,Yes,1,2,4,No,1.59,3.84,3.57,LOW,6.43,HIGH,4.16
CLG0024,98,6.02,6.27,6,No,3,4,5,No,3.55,5.93,4.77,MEDIUM,5.23,MEDIUM,2.07
CLG0086,104,8.83,8.77,7,No,3,2,2,No,7.4,2.64,5.09,MEDIUM,4.91,MEDIUM,5.36
CLG0040,109,6.48,6.6,6,No,10,6,4,No,4.06,7.42,5.75,MEDIUM,4.25,MEDIUM,0.58
CLG0029,102,5.11,4.7,7,No,9,5,1,No,2.18,4.38,3.67,LOW,6.33,HIGH,3.62
CLG0073,93,9.72,9.72,8,No,1,5,5,No,8.96,5.98,6.86,HIGH,3.14,LOW,2.02
CLG0017,102,5.85,6.28,2,No,0,8,4,No,2.12,6.31,4.41,MEDIUM,5.59,MEDIUM,1.69
CLG0001,116,5.05,5.45,1,No,2,1,2,No,0.7,2.0,2.36,LOW,7.64,HIGH,6.0
CLG0096,84,6.19,6.03,10,No,3,10,3,No,4.81,7.0,5.46,MEDIUM,4.54,MEDIUM,1.0
CLG0084,101,6.18,6.21,8,No,10,2,5,No,4.26,6.44,5.31,MEDIUM,4.69,MEDIUM,1.56
CLG0001,89,7.11,7.31,8,No,5,1,0,No,5.63,1.0,3.47,LOW,6.53,HIGH,7.0
CLG0025,117,9.6,9.44,8,No,4,4,5,Yes,8.68,6.13,7.22,HIGH,2.78,LOW,1.87
CLG0041,77,9.4,8.96,10,Yes,1,2,3,No,8.88,3.04,5.38,MEDIUM,4.62,MEDIUM,4.96
CLG0091,91,7.28,7.29,7,Yes,3,10,2,No,5.38,6.2,5.49,MEDIUM,4.51,MEDIUM,1.8
CLG0023,105,7.05,7.15,2,No,5,7,4,No,3.48,6.87,5.23,MEDIUM,4.77,MEDIUM,1.13
CLG0018,123,7.78,7.29,4,No,3,5,1,No,4.68,3.18,4.55,MEDIUM,5.45,MEDIUM,4.82
CLG0095,99,6.22,5.82,9,Yes,10,5,5,No,4.34,7.78,5.84,MEDIUM,4.16,MEDIUM,0.22
CLG0028,91,5.26,4.97,8,No,10,1,4,No,2.8,5.2,4.05,LOW,5.95,HIGH,2.8
CLG0085,128,9.7,9.55,4,No,6,2,5,Yes,7.49,5.64,6.74,HIGH,3.26,LOW,2.36
CLG0012,78,5.93,5.97,8,No,5,5,0,No,3.94,2.78,3.32,LOW,6.68,HIGH,5.22
CLG0088,67,5.99,5.78,10,No,5,7,1,No,4.5,4.47,4.03,LOW,5.97,HIGH,3.53
CLG0049,106,7.36,7.14,6,Yes,9,1,3,No,4.99,4.2,4.79,MEDIUM,5.21,MEDIUM,3.8
CLG0097,92,7.46,7.83,9,Yes,1,7,5,No,6.55,6.87,6.24,HIGH,3.76,LOW,1.13
CLG0081,84,5.09,4.74,1,No,10,2,2,No,0.2,4.04,2.43,LOW,7.57,HIGH,3.96
CLG0097,110,5.74,5.74,6,No,6,2,3,No,2.99,4.04,3.99,LOW,6.01,HIGH,3.96
CLG0016,103,6.89,7.34,4,No,8,9,0,No,4.19,5.16,4.8,MEDIUM,5.2,MEDIUM,2.84
CLG0027,91,8.42,8.55,3,No,5,8,5,Yes,5.66,8.11,6.36,HIGH,3.64,LOW,0.0
CLG0053,80,6.14,6.36,5,Yes,7,10,0,No,3.35,5.4,4.17,LOW,5.83,HIGH,2.6
CLG0092,113,7.12,7.05,10,No,5,4,4,No,6.11,5.53,5.89,MEDIUM,4.11,MEDIUM,2.47
CLG0036,109,7.79,7.31,8,Yes,5,5,4,No,6.04,5.98,5.97,HIGH,4.03,LOW,2.02
CLG0007,98,9.44,9.59,10,No,3,9,5,Yes,9.36,8.16,7.98,HIGH,2.02,LOW,0.0
CLG0034,127,6.63,6.76,6,Yes,5,4,4,No,4.27,5.53,5.39,MEDIUM,4.61,MEDIUM,2.47
CLG0065,83,5.67,5.28,1,Yes,9,10,0,No,0.94,5.8,3.41,LOW,6.59,HIGH,2.2
CLG0004,77,7.45,7.41,6,No,3,8,1,No,5.24,4.51,4.52,MEDIUM,5.48,MEDIUM,3.49
CLG0026,89,8.73,9.15,7,No,9,5,5,No,7.62,7.58,6.9,HIGH,3.1,LOW,0.42
CLG0020,99,5.55,5.26,6,No,5,1,3,No,2.52,3.4,3.36,LOW,6.64,HIGH,4.6
CLG0051,103,7.12,7.08,3,No,0,7,3,No,3.8,5.07,4.61,MEDIUM,5.39,MEDIUM,2.93
CLG0077,96,5.09,5.05,9,Yes,6,10,2,No,3.09,6.8,4.9,MEDIUM,5.1,MEDIUM,1.2
CLG0099,105,5.17,5.48,10,No,1,3,2,No,3.79,2.69,3.69,LOW,6.31,HIGH,5.31
CLG0010,81,7.41,7.73,10,No,5,7,1,No,6.78,4.47,5.18,MEDIUM,4.82,MEDIUM,3.53
CLG0008,121,6.49,6.75,4,No,8,8,4,Yes,3.51,7.91,5.94,HIGH,4.06,LOW,0.09
CLG0018,98,9.23,9.1,5,No,9,4,4,No,7.21,6.33,6.39,HIGH,3.61,LOW,1.67
CLG0017,116,8.01,7.58,5,Yes,2,6,1,No,5.37,3.42,4.8,MEDIUM,5.2,MEDIUM,4.58
CLG0069,105,7.27,7.12,3,Yes,3,10,3,No,3.92,7.0,5.46,MEDIUM,4.54,MEDIUM,1.0
CLG0030,106,7.04,7.22,2,No,4,7,4,No,3.52,6.67,5.19,MEDIUM,4.81,MEDIUM,1.33
CLG0095,108,7.49,7.69,8,Yes,7,8,3,No,6.14,6.91,6.37,HIGH,3.63,LOW,1.09
CLG0039,106,5.2,5.67,7,No,9,3,0,No,2.95,2.69,3.37,LOW,6.63,HIGH,5.31
CLG0061,109,9.46,9.41,5,Yes,5,7,5,No,7.58,7.67,7.26,HIGH,2.74,LOW,0.33
CLG0024,119,9.99,10.0,1,No,7,5,2,Yes,6.99,4.78,6.04,HIGH,3.96,LOW,3.22
CLG0081,102,5.91,5.95,10,Yes,2,7,4,No,4.58,6.27,5.38,MEDIUM,4.62,MEDIUM,1.73
CLG0098,110,5.6,5.25,1,No,2,6,2,No,0.88,4.22,3.22,LOW,6.78,HIGH,3.78
CLG0035,98,5.72,5.68,8,No,8,5,1,No,3.6,4.18,4.09,LOW,5.91,HIGH,3.82
CLG0079,121,8.31,8.35,4,Yes,5,3,5,Yes,5.78,5.89,6.04,HIGH,3.96,LOW,2.11
CLG0061,89,8.31,8.76,4,No,7,10,0,No,6.08,5.4,5.41,MEDIUM,4.59,MEDIUM,2.6
CLG0075,127,9.24,9.11,9,Yes,3,2,4,Yes,8.56,4.24,6.59,HIGH,3.41,LOW,3.76
CLG0098,99,8.76,9.24,2,No,4,3,4,No,6.03,4.89,5.36,MEDIUM,4.64,MEDIUM,3.11
CLG0072,78,7.25,7.29,5,No,8,2,3,No,4.7,4.44,4.29,MEDIUM,5.71,MEDIUM,3.56
CLG0015,101,8.06,7.8,6,No,6,3,2,No,5.89,3.69,4.86,MEDIUM,5.14,MEDIUM,4.31
CLG0036,89,8.44,8.13,6,Yes,4,2,0,No,6.36,1.24,3.86,LOW,6.14,HIGH,6.76
CLG0055,112,7.56,7.2,10,Yes,6,1,5,No,6.48,5.2,5.89,MEDIUM,4.11,MEDIUM,2.8
CLG0037,90,7.38,7.33,3,No,10,9,3,No,4.14,7.96,5.68,MEDIUM,4.32,MEDIUM,0.04
CLG0087,93,8.23,7.75,10,No,8,10,5,No,7.29,9.6,7.64,HIGH,2.36,LOW,0.0
CLG0062,71,7.79,7.74,6,Yes,2,5,0,No,5.68,2.18,3.66,LOW,6.34,HIGH,5.82
CLG0064,93,8.22,8.71,10,No,2,9,0,No,7.99,3.96,5.67,MEDIUM,4.33,MEDIUM,4.04
CLG0039,63,8.06,8.23,10,No,3,8,1,No,7.54,4.51,5.2,MEDIUM,4.8,MEDIUM,3.49
CLG0090,76,8.6,8.86,5,Yes,10,7,1,No,6.66,5.47,5.45,MEDIUM,4.55,MEDIUM,2.53
CLG0098,111,8.21,7.83,8,No,9,6,3,No,6.67,6.42,6.43,HIGH,3.57,LOW,1.58
CLG0075,111,7.6,7.57,4,No,6,4,3,No,4.78,4.93,5.08,MEDIUM,4.92,MEDIUM,3.07
CLG0012,106,8.41,8.2,10,No,4,10,5,Yes,7.73,8.8,7.72,HIGH,2.28,LOW,0.0
CLG0072,85,7.25,7.64,10,Yes,4,10,3,No,6.62,7.2,6.28,HIGH,3.72,LOW,0.8
CLG0008,99,6.21,5.89,3,No,3,7,0,No,2.38,3.27,3.25,LOW,6.75,HIGH,4.73
CLG0041,99,5.01,4.97,6,Yes,7,7,4,No,1.99,7.27,4.7,MEDIUM,5.3,MEDIUM,0.73
CLG0069,82,7.8,7.89,10,Yes,2,1,1,No,7.13,1.2,4.03,LOW,5.97,HIGH,6.8
CLG0074,122,7.95,7.96,9,No,1,9,5,Yes,6.94,7.76,7.26,HIGH,2.74,LOW,0.24
CLG0003,113,9.86,10.0,8,Yes,3,4,5,Yes,9.25,5.93,7.3,HIGH,2.7,LOW,2.07
CLG0043,96,6.81,6.54,10,Yes,7,7,5,No,5.55,8.07,6.39,HIGH,3.61,LOW,0.0
CLG0037,100,6.97,6.85,8,No,3,9,4,No,5.21,7.36,6.04,HIGH,3.96,LOW,0.64
CLG0086,103,6.01,6.3,3,No,7,2,2,No,2.56,3.44,3.46,LOW,6.54,HIGH,4.56
CLG0057,69,5.35,5.38,1,No,4,8,1,No,0.83,4.71,2.69,LOW,7.31,HIGH,3.29
CLG0025,96,8.86,8.76,3,No,8,4,5,No,6.07,6.93,6.14,HIGH,3.86,LOW,1.07
CLG0004,89,6.25,5.78,3,No,1,4,2,No,2.33,3.13,3.0,LOW,7.0,HIGH,4.87
CLG0058,84,8.04,8.29,6,No,7,3,2,No,6.24,3.89,4.79,MEDIUM,5.21,MEDIUM,4.11
CLG0037,95,8.44,8.91,3,Yes,6,10,3,Yes,5.93,7.6,6.34,HIGH,3.66,LOW,0.4
CLG0008,126,7.36,7.48,2,No,1,4,5,No,3.9,5.53,5.22,MEDIUM,4.78,MEDIUM,2.47
CLG0094,109,9.38,9.74,9,Yes,4,9,0,No,9.1,4.36,6.55,HIGH,3.45,LOW,3.64
CLG0009,91,7.22,7.24,6,No,5,1,4,No,4.98,4.2,4.53,MEDIUM,5.47,MEDIUM,3.8
CLG0079,108,6.42,6.15,5,No,8,9,5,No,3.36,9.16,6.15,HIGH,3.85,LOW,0.0
CLG0001,120,9.48,8.99,3,Yes,10,10,2,Yes,6.61,7.6,7.03,HIGH,2.97,LOW,0.4
CLG0013,113,9.31,9.46,7,No,7,9,5,Yes,8.19,8.96,8.09,HIGH,1.91,LOW,0.0
CLG0068,100,5.82,5.81,7,No,6,1,3,No,3.42,3.6,3.82,LOW,6.18,HIGH,4.4
CLG0016,90,5.13,5.41,4,No,10,9,0,No,1.72,5.56,3.75,LOW,6.25,HIGH,2.44
CLG0044,110,5.45,5.64,10,No,0,6,1,No,4.08,3.02,4.02,LOW,5.98,HIGH,4.98
CLG0065,105,6.43,6.92,2,No,9,8,2,No,2.93,6.51,4.87,MEDIUM,5.13,MEDIUM,1.49
CLG0014,113,9.86,9.87,2,No,2,8,5,Yes,7.15,7.51,7.09,HIGH,2.91,LOW,0.49
CLG0091,109,7.79,7.72,8,No,0,8,3,No,6.34,5.51,5.9,MEDIUM,4.1,MEDIUM,2.49
CLG0026,115,6.87,6.66,4,No,9,8,5,Yes,3.68,8.91,6.3,HIGH,3.7,LOW,0.0
CLG0032,91,9.44,9.42,7,No,5,1,5,No,8.24,5.0,6.15,HIGH,3.85,LOW,3.0
CLG0002,119,7.27,7.64,3,Yes,2,1,5,No,4.3,4.4,4.81,MEDIUM,5.19,MEDIUM,3.6
CLG0016,102,6.58,6.12,9,No,1,7,5,No,4.77,6.87,5.7,MEDIUM,4.3,MEDIUM,1.13
CLG0092,131,9.71,10.0,10,Yes,9,9,3,Yes,9.83,7.76,8.57,HIGH,1.43,LOW,0.24
CLG0049,89,9.25,9.74,9,Yes,1,10,3,Yes,9.03,6.6,7.07,HIGH,2.93,LOW,1.4
CLG0090,126,9.22,9.32,7,No,7,8,1,Yes,8.03,5.31,6.79,HIGH,3.21,LOW,2.69
CLG0075,102,7.56,7.39,7,No,0,5,0,No,5.62,1.78,4.0,LOW,6.0,HIGH,6.22
CLG0023,90,8.95,8.67,1,No,8,8,4,Yes,5.4,7.91,6.16,HIGH,3.84,LOW,0.09
CLG0094,92,5.9,5.68,10,Yes,6,9,4,No,4.38,7.96,5.81,MEDIUM,4.19,MEDIUM,0.04
CLG0060,95,7.87,7.42,8,No,0,7,2,No,6.17,4.27,5.1,MEDIUM,4.9,MEDIUM,3.73
CLG0095,106,9.92,9.9,2,No,4,10,0,No,7.21,4.8,5.92,MEDIUM,4.08,MEDIUM,3.2
CLG0066,107,6.45,6.01,8,No,4,3,2,No,4.28,3.29,4.16,LOW,5.84,HIGH,4.71
CLG0020,91,8.97,9.19,2,No,1,9,4,Yes,6.12,6.96,6.09,HIGH,3.91,LOW,1.04
CLG0093,99,7.45,7.32,1,No,0,5,1,No,3.51,2.58,3.43,LOW,6.57,HIGH,5.42
CLG0074,132,5.2,4.9,8,No,6,8,5,Yes,2.72,8.31,5.97,HIGH,4.03,LOW,0.0
CLG0018,125,8.82,8.86,4,No,8,1,0,No,6.46,1.6,4.66,MEDIUM,5.34,MEDIUM,6.4
CLG0059,106,5.84,6.31,10,Yes,7,1,0,No,4.8,1.4,3.59,LOW,6.41,HIGH,6.6
CLG0031,100,8.16,8.36,6,Yes,6,3,2,No,6.36,3.69,5.03,MEDIUM,4.97,MEDIUM,4.31
CLG0004,101,5.43,5.42,10,No,3,2,2,No,3.9,2.64,3.64,LOW,6.36,HIGH,5.36
CLG0027,109,9.73,10.0,10,Yes,9,5,1,No,9.84,4.38,6.85,HIGH,3.15,LOW,3.62
CLG0018,84,6.46,6.7,1,Yes,6,9,0,No,2.46,4.76,3.62,LOW,6.38,HIGH,3.24
CLG0063,96,6.13,6.52,9,Yes,7,9,4,No,4.8,8.16,6.12,HIGH,3.88,LOW,0.0
CLG0095,74,5.65,5.35,7,Yes,8,8,4,No,2.98,7.91,4.92,MEDIUM,5.08,MEDIUM,0.09
CLG0071,105,9.73,10.0,5,Yes,8,5,3,No,8.17,5.78,6.67,HIGH,3.33,LOW,2.22
CLG0019,109,8.56,8.36,6,Yes,4,3,4,No,6.6,4.89,5.76,MEDIUM,4.24,MEDIUM,3.11
CLG0039,92,8.71,9.15,3,Yes,4,6,5,No,6.27,7.02,6.19,HIGH,3.81,LOW,0.98
CLG0066,123,7.5,7.28,9,No,5,8,5,Yes,6.17,8.11,7.11,HIGH,2.89,LOW,0.0
CLG0078,81,7.37,7.8,2,Yes,7,6,3,No,4.14,6.02,4.75,MEDIUM,5.25,MEDIUM,1.98
CLG0100,78,5.55,6.01,10,No,2,7,3,No,4.41,5.47,4.58,MEDIUM,5.42,MEDIUM,2.53
CLG0046,103,7.8,7.45,1,No,2,7,2,No,3.81,4.67,4.45,MEDIUM,5.55,MEDIUM,3.33
CLG0092,115,6.23,6.7,1,No,10,7,4,No,2.32,7.87,5.34,MEDIUM,4.66,MEDIUM,0.13
CLG0038,125,9.89,9.48,10,Yes,4,9,3,Yes,9.55,6.76,7.96,HIGH,2.04,LOW,1.24
CLG0067,93,8.98,8.7,2,Yes,10,9,4,Yes,5.77,8.76,6.7,HIGH,3.3,LOW,0.0
CLG0029,116,7.06,7.0,6,Yes,0,1,4,No,4.7,3.2,4.44,MEDIUM,5.56,MEDIUM,4.8
CLG0091,99,5.76,6.25,6,No,4,3,4,No,3.38,4.89,4.3,MEDIUM,5.7,MEDIUM,3.11
CLG0057,97,8.93,8.92,9,No,8,5,1,No,8.23,4.18,5.92,MEDIUM,4.08,MEDIUM,3.82
CLG0048,113,5.61,5.66,10,Yes,4,4,3,No,4.19,4.53,4.72,MEDIUM,5.28,MEDIUM,3.47
CLG0052,109,5.95,6.14,4,No,6,1,5,No,2.74,5.2,4.34,MEDIUM,5.66,MEDIUM,2.8
CLG0048,76,6.06,6.53,8,Yes,9,1,4,No,4.43,5.0,4.37,MEDIUM,5.63,MEDIUM,3.0
CLG0061,122,7.78,8.06,4,Yes,8,4,2,Yes,5.25,4.53,5.3,MEDIUM,4.7,MEDIUM,3.47
CLG0067,120,8.94,8.66,3,No,7,5,1,No,6.05,3.98,5.36,MEDIUM,4.64,MEDIUM,4.02
CLG0048,90,6.57,6.37,4,No,4,4,3,No,3.28,4.53,3.96,LOW,6.04,HIGH,3.47
CLG0094,105,5.42,5.02,1,No,1,2,0,No,0.6,0.64,1.59,LOW,8.41,HIGH,7.36
CLG0082,107,7.32,7.46,9,Yes,4,5,3,No,6.2,4.98,5.6,MEDIUM,4.4,MEDIUM,3.02
CLG0008,103,8.74,8.42,5,No,9,10,1,No,6.42,6.6,6.27,HIGH,3.73,LOW,1.4
CLG0074,91,6.11,5.87,7,No,7,3,2,No,3.64,3.89,3.87,LOW,6.13,HIGH,4.11
CLG0086,89,6.1,6.49,3,Yes,10,7,1,No,2.76,5.47,4.11,LOW,5.89,HIGH,2.53
CLG0088,99,9.74,9.57,5,No,0,4,4,No,7.86,4.53,5.95,HIGH,4.05,LOW,3.47
CLG0067,117,9.77,9.84,10,No,9,2,5,Yes,9.74,6.24,7.69,HIGH,2.31,LOW,1.76
CLG0014,108,9.95,9.85,4,Yes,3,8,5,Yes,7.86,7.71,7.37,HIGH,2.63,LOW,0.29
CLG0047,94,9.04,8.61,7,No,0,10,1,No,7.41,4.8,5.79,MEDIUM,4.21,MEDIUM,3.2
CLG0024,111,5.94,5.8,5,No,4,2,0,No,2.82,1.24,2.82,LOW,7.18,HIGH,6.76
CLG0091,57,6.06,5.97,2,No,1,7,0,No,2.02,2.87,2.23,LOW,7.77,HIGH,5.13
CLG0062,117,6.7,7.1,3,Yes,1,8,4,Yes,3.56,6.51,5.33,MEDIUM,4.67,MEDIUM,1.49
CLG0058,73,6.59,6.41,8,No,6,10,4,No,4.66,8.4,5.77,MEDIUM,4.23,MEDIUM,0.0
CLG0034,94,9.78,9.66,3,No,3,3,0,No,7.29,1.49,4.42,MEDIUM,5.58,MEDIUM,6.51
CLG0031,83,8.95,9.23,7,Yes,1,6,5,No,7.81,6.42,6.41,HIGH,3.59,LOW,1.58
CLG0048,80,8.62,8.88,5,No,10,4,2,No,6.68,4.93,5.31,MEDIUM,4.69,MEDIUM,3.07
CLG0091,117,5.93,6.23,7,No,2,2,5,No,3.8,4.84,4.76,MEDIUM,5.24,MEDIUM,3.16
CLG0045,92,9.55,10.0,10,No,2,8,5,Yes,9.73,7.51,7.77,HIGH,2.23,LOW,0.49
CLG0029,105,9.14,9.44,9,No,1,2,1,No,8.74,1.44,5.17,MEDIUM,4.83,MEDIUM,6.56
CLG0029,99,5.82,5.73,7,Yes,6,9,0,No,3.36,4.76,4.24,LOW,5.76,HIGH,3.24
CLG0063,107,9.36,9.68,6,Yes,0,9,4,Yes,8.05,6.76,7.05,HIGH,2.95,LOW,1.24
CLG0048,101,6.36,6.37,1,No,8,8,4,No,2.16,7.91,5.05,MEDIUM,4.95,MEDIUM,0.09
CLG0012,80,5.4,5.18,4,No,4,10,2,No,1.71,6.4,3.91,LOW,6.09,HIGH,1.6
CLG0078,114,8.28,8.08,8,Yes,3,3,3,Yes,6.89,3.89,5.56,MEDIUM,4.44,MEDIUM,4.11
CLG0027,92,8.27,7.99,1,No,2,8,4,No,4.49,6.71,5.35,MEDIUM,4.65,MEDIUM,1.29
CLG0047,76,5.47,5.11,6,No,2,5,2,No,2.37,3.78,3.06,LOW,6.94,HIGH,4.22
CLG0066,93,6.59,6.27,2,Yes,2,10,0,No,2.55,4.4,3.67,LOW,6.33,HIGH,3.6
CLG0037,122,9.96,9.52,9,Yes,0,5,3,Yes,9.29,4.18,6.77,HIGH,3.23,LOW,3.82
CLG0045,112,8.39,8.78,8,No,1,2,0,No,7.47,0.64,4.46,MEDIUM,5.54,MEDIUM,7.36
CLG0057,94,8.65,9.08,9,No,10,3,2,No,8.18,4.49,5.97,HIGH,4.03,LOW,3.51
CLG0018,94,6.06,6.15,9,No,6,8,0,No,4.48,4.31,4.42,MEDIUM,5.58,MEDIUM,3.69
CLG0013,95,5.39,5.73,2,Yes,2,1,1,No,1.44,1.2,1.98,LOW,8.02,HIGH,6.8
CLG0073,131,6.38,6.06,2,No,5,4,2,No,2.27,3.93,4.02,LOW,5.98,HIGH,4.07
CLG0029,105,6.24,6.64,9,Yes,3,6,3,No,4.95,5.22,5.16,MEDIUM,4.84,MEDIUM,2.78
CLG0056,106,6.17,6.18,2,No,9,9,4,No,2.24,8.56,5.43,MEDIUM,4.57,MEDIUM,0.0
CLG0074,115,5.96,5.53,4,No,4,8,0,No,2.3,3.91,3.75,LOW,6.25,HIGH,4.09
CLG0020,103,7.87,7.51,2,Yes,7,10,2,No,4.23,7.0,5.55,MEDIUM,4.45,MEDIUM,1.0
CLG0029,96,6.64,6.45,1,No,1,5,0,No,2.38,1.98,2.68,LOW,7.32,HIGH,6.02
CLG0006,97,9.1,8.64,10,Yes,9,7,5,No,8.46,8.47,7.73,HIGH,2.27,LOW,0.0
CLG0026,98,5.92,5.73,7,No,4,8,2,No,3.42,5.51,4.55,MEDIUM,5.45,MEDIUM,2.49
CLG0061,99,7.32,6.88,5,No,1,9,5,No,4.44,7.76,5.87,MEDIUM,4.13,MEDIUM,0.24
CLG0086,110,5.07,4.81,3,No,8,3,2,No,0.91,4.09,3.18,LOW,6.82,HIGH,3.91
CLG0043,100,7.41,7.18,8,No,1,8,5,No,5.71,7.31,6.22,HIGH,3.78,LOW,0.69
CLG0047,110,5.28,5.77,5,Yes,0,3,3,No,2.4,3.29,3.46,LOW,6.54,HIGH,4.71
CLG0026,98,9.89,9.63,1,No,3,1,0,No,6.66,0.6,3.88,LOW,6.12,HIGH,7.4
CLG0081,101,8.95,8.69,9,No,6,4,0,No,8.08,2.53,5.27,MEDIUM,4.73,MEDIUM,5.47
CLG0001,70,7.45,7.64,5,Yes,1,7,2,No,5.07,4.47,4.31,MEDIUM,5.69,MEDIUM,3.53
CLG0095,113,5.43,5.79,3,No,10,9,1,No,1.84,6.36,4.51,MEDIUM,5.49,MEDIUM,1.64
CLG0073,105,7.96,7.85,6,No,9,10,4,No,5.87,9.0,7.04,HIGH,2.96,LOW,0.0
CLG0026,114,8.79,9.17,8,No,8,7,4,Yes,8.0,7.47,7.44,HIGH,2.56,LOW,0.53
CLG0064,56,5.95,5.79,2,No,0,10,1,No,1.82,4.8,2.9,LOW,7.1,HIGH,3.2
CLG0062,131,7.84,7.54,3,No,0,5,3,No,4.57,4.18,5.04,MEDIUM,4.96,MEDIUM,3.82
CLG0006,97,9.07,8.9,7,No,7,1,5,No,7.64,5.4,6.17,HIGH,3.83,LOW,2.6
CLG0062,116,8.84,8.95,2,No,4,1,1,No,5.87,1.6,4.27,MEDIUM,5.73,MEDIUM,6.4
CLG0066,84,9.01,8.88,5,No,8,9,5,Yes,6.92,9.16,7.17,HIGH,2.83,LOW,0.0
CLG0042,109,9.4,9.57,9,Yes,7,4,1,No,8.99,3.53,6.17,HIGH,3.83,LOW,4.47
CLG0027,84,9.69,9.43,7,Yes,5,3,3,No,8.4,4.29,5.81,MEDIUM,4.19,MEDIUM,3.71
CLG0065,90,7.03,7.23,3,No,3,5,2,No,3.86,3.98,3.97,LOW,6.03,HIGH,4.02
CLG0030,128,7.84,7.69,2,No,5,7,5,No,4.35,7.67,6.3,HIGH,3.7,LOW,0.33
CLG0082,97,8.95,8.91,10,No,1,7,0,No,8.57,2.87,5.53,MEDIUM,4.47,MEDIUM,5.13
CLG0098,103,8.49,8.55,9,No,4,5,5,No,7.7,6.58,6.77,HIGH,3.23,LOW,1.42
CLG0085,113,9.98,10.0,9,Yes,9,8,5,Yes,9.65,8.91,8.65,HIGH,1.35,LOW,0.0
CLG0065,107,5.07,4.81,9,No,2,5,4,No,2.91,5.38,4.44,MEDIUM,5.56,MEDIUM,2.62
CLG0047,102,6.78,7.12,10,No,2,10,5,No,5.96,8.4,6.79,HIGH,3.21,LOW,0.0
CLG0032,105,6.41,6.63,3,Yes,0,4,4,No,3.04,4.53,4.12,LOW,5.88,HIGH,3.47
CLG0034,136,6.31,6.04,1,Yes,10,6,4,No,1.88,7.42,5.34,MEDIUM,4.66,MEDIUM,0.58
CLG0047,99,6.11,6.58,9,Yes,7,3,1,No,4.83,3.09,4.16,LOW,5.84,HIGH,4.91
CLG0014,103,8.55,8.71,7,No,9,4,2,No,7.18,4.73,5.82,MEDIUM,4.18,MEDIUM,3.27
CLG0005,115,5.42,5.37,2,No,2,8,2,Yes,1.19,5.11,3.78,LOW,6.22,HIGH,2.89
CLG0036,116,8.71,8.37,6,No,0,10,5,Yes,6.7,8.0,7.16,HIGH,2.84,LOW,0.0
CLG0096,117,8.47,8.5,9,No,3,10,1,Yes,7.65,5.4,6.52,HIGH,3.48,LOW,2.6
CLG0009,109,6.25,5.91,8,Yes,0,3,3,No,4.09,3.29,4.11,LOW,5.89,HIGH,4.71
CLG0035,82,6.26,6.19,6,No,0,10,3,No,3.63,6.4,4.71,MEDIUM,5.29,MEDIUM,1.6
CLG0025,124,8.14,8.05,6,Yes,0,3,2,Yes,6.12,2.49,4.86,MEDIUM,5.14,MEDIUM,5.51
CLG0075,82,8.81,9.03,8,No,1,6,1,No,7.91,3.22,5.15,MEDIUM,4.85,MEDIUM,4.78
CLG0046,104,9.38,9.07,9,Yes,0,8,5,Yes,8.61,7.11,7.36,HIGH,2.64,LOW,0.89
CLG0013,88,9.26,9.58,8,No,5,10,4,Yes,8.58,8.2,7.52,HIGH,2.48,LOW,0.0
CLG0061,99,9.82,9.65,1,Yes,6,2,0,No,6.64,1.64,4.3,MEDIUM,5.7,MEDIUM,6.36
CLG0030,104,7.91,7.85,2,Yes,0,1,2,No,4.5,1.6,3.52,LOW,6.48,HIGH,6.4
CLG0098,104,9.54,9.81,6,No,9,10,4,Yes,8.25,9.0,7.98,HIGH,2.02,LOW,0.0
CLG0032,106,9.04,9.17,8,Yes,0,1,2,No,8.15,1.6,5.01,MEDIUM,4.99,MEDIUM,6.4
CLG0030,124,9.47,9.28,4,No,10,7,0,No,7.15,4.67,6.15,HIGH,3.85,LOW,3.33
CLG0082,106,5.06,4.95,4,Yes,9,2,5,No,1.34,6.24,4.14,LOW,5.86,HIGH,1.76
CLG0056,96,9.83,9.64,2,No,8,9,3,Yes,6.97,7.56,6.75,HIGH,3.25,LOW,0.44
CLG0067,114,7.37,7.46,10,No,8,10,2,Yes,6.56,7.2,6.75,HIGH,3.25,LOW,0.8
CLG0071,117,8.99,8.82,1,No,0,4,5,Yes,5.53,5.33,5.64,MEDIUM,4.36,MEDIUM,2.67
CLG0055,81,5.64,5.87,10,No,10,7,1,No,4.36,5.47,4.62,MEDIUM,5.38,MEDIUM,2.53
CLG0098,108,6.98,7.06,9,No,7,5,3,No,5.7,5.58,5.66,MEDIUM,4.34,MEDIUM,2.42
CLG0008,110,6.36,6.01,7,No,2,5,3,No,3.89,4.58,4.57,MEDIUM,5.43,MEDIUM,3.42
CLG0043,95,6.46,6.27,9,Yes,6,7,4,No,4.81,7.07,5.68,MEDIUM,4.32,MEDIUM,0.93
CLG0048,120,5.62,5.34,2,Yes,0,9,1,No,1.29,4.36,3.61,LOW,6.39,HIGH,3.64
CLG0058,97,9.03,8.92,10,No,6,4,5,No,8.63,6.53,7.02,HIGH,2.98,LOW,1.47
CLG0032,101,5.05,5.07,5,Yes,10,9,2,No,1.75,7.16,4.59,MEDIUM,5.41,MEDIUM,0.84
CLG0078,97,6.56,6.57,2,Yes,0,9,2,No,2.76,5.16,4.13,LOW,5.87,HIGH,2.84
CLG0069,100,5.87,6.12,10,No,2,8,1,No,4.68,4.31,4.6,MEDIUM,5.4,MEDIUM,3.69
CLG0007,83,7.95,7.64,7,No,6,1,3,No,6.04,3.6,4.57,MEDIUM,5.43,MEDIUM,4.4
CLG0074,78,6.27,6.72,9,Yes,0,10,2,No,5.03,5.6,4.88,MEDIUM,5.12,MEDIUM,2.4
CLG0020,123,6.29,6.13,3,No,8,9,2,Yes,2.61,6.76,5.15,MEDIUM,4.85,MEDIUM,1.24
CLG0062,87,7.44,7.24,1,Yes,4,3,2,No,3.44,3.29,3.48,LOW,6.52,HIGH,4.71
CLG0021,85,8.26,8.45,4,No,1,8,0,No,5.82,3.31,4.4,MEDIUM,5.6,MEDIUM,4.69
CLG0092,67,5.61,5.92,4,No,3,5,1,No,2.38,3.18,2.67,LOW,7.33,HIGH,4.82
CLG0029,90,5.88,5.76,6,Yes,7,6,0,No,3.09,3.62,3.52,LOW,6.48,HIGH,4.38
CLG0070,80,6.24,6.49,5,No,3,3,0,No,3.51,1.49,2.67,LOW,7.33,HIGH,6.51
CLG0038,124,9.87,10.0,5,No,9,7,4,Yes,8.26,7.67,7.79,HIGH,2.21,LOW,0.33
CLG0042,115,6.99,7.26,9,No,4,2,2,No,5.85,2.84,4.74,MEDIUM,5.26,MEDIUM,5.16
CLG0003,89,7.99,7.52,1,No,1,3,0,No,3.98,1.09,2.85,LOW,7.15,HIGH,6.91
CLG0037,133,6.21,6.54,8,Yes,4,2,1,No,4.52,2.04,4.2,LOW,5.8,HIGH,5.96
CLG0017,114,7.45,7.72,8,No,6,9,4,Yes,6.13,7.96,6.88,HIGH,3.12,LOW,0.04
CLG0033,95,5.37,5.54,8,No,8,3,4,No,3.29,5.69,4.52,MEDIUM,5.48,MEDIUM,2.31
CLG0010,62,5.17,5.43,3,Yes,7,8,5,No,1.42,8.51,4.33,MEDIUM,5.67,MEDIUM,0.0
CLG0037,134,7.34,7.82,10,No,9,6,3,No,6.81,6.42,6.88,HIGH,3.12,LOW,1.58
CLG0033,79,6.99,6.92,8,No,10,1,3,No,5.27,4.4,4.52,MEDIUM,5.48,MEDIUM,3.6
CLG0028,75,5.68,5.25,2,Yes,5,6,4,No,1.26,6.42,3.65,LOW,6.35,HIGH,1.58
CLG0087,115,8.44,8.4,8,Yes,8,8,1,Yes,7.23,5.51,6.36,HIGH,3.64,LOW,2.49
CLG0042,136,9.96,9.51,8,No,6,10,0,Yes,8.95,5.2,7.28,HIGH,2.72,LOW,2.8
CLG0058,120,6.98,6.77,3,No,2,3,3,No,3.49,3.69,4.22,LOW,5.78,HIGH,4.31
CLG0048,108,8.12,8.21,4,Yes,10,7,0,No,5.56,4.67,5.24,MEDIUM,4.76,MEDIUM,3.33
CLG0051,108,9.81,9.62,9,No,0,6,1,No,9.27,3.02,6.06,HIGH,3.94,LOW,4.98
CLG0010,112,9.16,9.35,9,No,4,1,0,No,8.69,0.8,5.01,MEDIUM,4.99,MEDIUM,7.2
CLG0008,111,7.32,7.64,10,Yes,8,2,4,No,6.66,5.24,5.96,HIGH,4.04,LOW,2.76
CLG0016,104,8.69,8.61,9,No,7,5,3,No,7.86,5.58,6.45,HIGH,3.55,LOW,2.42
CLG0096,101,5.64,6.04,10,Yes,5,7,1,No,4.48,4.47,4.61,MEDIUM,5.39,MEDIUM,3.53
CLG0062,99,7.56,7.14,6,No,7,4,4,No,5.11,5.93,5.41,MEDIUM,4.59,MEDIUM,2.07
CLG0049,88,6.4,6.74,1,No,7,6,1,No,2.45,4.42,3.55,LOW,6.45,HIGH,3.58
CLG0089,95,5.81,6.14,8,Yes,2,2,5,No,3.99,4.84,4.46,MEDIUM,5.54,MEDIUM,3.16
CLG0015,74,7.13,6.95,9,No,5,5,3,No,5.71,5.18,4.92,MEDIUM,5.08,MEDIUM,2.82
CLG0016,98,5.66,5.46,8,Yes,6,10,0,No,3.4,5.2,4.41,MEDIUM,5.59,MEDIUM,2.8
CLG0081,85,8.49,8.3,1,No,1,3,1,No,4.85,1.89,3.45,LOW,6.55,HIGH,6.11
CLG0027,83,7.28,7.59,6,No,10,1,3,No,5.27,4.4,4.59,MEDIUM,5.41,MEDIUM,3.6
CLG0047,102,7.66,7.99,9,Yes,6,6,5,No,6.79,7.42,6.73,HIGH,3.27,LOW,0.58
CLG0026,120,5.73,5.56,9,Yes,9,9,5,Yes,3.85,9.36,6.63,HIGH,3.37,LOW,0.0
CLG0072,113,5.7,5.79,7,Yes,5,10,4,Yes,3.34,8.2,5.85,MEDIUM,4.15,MEDIUM,0.0
CLG0041,76,7.92,7.56,7,Yes,1,8,3,No,5.96,5.71,5.27,MEDIUM,4.73,MEDIUM,2.29
CLG0011,85,9.93,9.9,4,No,1,4,0,No,7.88,1.53,4.52,MEDIUM,5.48,MEDIUM,6.47
CLG0091,114,5.48,5.98,7,No,5,8,3,Yes,3.34,6.51,5.19,MEDIUM,4.81,MEDIUM,1.49
CLG0009,85,6.43,6.09,10,No,2,5,4,No,4.99,5.38,4.9,MEDIUM,5.1,MEDIUM,2.62
CLG0054,96,9.35,9.8,5,No,5,3,4,No,7.8,5.09,6.1,HIGH,3.9,LOW,2.91
CLG0011,108,5.36,5.68,10,Yes,8,4,1,No,4.05,3.73,4.26,MEDIUM,5.74,HIGH,4.27
CLG0007,85,9.38,9.85,5,Yes,9,7,4,No,7.85,7.67,6.96,HIGH,3.04,LOW,0.33
CLG0028,101,7.62,7.3,1,Yes,0,5,2,No,3.59,3.38,3.81,LOW,6.19,HIGH,4.62
CLG0094,79,7.04,6.75,2,Yes,2,4,4,No,3.18,4.93,3.89,LOW,6.11,HIGH,3.07
CLG0062,90,6.55,6.07,9,No,1,3,0,No,4.72,1.09,3.16,LOW,6.84,HIGH,6.91
CLG0055,104,6.49,6.71,2,Yes,10,3,4,No,2.82,6.09,4.64,MEDIUM,5.36,MEDIUM,1.91
CLG0036,76,6.53,6.67,10,No,2,10,1,No,5.48,5.2,4.87,MEDIUM,5.13,MEDIUM,2.8
CLG0073,106,9.42,9.1,2,Yes,1,6,4,No,6.33,5.62,5.89,MEDIUM,4.11,MEDIUM,2.38
CLG0099,99,8.62,8.91,9,No,2,8,3,Yes,8.04,5.91,6.57,HIGH,3.43,LOW,2.09
CLG0063,108,8.35,8.15,3,Yes,3,4,5,No,5.32,5.93,5.65,MEDIUM,4.35,MEDIUM,2.07
CLG0051,103,8.99,8.62,2,No,6,1,5,No,5.72,5.2,5.43,MEDIUM,4.57,MEDIUM,2.8
CLG0077,120,6.29,6.21,7,Yes,1,4,3,No,4.0,3.93,4.52,MEDIUM,5.48,MEDIUM,4.07
CLG0048,101,8.09,7.68,9,Yes,1,5,3,No,6.82,4.38,5.51,MEDIUM,4.49,MEDIUM,3.62
CLG0068,93,7.3,7.06,6,Yes,1,8,2,No,4.89,4.91,4.81,MEDIUM,5.19,MEDIUM,3.09
CLG0010,101,8.91,8.78,7,Yes,5,7,1,No,7.45,4.47,5.79,MEDIUM,4.21,MEDIUM,3.53
CLG0026,108,6.55,6.9,3,Yes,7,2,3,No,3.33,4.24,4.17,LOW,5.83,HIGH,3.76
CLG0067,100,8.22,8.51,3,Yes,3,9,3,Yes,5.51,6.56,5.84,MEDIUM,4.16,MEDIUM,1.44
CLG0053,100,9.41,9.35,8,No,9,3,5,No,8.5,6.69,7.08,HIGH,2.92,LOW,1.31
CLG0043,89,7.01,7.23,7,Yes,2,9,3,No,5.18,6.36,5.44,MEDIUM,4.56,MEDIUM,1.64
CLG0017,90,5.33,5.4,5,No,8,1,5,No,2.16,5.6,3.94,LOW,6.06,HIGH,2.4
CLG0027,78,7.58,7.42,6,No,0,9,5,No,5.32,7.56,5.78,MEDIUM,4.22,MEDIUM,0.44
CLG0022,126,6.73,6.96,9,No,9,7,1,No,5.48,5.27,5.75,MEDIUM,4.25,MEDIUM,2.73
CLG0036,81,8.36,8.54,3,No,1,2,5,No,5.61,4.64,4.78,MEDIUM,5.22,MEDIUM,3.36
CLG0072,89,9.76,9.88,3,No,6,10,3,Yes,7.43,7.6,6.83,HIGH,3.17,LOW,0.4
CLG0033,89,7.43,7.55,6,Yes,2,7,2,No,5.33,4.67,4.82,MEDIUM,5.18,MEDIUM,3.33
CLG0090,113,7.33,7.51,8,Yes,8,1,3,No,5.91,4.0,5.19,MEDIUM,4.81,MEDIUM,4.0
CLG0095,95,8.27,8.15,5,No,0,3,0,No,5.94,0.89,3.66,LOW,6.34,HIGH,7.11
CLG0053,118,5.52,5.89,1,Yes,8,7,2,No,1.3,5.87,4.18,LOW,5.82,HIGH,2.13
CLG0011,89,6.27,5.93,3,No,5,3,0,No,2.45,1.89,2.56,LOW,7.44,HIGH,6.11
CLG0093,104,9.59,9.97,8,No,0,2,3,No,9.07,2.84,5.84,MEDIUM,4.16,MEDIUM,5.16
CLG0029,87,8.35,8.19,4,No,8,5,3,No,5.68,5.78,5.37,MEDIUM,4.63,MEDIUM,2.22
CLG0038,132,5.07,4.7,9,Yes,8,3,1,No,2.83,3.29,4.0,LOW,6.0,HIGH,4.71
CLG0058,82,6.02,6.12,6,Yes,9,9,5,No,3.44,9.36,5.82,MEDIUM,4.18,MEDIUM,0.0
CLG0015,104,8.41,8.29,10,Yes,10,7,0,No,7.79,4.67,6.06,HIGH,3.94,LOW,3.33
CLG0054,109,8.82,9.14,4,No,4,1,0,No,6.66,0.8,4.15,LOW,5.85,HIGH,7.2
CLG0062,106,9.2,9.13,4,No,6,1,4,No,6.88,4.4,5.62,MEDIUM,4.38,MEDIUM,3.6
CLG0057,97,6.46,6.63,10,No,2,6,4,No,5.41,5.82,5.45,MEDIUM,4.55,MEDIUM,2.18
CLG0079,98,9.66,9.47,5,Yes,7,4,4,No,7.74,5.93,6.44,HIGH,3.56,LOW,2.07
CLG0071,100,7.76,7.47,7,Yes,2,1,4,No,5.8,3.6,4.77,MEDIUM,5.23,MEDIUM,4.4
CLG0058,97,8.48,8.37,7,No,9,9,0,No,6.89,5.36,5.86,MEDIUM,4.14,MEDIUM,2.64
CLG0049,114,7.98,8.09,10,Yes,6,2,1,No,7.39,2.44,5.18,MEDIUM,4.82,MEDIUM,5.56
CLG0053,133,5.61,5.77,7,Yes,3,1,4,No,3.27,3.8,4.4,MEDIUM,5.6,MEDIUM,4.2
CLG0029,91,9.82,9.9,5,Yes,4,3,0,No,8.15,1.69,4.79,MEDIUM,5.21,MEDIUM,6.31
CLG0033,79,5.61,6.1,9,Yes,6,10,1,No,4.18,6.0,4.72,MEDIUM,5.28,MEDIUM,2.0
CLG0046,98,6.27,6.46,2,No,1,1,1,No,2.5,1.0,2.37,LOW,7.63,HIGH,7.0
CLG0054,138,9.07,9.5,8,Yes,3,4,4,Yes,8.41,5.13,7.07,HIGH,2.93,LOW,2.87
CLG0080,87,8.09,7.71,10,No,6,4,0,No,7.18,2.53,4.67,MEDIUM,5.33,MEDIUM,5.47
CLG0098,124,9.19,8.75,8,Yes,2,6,2,Yes,7.93,4.22,6.28,HIGH,3.72,LOW,3.78
CLG0085,125,7.58,7.39,3,No,3,3,0,No,4.3,1.49,3.75,LOW,6.25,HIGH,6.51
CLG0007,91,6.88,6.52,5,No,9,9,1,No,3.91,6.16,4.88,MEDIUM,5.12,MEDIUM,1.84
CLG0029,108,9.61,9.64,8,Yes,7,6,3,No,8.84,6.02,7.09,HIGH,2.91,LOW,1.98
CLG0009,124,5.18,5.2,10,Yes,2,7,4,No,3.59,6.27,5.36,MEDIUM,4.64,MEDIUM,1.73
CLG0049,94,9.28,9.36,9,Yes,8,6,1,No,8.77,4.62,6.26,HIGH,3.74,LOW,3.38
CLG0071,96,6.15,6.4,7,No,4,9,2,No,4.05,5.96,4.94,MEDIUM,5.06,MEDIUM,2.04
CLG0078,91,9.24,9.71,4,No,1,2,2,No,7.33,2.24,4.68,MEDIUM,5.32,MEDIUM,5.76
CLG0094,84,5.7,6.08,4,No,7,8,2,No,2.55,6.11,4.2,LOW,5.8,HIGH,1.89
CLG0088,90,7.9,7.52,3,Yes,9,5,2,No,4.59,5.18,4.75,MEDIUM,5.25,MEDIUM,2.82
CLG0051,81,9.44,9.28,8,No,7,2,5,No,8.47,5.84,6.41,HIGH,3.59,LOW,2.16
CLG0098,100,7.37,7.13,6,Yes,0,7,0,No,4.99,2.67,4.07,LOW,5.93,HIGH,5.33
CLG0008,88,8.73,8.41,10,Yes,8,5,1,No,8.07,4.18,5.7,MEDIUM,4.3,MEDIUM,3.82
CLG0055,103,9.02,9.06,6,No,1,8,2,Yes,7.39,4.91,5.98,HIGH,4.02,LOW,3.09
CLG0065,76,8.68,8.73,10,No,3,10,1,No,8.28,5.4,6.07,HIGH,3.93,LOW,2.6
CLG0098,104,9.63,9.36,10,Yes,5,6,1,No,9.31,4.02,6.41,HIGH,3.59,LOW,3.98
CLG0084,112,7.23,7.44,9,Yes,8,7,3,No,6.13,6.67,6.33,HIGH,3.67,LOW,1.33
CLG0095,70,5.87,6.1,3,No,0,1,0,No,2.33,0.0,1.43,LOW,8.57,HIGH,8.0
CLG0079,105,5.24,4.76,4,No,8,2,3,No,1.31,4.44,3.39,LOW,6.61,HIGH,3.56
CLG0015,118,6.23,6.13,3,No,7,9,4,Yes,2.57,8.16,5.61,MEDIUM,4.39,MEDIUM,0.0
CLG0051,81,5.72,6.11,3,Yes,6,7,4,No,2.25,7.07,4.41,MEDIUM,5.59,MEDIUM,0.93
CLG0034,125,7.79,7.81,1,No,1,7,5,No,4.07,6.87,5.81,MEDIUM,4.19,MEDIUM,1.13
CLG0069,106,5.92,5.77,10,Yes,6,4,4,No,4.45,5.73,5.18,MEDIUM,4.82,MEDIUM,2.27
CLG0086,89,5.19,4.94,6,No,1,4,3,No,2.07,3.93,3.22,LOW,6.78,HIGH,4.07
CLG0012,99,5.18,4.92,9,Yes,8,3,1,No,3.05,3.29,3.53,LOW,6.47,HIGH,4.71
CLG0045,108,9.16,8.76,5,Yes,3,10,5,Yes,6.92,8.6,7.35,HIGH,2.65,LOW,0.0
CLG0031,101,7.96,8.28,10,No,1,4,4,No,7.52,4.73,5.93,HIGH,4.07,MEDIUM,3.27
CLG0054,108,6.79,6.38,2,No,4,10,5,No,2.76,8.8,5.77,MEDIUM,4.23,MEDIUM,0.0
CLG0093,86,9.47,9.26,10,Yes,8,6,4,No,9.14,7.02,7.23,HIGH,2.77,LOW,0.98
CLG0022,102,5.35,4.9,4,No,3,3,3,No,1.47,3.89,3.19,LOW,6.81,HIGH,4.11
CLG0072,78,9.9,10.0,6,No,4,10,1,No,8.61,5.6,6.32,HIGH,3.68,LOW,2.4
CLG0064,98,8.08,7.62,7,Yes,7,8,4,No,6.1,7.71,6.5,HIGH,3.5,LOW,0.29
CLG0060,86,5.92,5.73,7,No,2,1,0,No,3.42,0.4,2.3,LOW,7.7,HIGH,7.6
CLG0028,88,8.4,8.47,4,No,5,6,4,No,5.92,6.42,5.74,MEDIUM,4.26,MEDIUM,1.58
CLG0021,118,8.82,8.73,10,Yes,0,2,3,Yes,8.36,2.84,5.8,MEDIUM,4.2,MEDIUM,5.16
CLG0075,116,7.15,6.93,10,No,2,1,3,No,6.04,2.8,4.82,MEDIUM,5.18,MEDIUM,5.2
CLG0075,109,9.31,9.09,5,No,7,4,0,No,7.25,2.73,5.15,MEDIUM,4.85,MEDIUM,5.27
CLG0087,83,5.75,6.05,4,No,9,6,1,No,2.56,4.82,3.67,LOW,6.33,HIGH,3.18
CLG0077,95,6.39,6.86,10,No,9,7,0,No,5.53,4.47,4.92,MEDIUM,5.08,MEDIUM,3.53
CLG0043,118,5.47,5.32,6,No,5,1,5,No,2.52,5.0,4.32,MEDIUM,5.68,MEDIUM,3.0
CLG0027,102,6.05,5.59,7,Yes,9,3,4,No,3.4,5.89,4.76,MEDIUM,5.24,MEDIUM,2.11
CLG0023,134,6.19,5.73,2,No,3,6,3,No,1.92,5.22,4.45,MEDIUM,5.55,MEDIUM,2.78
CLG0097,105,9.59,9.85,10,No,7,6,1,No,9.64,4.42,6.72,HIGH,3.28,LOW,3.58
CLG0090,102,5.39,5.44,3,Yes,2,10,4,No,1.56,7.6,4.71,MEDIUM,5.29,MEDIUM,0.4
CLG0036,95,7.14,7.42,8,No,1,6,0,No,5.73,2.42,4.18,LOW,5.82,HIGH,5.58
CLG0097,102,7.66,7.86,7,Yes,9,7,5,No,6.03,8.47,6.84,HIGH,3.16,LOW,0.0
CLG0038,97,9.49,9.9,1,No,7,7,4,No,6.62,7.27,6.51,HIGH,3.49,LOW,0.73
CLG0016,110,9.99,10.0,4,No,3,10,0,No,7.99,4.6,6.22,HIGH,3.78,LOW,3.4
CLG0074,114,8.77,9.06,5,No,8,8,2,Yes,6.91,6.31,6.54,HIGH,3.46,LOW,1.69
CLG0043,88,9.85,9.83,3,Yes,10,2,2,No,7.45,4.04,5.4,MEDIUM,4.6,MEDIUM,3.96
CLG0041,80,8.94,8.75,4,No,2,10,3,Yes,6.45,6.8,5.97,HIGH,4.03,LOW,1.2
CLG0044,72,9.82,9.83,10,No,8,1,1,No,9.77,2.4,5.4,MEDIUM,4.6,MEDIUM,5.6
CLG0052,107,8.54,8.54,10,No,9,10,3,Yes,8.05,8.2,7.63,HIGH,2.37,LOW,0.0
CLG0017,83,5.4,5.51,10,Yes,5,7,4,No,3.95,6.87,5.05,MEDIUM,4.95,MEDIUM,1.13
CLG0052,67,7.01,6.7,7,No,4,1,5,No,4.79,4.8,4.28,MEDIUM,5.72,MEDIUM,3.2
CLG0043,105,8.23,8.39,8,Yes,1,2,2,No,7.09,2.24,4.83,MEDIUM,5.17,MEDIUM,5.76
CLG0023,137,6.75,6.71,9,No,10,1,3,No,5.31,4.4,5.53,MEDIUM,4.47,MEDIUM,3.6
CLG0001,99,6.37,6.49,2,No,5,1,0,No,2.58,1.0,2.42,LOW,7.58,HIGH,7.0
CLG0093,112,7.89,7.63,4,No,3,3,1,No,5.0,2.29,4.13,LOW,5.87,HIGH,5.71
CLG0025,101,9.67,9.6,1,No,4,4,2,No,6.51,3.73,5.12,MEDIUM,4.88,MEDIUM,4.27
CLG0006,98,5.17,4.88,3,No,10,5,1,No,1.02,4.58,3.21,LOW,6.79,HIGH,3.42
CLG0074,113,8.85,9.23,8,No,5,5,1,No,8.08,3.58,5.89,MEDIUM,4.11,MEDIUM,4.42
CLG0054,95,8.61,8.6,7,No,6,2,2,No,7.14,3.24,5.08,MEDIUM,4.92,MEDIUM,4.76
CLG0078,104,9.82,9.54,8,Yes,3,3,0,No,8.89,1.49,5.23,MEDIUM,4.77,MEDIUM,6.51
CLG0023,104,9.65,9.19,6,No,10,8,5,Yes,7.86,9.11,7.86,HIGH,2.14,LOW,0.0
CLG0019,89,8.81,8.99,5,Yes,7,2,0,No,6.88,1.84,4.31,MEDIUM,5.69,MEDIUM,6.16
CLG0056,114,7.6,7.31,10,No,4,4,0,No,6.59,2.13,4.74,MEDIUM,5.26,MEDIUM,5.87
CLG0053,97,6.02,6.51,9,Yes,6,7,1,No,4.72,4.67,4.71,MEDIUM,5.29,MEDIUM,3.33
CLG0031,88,7.73,7.76,5,Yes,5,9,0,No,5.33,4.56,4.76,MEDIUM,5.24,MEDIUM,3.44
CLG0038,108,8.83,8.62,9,No,10,3,4,No,7.95,6.09,6.76,HIGH,3.24,LOW,1.91
CLG0019,86,9.48,9.64,4,No,10,3,5,No,7.42,6.89,6.49,HIGH,3.51,LOW,1.11
CLG0001,100,8.95,8.73,5,Yes,4,7,4,No,6.77,6.67,6.38,HIGH,3.62,LOW,1.33
CLG0077,99,5.98,6.3,1,Yes,6,8,0,No,1.88,4.31,3.47,LOW,6.53,HIGH,3.69
CLG0050,116,8.0,7.81,6,Yes,10,4,0,No,5.86,3.33,4.96,MEDIUM,5.04,MEDIUM,4.67
CLG0098,107,6.66,7.15,3,No,3,1,2,No,3.57,2.2,3.44,LOW,6.56,HIGH,5.8
CLG0058,99,5.05,5.16,10,Yes,6,5,2,No,3.48,4.58,4.22,LOW,5.78,HIGH,3.42
CLG0081,112,6.0,6.34,2,No,2,4,3,No,2.25,4.13,3.77,LOW,6.23,HIGH,3.87
CLG0032,120,5.57,5.14,6,Yes,7,8,1,No,2.45,5.31,4.45,MEDIUM,5.55,MEDIUM,2.69
CLG0049,108,9.21,9.06,1,No,9,7,1,No,5.84,5.27,5.59,MEDIUM,4.41,MEDIUM,2.73
CLG0098,100,6.29,6.53,9,No,3,2,2,No,4.9,2.64,4.02,LOW,5.98,HIGH,5.36
CLG0097,80,6.42,6.58,5,Yes,3,6,4,No,3.68,6.02,4.55,MEDIUM,5.45,MEDIUM,1.98
CLG0092,84,9.8,9.49,7,Yes,0,4,3,No,8.51,3.73,5.63,MEDIUM,4.37,MEDIUM,4.27
CLG0044,95,6.9,6.76,10,No,7,7,2,No,5.77,5.67,5.5,MEDIUM,4.5,MEDIUM,2.33
CLG0029,90,5.05,4.81,9,No,4,9,5,No,2.89,8.36,5.34,MEDIUM,4.66,MEDIUM,0.0
CLG0088,97,6.42,6.53,9,No,8,7,5,No,4.98,8.27,6.26,HIGH,3.74,LOW,0.0
CLG0048,100,5.6,5.44,7,No,2,2,3,No,3.02,3.24,3.51,LOW,6.49,HIGH,4.76
CLG0080,107,5.51,5.32,4,Yes,4,8,1,No,1.88,4.71,3.76,LOW,6.24,HIGH,3.29
CLG0077,98,5.39,5.1,4,Yes,3,6,5,No,1.64,6.82,4.36,MEDIUM,5.64,MEDIUM,1.18
CLG0026,107,7.97,7.88,7,Yes,10,9,1,No,6.23,6.36,6.16,HIGH,3.84,LOW,1.64
CLG0007,100,5.95,5.65,8,Yes,6,7,5,No,3.72,7.87,5.64,MEDIUM,4.36,MEDIUM,0.13
CLG0044,70,6.81,7.27,7,No,9,5,1,No,5.09,4.38,4.28,MEDIUM,5.72,MEDIUM,3.62
CLG0014,85,9.31,8.96,10,No,4,8,4,Yes,8.82,7.11,7.12,HIGH,2.88,LOW,0.89
CLG0052,97,7.12,7.53,4,No,1,7,2,No,4.46,4.47,4.53,MEDIUM,5.47,MEDIUM,3.53
CLG0032,81,9.58,9.51,4,Yes,5,1,5,No,7.39,5.0,5.64,MEDIUM,4.36,MEDIUM,3.0
CLG0075,108,7.49,7.37,8,Yes,3,5,5,No,5.9,6.38,6.06,HIGH,3.94,LOW,1.62
CLG0032,122,6.99,6.72,9,Yes,5,7,5,No,5.46,7.67,6.64,HIGH,3.36,LOW,0.33
CLG0075,118,8.75,8.89,7,No,0,10,3,Yes,7.44,6.4,6.85,HIGH,3.15,LOW,1.6
CLG0084,96,5.37,5.56,3,No,10,7,2,No,1.64,6.27,4.1,LOW,5.9,HIGH,1.73
CLG0057,122,5.45,5.42,10,Yes,0,3,1,No,3.91,1.69,3.62,LOW,6.38,HIGH,6.31
CLG0052,102,8.26,7.82,1,No,3,5,1,No,4.36,3.18,4.06,LOW,5.94,HIGH,4.82
CLG0034,94,7.43,7.85,5,No,6,8,2,No,5.22,5.91,5.36,MEDIUM,4.64,MEDIUM,2.09
CLG0061,90,8.95,9.43,6,No,10,9,0,No,7.62,5.56,6.11,HIGH,3.89,LOW,2.44
CLG0062,95,9.58,9.51,9,Yes,6,9,0,No,9.06,4.76,6.45,HIGH,3.55,LOW,3.24
CLG0086,94,6.94,7.05,5,No,0,10,2,No,4.34,5.6,4.88,MEDIUM,5.12,MEDIUM,2.4
CLG0087,102,7.98,7.93,1,Yes,4,5,1,No,4.27,3.38,4.1,LOW,5.9,HIGH,4.62
CLG0093,102,7.5,7.32,4,No,5,2,5,No,4.54,5.44,5.03,MEDIUM,4.97,MEDIUM,2.56
CLG0076,100,9.91,9.49,2,Yes,4,8,3,Yes,6.91,6.31,6.3,HIGH,3.7,LOW,1.69
CLG0031,106,9.16,9.12,4,No,6,7,0,No,6.85,3.87,5.4,MEDIUM,4.6,MEDIUM,4.13
CLG0029,117,9.56,9.88,7,No,5,4,5,Yes,8.65,6.33,7.29,HIGH,2.71,LOW,1.67
CLG0031,114,6.27,5.79,9,No,4,5,5,No,4.34,6.58,5.62,MEDIUM,4.38,MEDIUM,1.42
CLG0012,77,8.86,8.94,3,Yes,4,10,5,Yes,6.21,8.8,6.62,HIGH,3.38,LOW,0.0
CLG0035,61,6.33,6.71,3,No,8,10,2,No,3.05,7.2,4.44,MEDIUM,5.56,MEDIUM,0.8
CLG0057,114,6.04,5.76,4,No,2,2,4,No,2.52,4.04,3.87,LOW,6.13,HIGH,3.96
CLG0041,79,9.72,9.4,7,Yes,8,9,2,Yes,8.39,6.76,6.71,HIGH,3.29,LOW,1.24
CLG0027,96,5.1,5.37,6,No,10,6,1,No,2.33,5.02,3.88,LOW,6.12,HIGH,2.98
CLG0015,82,9.83,9.59,5,Yes,1,9,2,Yes,7.93,5.36,6.02,HIGH,3.98,LOW,2.64
CLG0094,72,5.75,5.44,4,No,9,8,0,No,2.11,4.91,3.34,LOW,6.66,HIGH,3.09
CLG0071,108,9.1,8.98,8,Yes,6,1,0,No,8.05,1.2,4.85,MEDIUM,5.15,MEDIUM,6.8
CLG0036,111,6.38,6.27,4,No,5,9,5,Yes,3.1,8.56,5.86,MEDIUM,4.14,MEDIUM,0.0
CLG0024,91,6.75,7.12,3,Yes,7,9,2,No,3.61,6.56,4.92,MEDIUM,5.08,MEDIUM,1.44
CLG0082,61,6.08,6.2,7,Yes,8,4,5,No,3.86,6.93,4.66,MEDIUM,5.34,MEDIUM,1.07
CLG0024,91,7.93,7.84,2,No,5,1,3,No,4.51,3.4,4.02,LOW,5.98,HIGH,4.6
CLG0096,105,6.74,6.77,4,No,1,4,2,No,3.68,3.13,3.82,LOW,6.18,HIGH,4.87
CLG0076,77,8.29,8.74,8,No,9,6,3,No,7.38,6.42,6.14,HIGH,3.86,LOW,1.58
CLG0028,102,5.08,4.69,4,Yes,3,4,0,No,1.16,1.93,2.28,LOW,7.72,HIGH,6.07
CLG0075,99,5.32,5.03,10,No,2,9,4,No,3.55,7.16,5.28,MEDIUM,4.72,MEDIUM,0.84
CLG0003,108,5.5,5.96,7,Yes,2,4,3,No,3.34,4.13,4.13,LOW,5.87,HIGH,3.87
CLG0003,101,7.09,7.55,2,Yes,4,10,2,No,3.79,6.4,5.1,MEDIUM,4.9,MEDIUM,1.6
CLG0029,85,9.07,8.75,5,No,9,8,1,No,6.86,5.71,5.78,MEDIUM,4.22,MEDIUM,2.29
CLG0032,117,9.44,9.09,4,No,0,2,1,No,7.0,1.24,4.6,MEDIUM,5.4,MEDIUM,6.76
CLG0054,97,6.22,6.14,9,Yes,8,7,2,No,4.57,5.87,5.13,MEDIUM,4.87,MEDIUM,2.13
CLG0038,99,7.87,7.42,7,Yes,3,8,0,No,5.83,3.71,4.81,MEDIUM,5.19,MEDIUM,4.29
CLG0095,86,8.84,8.99,9,Yes,6,6,0,No,8.23,3.42,5.43,MEDIUM,4.57,MEDIUM,4.58
CLG0056,93,6.44,6.02,10,No,6,10,0,No,4.95,5.2,4.95,MEDIUM,5.05,MEDIUM,2.8
CLG0065,86,7.05,6.61,7,No,6,6,2,No,4.75,5.02,4.68,MEDIUM,5.32,MEDIUM,2.98
CLG0021,97,7.62,7.61,2,No,10,8,1,No,4.15,5.91,4.98,MEDIUM,5.02,MEDIUM,2.09
CLG0041,125,5.67,6.13,2,No,4,3,4,No,1.9,4.89,4.15,LOW,5.85,HIGH,3.11
CLG0020,79,5.13,5.06,2,No,3,2,1,No,0.79,1.84,1.7,LOW,8.3,HIGH,6.16
CLG0060,75,5.76,5.62,5,No,3,9,0,No,2.58,4.16,3.28,LOW,6.72,HIGH,3.84
CLG0075,122,8.13,8.63,1,No,4,8,2,Yes,4.87,5.51,5.54,MEDIUM,4.46,MEDIUM,2.49
CLG0059,96,5.37,5.4,7,No,5,10,2,No,2.85,6.6,4.72,MEDIUM,5.28,MEDIUM,1.4
CLG0074,89,5.95,5.83,2,Yes,9,5,4,No,1.85,6.78,4.27,MEDIUM,5.73,MEDIUM,1.22
CLG0055,115,6.69,6.58,4,Yes,6,5,1,No,3.51,3.78,4.18,LOW,5.82,HIGH,4.22
CLG0003,90,5.39,5.08,9,No,4,6,0,No,3.3,3.02,3.37,LOW,6.63,HIGH,4.98
CLG0014,127,5.96,5.97,8,Yes,8,6,4,No,3.96,7.02,5.86,MEDIUM,4.14,MEDIUM,0.98
CLG0045,110,9.56,9.5,10,Yes,8,2,0,No,9.37,2.04,5.74,MEDIUM,4.26,MEDIUM,5.96
CLG0095,92,5.1,4.87,2,Yes,0,7,1,No,0.64,3.47,2.52,LOW,7.48,HIGH,4.53
CLG0099,132,8.27,7.93,4,No,4,3,4,No,5.45,4.89,5.69,MEDIUM,4.31,MEDIUM,3.11
CLG0060,90,6.92,6.73,4,No,1,8,0,No,3.76,3.31,3.67,LOW,6.33,HIGH,4.69
CLG0049,111,8.36,8.37,2,Yes,3,9,3,Yes,5.16,6.56,5.88,MEDIUM,4.12,MEDIUM,1.44
CLG0009,104,7.94,7.5,2,No,10,3,2,No,4.27,4.49,4.58,MEDIUM,5.42,MEDIUM,3.51
CLG0054,119,6.12,5.77,5,No,6,6,1,No,2.91,4.22,4.19,LOW,5.81,HIGH,3.78
CLG0070,123,9.24,9.69,4,No,9,8,2,Yes,7.32,6.51,6.93,HIGH,3.07,LOW,1.49
CLG0093,100,7.46,7.5,8,No,5,6,0,No,5.98,3.22,4.69,MEDIUM,5.31,MEDIUM,4.78
CLG0052,88,9.11,8.67,4,Yes,6,10,4,Yes,6.49,8.4,6.76,HIGH,3.24,LOW,0.0
CLG0063,106,7.03,7.22,8,Yes,2,3,0,No,5.51,1.29,3.83,LOW,6.17,HIGH,6.71
CLG0052,89,9.92,9.48,5,No,4,4,5,No,7.9,6.13,6.43,HIGH,3.57,LOW,1.87
CLG0022,130,8.85,9.09,1,No,5,9,3,Yes,5.64,6.96,6.56,HIGH,3.44,LOW,1.04
CLG0055,102,9.83,10.0,9,No,10,1,3,No,9.56,4.4,6.63,HIGH,3.37,LOW,3.6
CLG0003,94,7.57,7.72,8,No,5,4,1,No,6.21,3.13,4.64,MEDIUM,5.36,MEDIUM,4.87
CLG0002,102,7.37,7.6,1,Yes,5,10,2,No,3.66,6.6,5.15,MEDIUM,4.85,MEDIUM,1.4
CLG0059,79,8.78,8.37,3,No,8,1,5,No,5.74,5.6,5.19,MEDIUM,4.81,MEDIUM,2.4
CLG0028,85,9.4,9.63,3,Yes,5,8,0,No,7.04,4.11,5.21,MEDIUM,4.79,MEDIUM,3.89
CLG0037,118,9.82,9.46,5,Yes,1,7,5,Yes,7.83,6.87,7.2,HIGH,2.8,LOW,1.13
CLG0069,90,6.62,6.46,7,No,8,7,3,No,4.38,6.67,5.26,MEDIUM,4.74,MEDIUM,1.33
CLG0009,84,8.99,9.43,1,No,3,2,4,No,5.98,4.24,4.82,MEDIUM,5.18,MEDIUM,3.76
CLG0062,108,6.05,6.05,1,No,6,10,0,No,1.74,5.2,3.92,LOW,6.08,HIGH,2.8
CLG0032,117,7.73,8.2,10,No,5,6,1,No,7.32,4.02,5.84,MEDIUM,4.16,MEDIUM,3.98
CLG0081,110,5.9,5.49,6,No,8,8,4,No,2.9,7.91,5.5,MEDIUM,4.5,MEDIUM,0.09
CLG0075,114,6.74,6.72,5,Yes,9,8,2,Yes,3.97,6.51,5.44,MEDIUM,4.56,MEDIUM,1.49
CLG0035,88,9.66,9.22,3,Yes,2,5,1,No,6.89,2.98,4.75,MEDIUM,5.25,MEDIUM,5.02
CLG0047,78,5.73,5.86,3,No,7,8,2,No,2.07,6.11,3.9,LOW,6.1,HIGH,1.89
CLG0018,122,8.16,7.74,4,No,4,2,2,No,5.24,2.84,4.62,MEDIUM,5.38,MEDIUM,5.16
CLG0036,95,7.96,7.64,10,Yes,5,4,3,No,7.05,4.73,5.64,MEDIUM,4.36,MEDIUM,3.27
CLG0019,96,5.6,5.36,2,No,2,10,5,No,1.29,8.4,4.82,MEDIUM,5.18,MEDIUM,0.0
CLG0025,119,6.63,6.88,9,No,2,2,2,No,5.36,2.44,4.45,MEDIUM,5.55,MEDIUM,5.56
CLG0046,108,7.81,7.47,4,No,6,5,4,No,4.83,6.18,5.55,MEDIUM,4.45,MEDIUM,1.82
CLG0060,106,5.94,6.29,10,No,5,3,4,No,4.85,5.09,5.09,MEDIUM,4.91,MEDIUM,2.91
CLG0095,132,9.0,8.63,3,No,1,6,4,Yes,6.06,5.62,6.23,HIGH,3.77,LOW,2.38
CLG0023,90,9.86,9.4,10,No,9,7,5,No,9.48,8.47,8.02,HIGH,1.98,LOW,0.0
CLG0078,113,6.07,5.97,7,No,7,6,0,No,3.69,3.62,4.15,LOW,5.85,HIGH,4.38
CLG0027,100,5.93,6.41,9,No,4,2,5,No,4.59,5.24,4.94,MEDIUM,5.06,MEDIUM,2.76
CLG0035,104,7.27,6.88,2,Yes,6,2,3,No,3.41,4.04,4.06,LOW,5.94,HIGH,3.96
CLG0077,122,8.74,8.34,6,No,2,4,5,Yes,6.69,5.73,6.35,HIGH,3.65,LOW,2.27
CLG0055,107,6.41,6.66,5,Yes,9,7,3,No,3.73,6.87,5.37,MEDIUM,4.63,MEDIUM,1.13
CLG0036,108,5.1,4.91,1,Yes,4,8,4,No,0.33,7.11,4.12,LOW,5.88,HIGH,0.89
CLG0088,116,7.71,7.93,7,Yes,2,5,0,No,6.11,2.18,4.6,MEDIUM,5.4,MEDIUM,5.82
CLG0097,94,9.78,9.48,1,Yes,2,10,5,Yes,6.49,8.4,6.86,HIGH,3.14,LOW,0.0
CLG0071,87,6.96,6.92,10,Yes,0,1,2,No,5.92,1.6,3.79,LOW,6.21,HIGH,6.4
CLG0009,84,7.1,6.87,9,No,10,9,2,No,5.63,7.16,5.85,MEDIUM,4.15,MEDIUM,0.84
CLG0021,70,9.84,9.79,4,No,2,8,2,Yes,7.75,5.11,5.64,MEDIUM,4.36,MEDIUM,2.89
CLG0032,130,8.47,8.74,8,Yes,6,1,3,Yes,7.49,3.6,5.96,HIGH,4.04,LOW,4.4
CLG0066,83,8.6,8.86,1,No,10,9,2,Yes,5.32,7.16,5.71,MEDIUM,4.29,MEDIUM,0.84
CLG0044,96,7.81,7.83,5,No,8,5,0,No,5.43,3.38,4.46,MEDIUM,5.54,MEDIUM,4.62
CLG0089,95,9.87,10.0,3,Yes,0,8,0,No,7.59,3.11,5.2,MEDIUM,4.8,MEDIUM,4.89
CLG0065,104,8.44,8.2,4,No,3,10,5,Yes,5.75,8.6,6.82,HIGH,3.18,LOW,0.0
CLG0075,112,9.48,9.22,4,No,9,10,5,Yes,7.12,9.8,7.98,HIGH,2.02,LOW,0.0
CLG0080,112,8.5,8.61,8,No,6,2,2,Yes,7.42,3.24,5.48,MEDIUM,4.52,MEDIUM,4.76
CLG0087,91,8.68,8.8,10,Yes,5,7,3,No,8.33,6.07,6.61,HIGH,3.39,LOW,1.93
CLG0015,97,6.45,6.0,10,No,3,9,1,No,4.94,4.96,4.92,MEDIUM,5.08,MEDIUM,3.04
CLG0027,104,6.52,6.63,3,No,10,7,4,No,3.11,7.87,5.47,MEDIUM,4.53,MEDIUM,0.13
CLG0016,96,8.91,8.78,1,No,2,9,2,Yes,5.45,5.56,5.34,MEDIUM,4.66,MEDIUM,2.44
CLG0046,124,6.48,6.73,5,No,5,4,2,No,3.83,3.93,4.52,MEDIUM,5.48,MEDIUM,4.07
CLG0097,107,7.81,8.12,2,No,3,5,5,No,4.64,6.38,5.54,MEDIUM,4.46,MEDIUM,1.62
CLG0072,111,6.25,6.3,6,Yes,4,7,4,No,3.71,6.67,5.35,MEDIUM,4.65,MEDIUM,1.33
CLG0048,109,9.08,8.58,4,No,1,1,1,No,6.41,1.0,4.13,LOW,5.87,HIGH,7.0
CLG0065,117,5.55,5.69,9,No,8,2,5,No,3.84,6.04,5.25,MEDIUM,4.75,MEDIUM,1.96
CLG0019,102,9.15,9.4,7,No,1,2,2,No,8.05,2.24,5.16,MEDIUM,4.84,MEDIUM,5.76
CLG0090,80,8.01,7.76,2,No,3,10,2,No,4.5,6.2,4.95,MEDIUM,5.05,MEDIUM,1.8
CLG0037,105,5.93,5.89,7,Yes,7,9,1,No,3.55,5.76,4.82,MEDIUM,5.18,MEDIUM,2.24
CLG0058,90,7.71,8.18,10,No,6,3,4,No,7.29,5.29,5.87,MEDIUM,4.13,MEDIUM,2.71
CLG0055,92,6.41,6.21,8,No,3,9,0,No,4.4,4.16,4.3,MEDIUM,5.7,MEDIUM,3.84
CLG0053,108,6.62,6.34,3,Yes,7,1,2,No,2.96,3.0,3.53,LOW,6.47,HIGH,5.0
CLG0047,118,6.76,6.47,3,Yes,10,3,2,No,3.14,4.49,4.37,MEDIUM,5.63,MEDIUM,3.51
CLG0003,100,5.32,5.38,2,No,5,10,5,No,1.14,9.0,5.06,MEDIUM,4.94,MEDIUM,0.0
CLG0088,104,9.93,10.0,1,No,7,2,3,No,6.96,4.24,5.56,MEDIUM,4.44,MEDIUM,3.76
CLG0086,125,5.16,5.27,3,No,3,2,1,No,1.3,1.84,2.69,LOW,7.31,HIGH,6.16
CLG0062,103,8.31,8.11,10,No,4,1,2,No,7.6,2.4,5.06,MEDIUM,4.94,MEDIUM,5.6
CLG0001,139,6.86,7.0,7,Yes,3,6,3,No,4.92,5.22,5.73,MEDIUM,4.27,MEDIUM,2.78
CLG0039,108,8.23,8.35,9,No,6,5,5,No,7.4,6.98,6.9,HIGH,3.1,LOW,1.02
CLG0073,73,6.78,6.88,9,No,3,5,5,No,5.45,6.38,5.28,MEDIUM,4.72,MEDIUM,1.62
CLG0033,111,8.37,8.03,6,No,4,9,0,Yes,6.25,4.36,5.44,MEDIUM,4.56,MEDIUM,3.64
CLG0023,105,8.65,8.78,6,Yes,8,6,1,No,6.96,4.62,5.73,MEDIUM,4.27,MEDIUM,3.38
CLG0034,119,8.45,8.38,5,No,7,9,0,Yes,6.22,4.96,5.81,MEDIUM,4.19,MEDIUM,3.04
CLG0049,110,5.57,5.09,2,Yes,1,4,3,No,1.08,3.93,3.18,LOW,6.82,HIGH,4.07
CLG0049,97,8.28,8.32,7,Yes,6,7,5,No,6.74,7.87,6.8,HIGH,3.2,LOW,0.13
CLG0099,81,6.4,6.89,1,No,1,4,4,No,2.56,4.73,3.6,LOW,6.4,HIGH,3.27
CLG0049,96,5.14,4.99,6,Yes,9,1,5,No,2.08,5.8,4.09,LOW,5.91,HIGH,2.2
CLG0010,87,7.07,7.54,4,No,2,4,1,No,4.44,2.53,3.57,LOW,6.43,HIGH,5.47
CLG0096,91,7.17,6.77,3,No,0,2,4,No,3.6,3.64,3.75,LOW,6.25,HIGH,4.36
CLG0066,108,7.34,7.57,1,No,1,5,3,No,3.62,4.38,4.35,MEDIUM,5.65,MEDIUM,3.62
CLG0071,125,8.52,8.13,6,Yes,2,2,1,No,6.41,1.64,4.66,MEDIUM,5.34,MEDIUM,6.36
CLG0088,105,6.54,6.31,7,Yes,4,2,2,No,4.22,2.84,3.92,LOW,6.08,HIGH,5.16
CLG0067,82,6.58,6.65,1,No,5,4,3,No,2.49,4.73,3.59,LOW,6.41,HIGH,3.27
CLG0076,106,5.3,5.39,1,No,6,7,5,No,0.8,7.87,4.58,MEDIUM,5.42,MEDIUM,0.13
CLG0039,117,8.43,8.71,7,Yes,4,3,3,Yes,7.11,4.09,5.78,MEDIUM,4.22,MEDIUM,3.91
CLG0042,90,7.84,7.96,6,No,4,7,0,No,5.88,3.47,4.58,MEDIUM,5.42,MEDIUM,4.53
CLG0100,97,6.75,6.84,7,Yes,10,9,4,No,4.73,8.76,6.35,HIGH,3.65,LOW,0.0
CLG0091,100,8.53,8.94,8,No,7,3,5,No,7.67,6.29,6.59,HIGH,3.41,LOW,1.71
CLG0001,88,7.69,7.64,8,No,0,4,5,No,6.22,5.33,5.42,MEDIUM,4.58,MEDIUM,2.67
CLG0046,109,7.35,7.08,9,Yes,8,1,1,No,5.94,2.4,4.5,MEDIUM,5.5,MEDIUM,5.6
CLG0036,98,7.56,7.22,9,No,2,7,5,No,6.17,7.07,6.27,HIGH,3.73,LOW,0.93
CLG0096,106,8.18,8.08,7,No,10,1,1,No,6.5,2.8,4.83,MEDIUM,5.17,MEDIUM,5.2
CLG0091,86,8.3,8.51,9,No,5,3,2,No,7.56,3.49,5.19,MEDIUM,4.81,MEDIUM,4.51
CLG0044,93,6.44,5.98,6,Yes,3,9,1,No,3.59,4.96,4.31,MEDIUM,5.69,MEDIUM,3.04
CLG0031,110,5.7,5.33,9,Yes,1,5,2,No,3.67,3.58,4.08,LOW,5.92,HIGH,4.42
CLG0097,94,5.78,5.39,2,No,5,10,1,No,1.42,5.8,3.79,LOW,6.21,HIGH,2.2
CLG0058,125,8.2,8.29,2,No,9,10,5,Yes,5.0,9.8,7.36,HIGH,2.64,LOW,0.0
CLG0096,94,9.36,9.1,6,Yes,7,2,0,No,7.62,1.84,4.69,MEDIUM,5.31,MEDIUM,6.16
CLG0004,103,7.05,6.72,3,Yes,3,9,5,No,3.49,8.16,5.72,MEDIUM,4.28,MEDIUM,0.0
CLG0053,113,5.85,5.94,2,No,7,6,3,No,1.87,6.02,4.39,MEDIUM,5.61,MEDIUM,1.98
CLG0089,78,8.78,9.04,8,No,6,9,1,No,7.9,5.56,6.02,HIGH,3.98,LOW,2.44
CLG0093,73,9.16,8.99,7,Yes,0,4,3,No,7.76,3.73,5.14,MEDIUM,4.86,MEDIUM,4.27
CLG0057,77,9.4,9.48,8,Yes,4,6,4,No,8.59,6.22,6.54,HIGH,3.46,LOW,1.78
CLG0073,118,8.03,7.63,6,No,7,7,3,No,5.75,6.47,6.2,HIGH,3.8,LOW,1.53
CLG0078,91,9.3,9.74,9,No,5,6,4,No,9.06,6.42,7.05,HIGH,2.95,LOW,1.58
CLG0050,138,5.08,4.92,9,Yes,8,4,1,No,2.99,3.73,4.35,MEDIUM,5.65,MEDIUM,4.27
CLG0005,91,5.54,6.04,2,No,10,8,0,No,1.76,5.11,3.6,LOW,6.4,HIGH,2.89
CLG0052,102,5.46,5.94,10,No,6,6,0,No,4.3,3.42,4.13,LOW,5.87,HIGH,4.58
CLG0017,123,8.56,8.84,5,No,1,2,3,Yes,6.62,3.04,5.27,MEDIUM,4.73,MEDIUM,4.96
CLG0032,130,5.35,4.87,9,Yes,0,6,0,No,3.12,2.22,3.66,LOW,6.34,HIGH,5.78
CLG0006,130,7.48,7.52,3,Yes,8,1,4,No,4.34,4.8,5.18,MEDIUM,4.82,MEDIUM,3.2
CLG0069,118,7.36,6.95,5,Yes,4,9,0,No,4.51,4.36,4.86,MEDIUM,5.14,MEDIUM,3.64
CLG0093,115,6.55,6.95,8,Yes,1,10,0,No,5.03,4.2,4.96,MEDIUM,5.04,MEDIUM,3.8
CLG0092,108,9.35,9.64,2,Yes,10,7,5,No,6.68,8.67,7.29,HIGH,2.71,LOW,0.0
CLG0061,111,5.85,6.32,6,Yes,3,8,5,Yes,3.48,7.71,5.67,MEDIUM,4.33,MEDIUM,0.29
CLG0010,91,6.76,6.87,4,Yes,9,4,0,No,3.76,3.13,3.61,LOW,6.39,HIGH,4.87
CLG0023,87,8.87,8.89,6,No,5,8,2,Yes,7.18,5.71,5.94,HIGH,4.06,LOW,2.29
CLG0053,99,5.15,5.17,3,No,8,1,2,No,1.22,3.2,2.76,LOW,7.24,HIGH,4.8
CLG0061,97,8.36,8.25,6,Yes,7,4,3,No,6.4,5.13,5.57,MEDIUM,4.43,MEDIUM,2.87
CLG0019,93,9.08,9.05,7,No,5,6,5,No,7.75,7.22,6.88,HIGH,3.12,LOW,0.78
CLG0004,110,9.66,9.8,10,No,3,10,1,No,9.65,5.4,7.2,HIGH,2.8,LOW,2.6
CLG0046,114,9.38,9.81,3,Yes,9,7,5,Yes,7.16,8.47,7.5,HIGH,2.5,LOW,0.0
CLG0032,101,6.6,6.7,5,Yes,4,3,1,No,3.88,2.49,3.57,LOW,6.43,HIGH,5.51
CLG0084,122,7.93,8.29,8,No,10,10,4,Yes,6.84,9.2,7.8,HIGH,2.2,LOW,0.0
CLG0046,82,5.39,5.75,2,Yes,10,10,4,No,1.45,9.2,4.96,MEDIUM,5.04,MEDIUM,0.0
CLG0062,97,6.29,6.31,7,No,3,2,3,No,4.07,3.44,3.96,LOW,6.04,HIGH,4.56
CLG0092,89,5.47,5.32,1,No,3,9,2,No,0.85,5.76,3.46,LOW,6.54,HIGH,2.24
CLG0054,72,6.58,6.72,7,Yes,7,1,0,No,4.55,1.4,2.91,LOW,7.09,HIGH,6.6
CLG0100,98,9.38,9.33,1,No,3,10,2,Yes,6.14,6.2,5.91,MEDIUM,4.09,MEDIUM,1.8
CLG0087,98,6.74,6.32,4,Yes,10,1,5,No,3.35,6.0,4.71,MEDIUM,5.29,MEDIUM,2.0
CLG0067,122,7.81,7.69,4,Yes,2,10,2,Yes,4.99,6.0,5.78,MEDIUM,4.22,MEDIUM,2.0
CLG0024,109,7.17,7.66,5,No,1,2,5,No,4.92,4.64,4.99,MEDIUM,5.01,MEDIUM,3.36
CLG0066,84,7.29,6.84,2,No,9,5,3,No,3.39,5.98,4.48,MEDIUM,5.52,MEDIUM,2.02
CLG0018,127,9.85,10.0,6,Yes,0,1,2,Yes,8.58,1.6,5.54,MEDIUM,4.46,MEDIUM,6.4
CLG0096,118,6.48,6.82,6,Yes,4,6,1,No,4.22,3.82,4.53,MEDIUM,5.47,MEDIUM,4.18
CLG0048,108,8.14,8.29,8,No,3,8,2,Yes,6.96,5.31,6.05,HIGH,3.95,LOW,2.69
CLG0046,96,7.1,7.17,10,No,9,10,1,No,6.19,6.6,6.06,HIGH,3.94,LOW,1.4
CLG0048,85,5.31,5.52,1,No,8,2,4,No,0.9,5.24,3.21,LOW,6.79,HIGH,2.76
CLG0062,94,7.45,7.38,4,Yes,8,5,4,No,4.55,6.58,5.36,MEDIUM,4.64,MEDIUM,1.42
CLG0094,116,9.07,8.66,2,Yes,10,3,5,Yes,5.79,6.89,6.35,HIGH,3.65,LOW,1.11
CLG0027,128,5.49,5.95,8,No,4,2,3,No,3.66,3.64,4.41,MEDIUM,5.59,MEDIUM,4.36
CLG0062,123,5.35,5.28,4,Yes,4,6,0,No,1.75,3.02,3.31,LOW,6.69,HIGH,4.98
CLG0078,92,5.77,5.94,8,Yes,5,1,2,No,3.82,2.6,3.44,LOW,6.56,HIGH,5.4
CLG0065,83,8.82,8.85,2,No,3,8,0,No,5.78,3.71,4.51,MEDIUM,5.49,MEDIUM,4.29
CLG0052,102,8.62,8.17,4,Yes,5,6,1,No,5.83,4.02,4.98,MEDIUM,5.02,MEDIUM,3.98
CLG0001,73,7.83,8.28,9,Yes,7,4,0,No,7.1,2.73,4.48,MEDIUM,5.52,MEDIUM,5.27
CLG0050,104,7.34,7.63,5,Yes,4,5,2,No,5.0,4.18,4.75,MEDIUM,5.25,MEDIUM,3.82
CLG0040,97,9.44,9.09,6,No,7,2,5,No,7.66,5.84,6.36,HIGH,3.64,LOW,2.16
CLG0072,93,8.83,9.31,10,No,7,8,0,No,8.79,4.51,6.21,HIGH,3.79,LOW,3.49
CLG0017,76,9.06,9.3,9,No,2,6,0,No,8.59,2.62,5.08,MEDIUM,4.92,MEDIUM,5.38
CLG0001,107,9.07,9.04,9,No,5,6,0,No,8.41,3.22,5.78,MEDIUM,4.22,MEDIUM,4.78
CLG0078,92,8.21,8.32,7,No,0,3,3,No,6.7,3.29,4.87,MEDIUM,5.13,MEDIUM,4.71
CLG0077,82,7.29,6.9,2,No,4,1,0,No,3.44,0.8,2.4,LOW,7.6,HIGH,7.2
CLG0030,56,9.32,9.38,7,Yes,6,8,2,Yes,8.14,5.91,5.88,MEDIUM,4.12,MEDIUM,2.09
CLG0077,99,9.63,9.2,9,No,4,7,5,No,8.86,7.47,7.52,HIGH,2.48,LOW,0.53
CLG0067,126,5.12,5.16,2,Yes,2,1,2,No,0.86,2.0,2.6,LOW,7.4,HIGH,6.0
CLG0022,124,5.26,5.31,7,No,1,8,0,No,2.72,3.31,3.83,LOW,6.17,HIGH,4.69
CLG0035,93,9.79,10.0,7,No,1,10,3,Yes,8.87,6.6,7.08,HIGH,2.92,LOW,1.4
CLG0056,90,6.39,6.62,3,Yes,8,2,1,No,3.02,2.84,3.18,LOW,6.82,HIGH,5.16
CLG0014,107,9.37,9.12,6,No,1,8,0,No,7.64,3.31,5.51,MEDIUM,4.49,MEDIUM,4.69
CLG0045,85,6.94,7.33,8,No,6,5,3,No,5.54,5.38,5.12,MEDIUM,4.88,MEDIUM,2.62
CLG0086,104,5.6,5.67,10,Yes,8,8,4,No,4.19,7.91,5.92,MEDIUM,4.08,MEDIUM,0.09
CLG0033,111,5.4,5.51,8,Yes,2,6,2,No,3.28,4.22,4.2,LOW,5.8,HIGH,3.78
CLG0012,118,5.78,5.45,3,Yes,6,2,4,No,1.8,4.84,3.97,LOW,6.03,HIGH,3.16
CLG0024,98,6.25,6.61,6,No,0,7,2,No,3.93,4.27,4.25,LOW,5.75,HIGH,3.73
CLG0069,96,7.44,7.87,2,No,5,6,1,No,4.24,4.02,4.24,LOW,5.76,HIGH,3.98
CLG0057,86,8.51,8.78,2,No,10,4,5,No,5.55,7.33,5.92,MEDIUM,4.08,MEDIUM,0.67
CLG0009,87,9.93,10.0,8,Yes,1,9,3,Yes,9.29,6.16,6.97,HIGH,3.03,LOW,1.84
CLG0002,96,7.21,7.01,10,Yes,9,4,1,No,6.14,3.93,4.97,MEDIUM,5.03,MEDIUM,4.07
CLG0059,105,7.59,7.95,5,No,0,1,4,No,5.39,3.2,4.53,MEDIUM,5.47,MEDIUM,4.8
CLG0095,113,7.61,7.6,5,No,4,3,3,No,5.14,4.09,4.92,MEDIUM,5.08,MEDIUM,3.91
CLG0029,87,7.7,7.36,4,No,5,8,4,No,4.69,7.31,5.59,MEDIUM,4.41,MEDIUM,0.69
CLG0093,122,7.59,7.76,10,Yes,10,3,0,No,6.91,2.89,5.3,MEDIUM,4.7,MEDIUM,5.11
CLG0100,95,5.04,5.22,4,Yes,1,7,4,No,1.52,6.07,3.96,LOW,6.04,HIGH,1.93
CLG0055,99,5.01,4.8,8,No,3,1,1,No,2.53,1.4,2.56,LOW,7.44,HIGH,6.6
CLG0094,88,5.49,5.02,3,Yes,2,4,1,No,1.31,2.53,2.34,LOW,7.66,HIGH,5.47
CLG0022,63,5.51,5.21,3,Yes,0,4,0,No,1.46,1.33,1.49,LOW,8.51,HIGH,6.67
CLG0085,113,8.52,8.42,8,Yes,0,9,3,Yes,7.29,5.96,6.53,HIGH,3.47,LOW,2.04
CLG0049,111,6.02,5.69,3,No,2,1,4,No,2.12,3.6,3.48,LOW,6.52,HIGH,4.4
CLG0012,95,9.47,9.16,2,Yes,1,9,5,Yes,6.4,7.76,6.59,HIGH,3.41,LOW,0.24
CLG0071,101,9.64,9.53,5,Yes,1,10,4,Yes,7.77,7.4,7.09,HIGH,2.91,LOW,0.6
CLG0089,107,9.88,10.0,3,Yes,9,8,4,Yes,7.59,8.11,7.41,HIGH,2.59,LOW,0.0
CLG0008,76,9.7,9.96,6,Yes,4,10,3,Yes,8.46,7.2,6.86,HIGH,3.14,LOW,0.8
CLG0097,92,6.36,6.18,7,No,4,6,1,No,4.02,3.82,4.01,LOW,5.99,HIGH,4.18
CLG0016,111,7.55,8.0,3,No,6,4,0,No,4.73,2.53,4.1,LOW,5.9,HIGH,5.47
CLG0040,81,5.88,6.03,9,No,4,6,5,No,4.29,7.02,5.21,MEDIUM,4.79,MEDIUM,0.98
CLG0045,104,9.03,8.99,10,Yes,2,6,3,No,8.68,5.02,6.56,HIGH,3.44,LOW,2.98
CLG0064,79,9.44,9.41,1,Yes,9,2,0,No,6.23,2.24,4.04,LOW,5.96,HIGH,5.76
CLG0063,106,9.26,9.17,7,Yes,5,7,2,No,7.95,5.27,6.4,HIGH,3.6,LOW,2.73
CLG0051,99,7.17,6.9,4,Yes,2,9,0,No,4.03,3.96,4.19,LOW,5.81,HIGH,4.04
CLG0010,75,8.79,8.68,7,No,7,8,2,Yes,7.31,6.11,5.95,HIGH,4.05,LOW,1.89
CLG0076,117,5.49,5.52,9,No,5,3,0,No,3.68,1.89,3.53,LOW,6.47,HIGH,6.11
CLG0086,88,5.2,5.23,9,Yes,6,8,2,No,3.29,5.91,4.48,MEDIUM,5.52,MEDIUM,2.09
CLG0071,87,8.77,9.03,1,Yes,2,4,4,No,5.55,4.93,4.98,MEDIUM,5.02,MEDIUM,3.07
CLG0045,103,7.13,6.99,10,Yes,10,10,5,No,6.07,10.0,7.49,HIGH,2.51,LOW,0.0
CLG0085,117,9.98,10.0,4,No,6,1,3,Yes,7.99,3.6,5.94,HIGH,4.06,LOW,4.4
CLG0056,84,5.49,5.57,7,No,8,3,4,No,3.05,5.69,4.23,LOW,5.77,HIGH,2.31
CLG0086,100,9.28,9.74,10,No,7,1,1,No,9.38,2.2,5.64,MEDIUM,4.36,MEDIUM,5.8
CLG0073,106,7.4,7.29,6,No,10,5,3,No,5.12,6.18,5.63,MEDIUM,4.37,MEDIUM,1.82
CLG0084,110,9.14,9.54,9,No,1,10,4,Yes,8.81,7.4,7.66,HIGH,2.34,LOW,0.6
CLG0013,102,9.09,9.41,7,Yes,9,9,0,No,8.02,5.36,6.39,HIGH,3.61,LOW,2.64
CLG0064,94,9.58,9.72,3,No,9,7,3,No,7.21,6.87,6.54,HIGH,3.46,LOW,1.13
CLG0088,87,6.49,6.64,7,No,1,3,0,No,4.43,1.09,2.99,LOW,7.01,HIGH,6.91
CLG0030,101,9.75,9.33,10,No,6,7,4,No,9.36,7.07,7.6,HIGH,2.4,LOW,0.93
CLG0052,83,5.76,6.21,5,Yes,9,8,3,No,3.01,7.31,4.85,MEDIUM,5.15,MEDIUM,0.69
CLG0054,56,5.41,5.02,2,Yes,3,4,4,No,0.93,5.13,2.68,LOW,7.32,HIGH,2.87
CLG0057,106,7.16,7.22,10,Yes,8,3,1,No,6.26,3.29,4.93,MEDIUM,5.07,MEDIUM,4.71
CLG0018,113,9.14,8.97,3,Yes,5,2,4,Yes,6.4,4.64,5.65,MEDIUM,4.35,MEDIUM,3.36
CLG0025,64,7.37,7.3,6,No,8,8,5,No,5.11,8.71,5.92,MEDIUM,4.08,MEDIUM,0.0
CLG0053,84,9.15,9.26,6,No,10,3,1,No,7.61,3.69,5.26,MEDIUM,4.74,MEDIUM,4.31
CLG0020,109,8.65,9.06,7,No,2,7,4,No,7.5,6.27,6.67,HIGH,3.33,LOW,1.73
CLG0011,130,6.05,6.01,6,No,5,2,3,No,3.37,3.84,4.41,MEDIUM,5.59,MEDIUM,4.16
CLG0040,100,9.74,10.0,9,No,5,5,0,No,9.51,2.78,5.92,MEDIUM,4.08,MEDIUM,5.22
CLG0098,89,5.3,5.39,5,Yes,7,5,3,No,2.14,5.58,3.91,LOW,6.09,HIGH,2.42
CLG0023,97,9.49,9.15,5,Yes,6,9,4,Yes,7.4,7.96,7.1,HIGH,2.9,LOW,0.04
CLG0090,120,6.52,6.21,8,No,2,8,5,Yes,4.47,7.51,6.14,HIGH,3.86,LOW,0.49
CLG0087,90,7.5,7.72,8,Yes,0,8,4,No,6.16,6.31,5.83,MEDIUM,4.17,MEDIUM,1.69
CLG0042,88,7.11,6.66,1,No,1,10,4,No,2.82,7.4,4.89,MEDIUM,5.11,MEDIUM,0.6
CLG0047,92,5.86,5.84,3,No,10,2,2,No,2.14,4.04,3.34,LOW,6.66,HIGH,3.96
CLG0056,85,6.79,6.44,6,No,9,2,1,No,4.13,3.04,3.62,LOW,6.38,HIGH,4.96
CLG0033,101,5.96,5.89,6,No,1,10,0,No,3.23,4.2,4.0,LOW,6.0,HIGH,3.8
CLG0089,124,6.02,6.27,1,Yes,0,7,1,No,1.88,3.47,3.56,LOW,6.44,HIGH,4.53
CLG0098,104,5.94,5.9,2,No,3,4,4,No,1.89,5.13,3.88,LOW,6.12,HIGH,2.87
CLG0026,96,7.45,7.11,10,No,5,3,4,No,6.35,5.09,5.52,MEDIUM,4.48,MEDIUM,2.91
CLG0069,95,8.99,8.74,7,No,3,3,1,No,7.47,2.29,4.83,MEDIUM,5.17,MEDIUM,5.71
CLG0029,76,7.84,7.71,1,No,3,7,1,No,4.03,4.07,3.84,LOW,6.16,HIGH,3.93
CLG0094,113,9.47,9.04,10,Yes,10,1,5,Yes,8.98,6.0,7.22,HIGH,2.78,LOW,2.0
CLG0060,98,8.18,8.26,5,Yes,8,4,1,No,5.97,3.73,4.85,MEDIUM,5.15,MEDIUM,4.27
CLG0091,97,8.45,8.56,1,No,1,6,2,No,5.02,4.02,4.57,MEDIUM,5.43,MEDIUM,3.98
CLG0037,147,8.34,7.9,6,Yes,0,9,1,No,6.13,4.36,6.01,HIGH,3.99,LOW,3.64
CLG0025,104,7.25,7.15,7,Yes,6,1,4,No,5.26,4.4,4.94,MEDIUM,5.06,MEDIUM,3.6
CLG0074,88,8.45,8.36,8,No,4,1,0,No,7.2,0.8,4.0,LOW,6.0,HIGH,7.2
CLG0044,93,5.35,5.18,3,No,4,2,3,No,1.35,3.64,2.88,LOW,7.12,HIGH,4.36
CLG0034,117,9.3,9.36,3,No,1,7,5,Yes,6.78,6.87,6.76,HIGH,3.24,LOW,1.13
CLG0012,101,8.89,8.74,1,No,5,7,1,No,5.41,4.47,4.98,MEDIUM,5.02,MEDIUM,3.53
CLG0093,78,6.23,6.15,3,No,4,5,1,No,2.58,3.38,3.02,LOW,6.98,HIGH,4.62
CLG0039,113,8.84,9.14,5,No,4,4,1,No,7.01,2.93,5.21,MEDIUM,4.79,MEDIUM,5.07
CLG0019,89,5.06,4.72,6,No,5,10,5,No,1.83,9.0,5.15,MEDIUM,4.85,MEDIUM,0.0
CLG0019,128,6.09,6.21,3,Yes,1,6,0,No,2.54,2.42,3.47,LOW,6.53,HIGH,5.58
CLG0029,116,5.33,5.34,4,Yes,4,8,1,No,1.78,4.71,3.88,LOW,6.12,HIGH,3.29
CLG0066,93,8.9,8.71,5,Yes,10,7,1,No,6.73,5.47,5.77,MEDIUM,4.23,MEDIUM,2.53
CLG0090,119,8.78,9.01,5,No,0,2,5,Yes,6.88,4.44,5.86,MEDIUM,4.14,MEDIUM,3.56
CLG0098,101,9.07,9.12,9,Yes,7,2,1,No,8.46,2.64,5.47,MEDIUM,4.53,MEDIUM,5.36
CLG0094,112,5.02,5.0,8,No,0,6,0,No,2.68,2.22,3.17,LOW,6.83,HIGH,5.78
CLG0076,107,7.51,7.68,1,No,6,1,3,No,3.81,3.6,4.09,LOW,5.91,HIGH,4.4
CLG0020,87,8.52,8.82,2,No,5,5,5,No,5.58,6.78,5.73,MEDIUM,4.27,MEDIUM,1.22
CLG0057,90,5.78,6.25,5,No,7,1,5,No,3.05,5.4,4.22,LOW,5.78,HIGH,2.6
CLG0097,115,8.25,8.38,3,No,4,7,4,Yes,5.43,6.67,6.1,HIGH,3.9,LOW,1.33
CLG0009,94,5.42,5.79,7,Yes,10,3,0,No,3.17,2.89,3.33,LOW,6.67,HIGH,5.11
CLG0002,93,5.91,5.41,6,Yes,5,9,1,No,2.85,5.36,4.17,LOW,5.83,HIGH,2.64
CLG0028,85,7.38,7.41,2,Yes,3,5,2,No,3.86,3.98,3.89,LOW,6.11,HIGH,4.02
CLG0034,106,8.27,7.98,8,Yes,9,1,0,No,6.82,1.8,4.56,MEDIUM,5.44,MEDIUM,6.2
CLG0021,130,5.73,5.32,5,Yes,9,10,1,No,2.34,6.6,5.1,MEDIUM,4.9,MEDIUM,1.4
CLG0083,83,5.93,5.96,6,Yes,0,4,5,No,3.26,5.33,4.15,LOW,5.85,HIGH,2.67
CLG0078,100,6.02,6.27,8,Yes,10,8,1,No,4.21,5.91,5.06,MEDIUM,4.94,MEDIUM,2.09
CLG0081,121,6.19,6.1,6,No,6,7,4,No,3.52,7.07,5.6,MEDIUM,4.4,MEDIUM,0.93
CLG0056,98,6.13,6.3,10,No,1,6,0,No,4.97,2.42,3.93,LOW,6.07,HIGH,5.58
CLG0005,106,6.98,6.97,3,No,0,9,0,No,3.63,3.56,3.99,LOW,6.01,HIGH,4.44
CLG0085,84,8.27,8.21,7,No,0,4,5,No,6.65,5.33,5.53,MEDIUM,4.47,MEDIUM,2.67
CLG0022,106,7.19,6.98,4,Yes,0,10,4,No,4.1,7.2,5.63,MEDIUM,4.37,MEDIUM,0.8
CLG0059,97,8.88,8.76,6,Yes,1,1,5,No,7.09,4.2,5.47,MEDIUM,4.53,MEDIUM,3.8
CLG0040,114,8.6,8.45,6,Yes,0,10,2,Yes,6.69,5.6,6.16,HIGH,3.84,LOW,2.4
CLG0084,117,5.63,5.78,5,No,3,6,2,No,2.62,4.42,4.12,LOW,5.88,HIGH,3.58
CLG0092,138,5.24,4.86,1,No,9,4,3,No,0.38,5.53,4.02,LOW,5.98,HIGH,2.47
CLG0063,108,9.39,8.98,8,No,9,1,3,No,8.22,4.2,6.11,HIGH,3.89,LOW,3.8
CLG0032,104,5.4,5.56,10,Yes,10,10,4,No,3.99,9.2,6.35,HIGH,3.65,LOW,0.0
CLG0045,102,5.74,5.79,2,No,6,3,5,No,1.69,6.09,4.15,LOW,5.85,HIGH,1.91
CLG0083,94,5.11,5.04,4,Yes,9,1,0,No,1.43,1.8,2.2,LOW,7.8,HIGH,6.2
CLG0092,105,8.14,7.79,3,No,2,5,1,No,4.93,2.98,4.26,MEDIUM,5.74,HIGH,5.02
CLG0087,95,7.91,7.82,6,No,8,8,2,No,5.82,6.31,5.78,MEDIUM,4.22,MEDIUM,1.69
CLG0033,102,9.93,10.0,1,No,1,2,5,No,6.96,4.64,5.68,MEDIUM,4.32,MEDIUM,3.36
CLG0082,119,9.43,9.82,9,No,1,6,0,No,9.19,2.42,5.98,HIGH,4.02,LOW,5.58
CLG0035,84,7.05,7.25,5,Yes,6,6,5,No,4.55,7.42,5.52,MEDIUM,4.48,MEDIUM,0.58
CLG0046,117,6.86,6.42,5,No,8,5,3,No,3.83,5.78,5.14,MEDIUM,4.86,MEDIUM,2.22
CLG0036,119,6.48,6.65,4,No,5,7,2,No,3.43,5.27,4.81,MEDIUM,5.19,MEDIUM,2.73
CLG0062,98,5.76,5.5,4,Yes,10,1,1,No,2.16,2.8,2.96,LOW,7.04,HIGH,5.2
CLG0083,68,5.69,5.51,1,No,0,10,5,No,1.12,8.0,4.11,LOW,5.89,HIGH,0.0
CLG0090,90,5.66,5.36,9,Yes,5,4,3,No,3.66,4.73,4.19,LOW,5.81,HIGH,3.27
CLG0100,119,5.57,5.85,9,Yes,3,6,1,No,3.97,3.62,4.37,MEDIUM,5.63,MEDIUM,4.38
CLG0026,99,6.2,6.35,4,No,4,4,3,No,3.05,4.53,4.02,LOW,5.98,HIGH,3.47
CLG0007,85,6.53,6.64,10,No,3,6,1,No,5.46,3.62,4.38,MEDIUM,5.62,MEDIUM,4.38
CLG0087,92,9.81,9.98,10,Yes,2,2,5,No,9.87,4.84,6.76,HIGH,3.24,LOW,3.16
CLG0005,112,7.89,7.63,4,Yes,1,9,2,Yes,5.0,5.36,5.36,MEDIUM,4.64,MEDIUM,2.64
CLG0087,108,9.94,9.88,7,No,1,4,5,No,8.88,5.53,6.91,HIGH,3.09,LOW,2.47
CLG0100,96,6.86,6.99,4,No,9,5,4,No,3.91,6.78,5.22,MEDIUM,4.78,MEDIUM,1.22
CLG0032,94,7.29,7.43,1,Yes,10,7,1,No,3.49,5.47,4.49,MEDIUM,5.51,MEDIUM,2.53
CLG0079,94,6.62,6.91,9,No,3,8,2,No,5.37,5.31,5.18,MEDIUM,4.82,MEDIUM,2.69
CLG0091,86,5.91,5.7,2,Yes,2,1,0,No,1.73,0.4,1.62,LOW,8.38,HIGH,7.6
CLG0081,124,5.72,5.99,5,No,10,7,0,No,2.83,4.67,4.42,MEDIUM,5.58,MEDIUM,3.33
CLG0084,95,9.73,9.67,4,Yes,5,10,3,Yes,7.6,7.4,6.92,HIGH,3.08,LOW,0.6
CLG0057,118,9.93,10.0,8,No,9,9,5,Yes,9.29,9.36,8.78,HIGH,1.22,LOW,0.0
CLG0080,122,5.22,5.18,6,No,2,2,5,No,2.27,4.84,4.23,LOW,5.77,HIGH,3.16
CLG0062,114,5.75,6.2,7,No,2,2,4,No,3.67,4.04,4.33,MEDIUM,5.67,MEDIUM,3.96
CLG0028,93,7.12,6.8,2,No,3,4,3,No,3.26,4.33,3.92,LOW,6.08,HIGH,3.67
CLG0095,106,5.93,6.11,4,No,4,1,5,No,2.71,4.8,4.12,LOW,5.88,HIGH,3.2
CLG0080,99,6.82,6.9,4,Yes,10,9,5,No,3.82,9.56,6.34,HIGH,3.66,LOW,0.0
CLG0078,86,5.65,5.32,2,No,8,5,1,No,1.29,4.18,2.96,LOW,7.04,HIGH,3.82
CLG0074,104,7.28,6.85,10,Yes,10,3,4,No,6.06,6.09,5.94,HIGH,4.06,LOW,1.91
CLG0066,82,6.36,6.66,4,No,4,6,1,No,3.37,3.82,3.58,LOW,6.42,HIGH,4.18
CLG0097,117,6.76,6.42,9,No,0,7,5,No,5.1,6.67,6.01,HIGH,3.99,LOW,1.33
CLG0041,93,5.47,5.16,8,Yes,8,4,2,No,3.07,4.53,3.93,LOW,6.07,HIGH,3.47
CLG0086,103,7.14,7.62,1,No,1,2,4,No,3.54,3.84,4.01,LOW,5.99,HIGH,4.16
CLG0066,104,9.92,10.0,8,No,3,5,0,No,9.29,2.38,5.74,MEDIUM,4.26,MEDIUM,5.62
CLG0064,96,6.64,6.39,9,Yes,9,7,2,No,5.01,6.07,5.37,MEDIUM,4.63,MEDIUM,1.93
CLG0007,108,9.38,9.47,8,No,5,10,2,Yes,8.57,6.6,7.21,HIGH,2.79,LOW,1.4
CLG0041,92,9.22,9.25,10,No,8,10,1,No,8.98,6.4,7.02,HIGH,2.98,LOW,1.6
CLG0045,113,9.76,10.0,1,Yes,1,3,3,Yes,6.86,3.49,5.37,MEDIUM,4.63,MEDIUM,4.51
CLG0044,79,8.95,9.18,8,No,8,2,5,No,8.1,6.04,6.31,HIGH,3.69,LOW,1.96
CLG0030,101,8.3,8.63,5,Yes,8,2,1,No,6.31,2.84,4.69,MEDIUM,5.31,MEDIUM,5.16
CLG0038,129,9.28,8.99,9,No,0,4,2,Yes,8.49,2.93,6.07,HIGH,3.93,LOW,5.07
CLG0039,84,5.38,5.52,9,No,10,4,4,No,3.61,6.53,4.79,MEDIUM,5.21,MEDIUM,1.47
CLG0019,89,7.31,6.85,6,No,5,5,0,No,4.74,2.78,3.83,LOW,6.17,HIGH,5.22
CLG0047,107,9.95,9.52,3,No,5,3,2,No,7.29,3.49,5.44,MEDIUM,4.56,MEDIUM,4.51
CLG0038,102,8.85,9.06,7,Yes,8,1,3,No,7.62,4.0,5.69,MEDIUM,4.31,MEDIUM,4.0
CLG0017,105,9.81,9.33,3,Yes,5,4,5,No,7.06,6.33,6.45,HIGH,3.55,LOW,1.67
CLG0074,107,8.9,8.98,7,No,1,1,3,No,7.59,2.6,5.2,MEDIUM,4.8,MEDIUM,5.4
CLG0079,109,9.37,9.71,8,No,7,8,5,Yes,8.74,8.51,8.06,HIGH,1.94,LOW,0.0
CLG0069,116,8.53,8.41,5,No,0,5,5,Yes,6.29,5.78,6.11,HIGH,3.89,LOW,2.22
CLG0099,106,8.8,8.34,5,No,4,2,4,No,6.4,4.44,5.45,MEDIUM,4.55,MEDIUM,3.56
CLG0004,96,7.62,7.83,4,No,9,5,3,No,4.98,5.98,5.32,MEDIUM,4.68,MEDIUM,2.02
CLG0035,110,9.62,10.0,3,No,2,5,4,No,7.44,5.38,6.31,HIGH,3.69,LOW,2.62
CLG0001,128,9.13,9.35,8,No,10,1,3,Yes,8.34,4.4,6.58,HIGH,3.42,LOW,3.6
CLG0081,98,9.22,9.3,6,No,5,5,1,No,7.69,3.58,5.48,MEDIUM,4.52,MEDIUM,4.42
CLG0085,85,8.37,8.1,6,No,4,8,5,Yes,6.3,7.91,6.44,HIGH,3.56,LOW,0.09
CLG0058,116,6.52,6.04,2,No,9,10,0,No,2.34,5.8,4.54,MEDIUM,5.46,MEDIUM,2.2
CLG0022,98,5.18,5.37,4,No,3,2,5,No,1.72,5.04,3.68,LOW,6.32,HIGH,2.96
CLG0005,67,9.68,9.41,5,No,2,8,0,No,7.71,3.51,4.93,MEDIUM,5.07,MEDIUM,4.49
CLG0060,112,7.93,8.29,10,Yes,0,8,2,Yes,7.51,4.71,6.1,HIGH,3.9,LOW,3.29
CLG0036,91,6.49,6.46,5,No,7,1,2,No,3.63,3.0,3.51,LOW,6.49,HIGH,5.0
CLG0009,98,5.75,5.78,3,No,10,4,1,No,2.03,4.13,3.44,LOW,6.56,HIGH,3.87
CLG0084,104,9.15,9.4,10,No,4,5,5,No,9.05,6.58,7.33,HIGH,2.67,LOW,1.42
CLG0057,102,9.18,9.46,5,No,7,10,1,No,7.45,6.2,6.5,HIGH,3.5,LOW,1.8
CLG0078,110,9.07,9.21,5,Yes,8,8,0,No,7.2,4.71,5.94,HIGH,4.06,LOW,3.29
CLG0084,93,8.23,8.67,2,No,7,3,2,No,5.3,3.89,4.56,MEDIUM,5.44,MEDIUM,4.11
CLG0090,107,6.83,7.31,5,No,5,1,2,No,4.46,2.6,3.95,LOW,6.05,HIGH,5.4
CLG0004,96,6.52,6.97,3,No,9,7,5,No,3.36,8.47,5.67,MEDIUM,4.33,MEDIUM,0.0
CLG0051,111,5.04,5.36,3,No,7,4,0,No,1.29,2.73,2.8,LOW,7.2,HIGH,5.27
CLG0039,109,9.17,9.38,5,No,4,10,4,Yes,7.38,8.0,7.31,HIGH,2.69,LOW,0.0
CLG0084,85,5.44,5.6,9,No,8,5,1,No,3.71,4.18,3.91,LOW,6.09,HIGH,3.82
CLG0052,116,8.15,7.75,2,Yes,5,6,2,No,4.57,4.82,5.04,MEDIUM,4.96,MEDIUM,3.18
CLG0075,91,7.52,7.29,9,No,1,4,0,No,6.19,1.53,3.94,LOW,6.06,HIGH,6.47
CLG0071,112,7.63,7.14,3,No,6,1,1,No,4.15,2.0,3.67,LOW,6.33,HIGH,6.0
CLG0055,105,9.63,9.27,7,Yes,0,8,5,Yes,8.24,7.11,7.23,HIGH,2.77,LOW,0.89
CLG0031,127,5.16,5.1,1,Yes,9,9,0,No,0.51,5.36,3.82,LOW,6.18,HIGH,2.64
CLG0050,96,8.87,8.52,1,Yes,0,3,5,No,5.24,4.89,4.99,MEDIUM,5.01,MEDIUM,3.11
CLG0008,94,5.26,5.66,8,No,7,10,4,No,3.31,8.6,5.67,MEDIUM,4.33,MEDIUM,0.0
CLG0087,99,5.19,5.5,9,Yes,4,4,5,No,3.48,6.13,4.84,MEDIUM,5.16,MEDIUM,1.87
CLG0015,95,7.15,6.72,3,No,10,5,3,No,3.55,6.18,4.82,MEDIUM,5.18,MEDIUM,1.82
CLG0065,111,5.32,5.07,6,Yes,9,10,2,Yes,2.25,7.4,5.06,MEDIUM,4.94,MEDIUM,0.6
CLG0010,75,8.95,9.27,3,No,8,9,5,Yes,6.5,9.16,6.85,HIGH,3.15,LOW,0.0
CLG0041,84,7.65,7.95,6,No,5,5,5,No,5.75,6.78,5.75,MEDIUM,4.25,MEDIUM,1.22
CLG0088,83,5.15,5.6,7,Yes,0,7,1,No,2.87,3.47,3.25,LOW,6.75,HIGH,4.53
CLG0079,114,5.2,5.7,5,Yes,5,3,0,No,2.3,1.89,2.92,LOW,7.08,HIGH,6.11
CLG0048,125,8.06,8.54,3,No,0,1,0,No,5.43,0.0,3.61,LOW,6.39,HIGH,8.0
CLG0021,98,9.03,8.94,8,No,4,6,1,No,7.97,3.82,5.69,MEDIUM,4.31,MEDIUM,4.18
CLG0086,97,7.19,6.94,5,No,2,10,2,No,4.41,6.0,5.12,MEDIUM,4.88,MEDIUM,2.0
CLG0024,101,7.77,8.03,1,No,9,1,5,No,4.22,5.8,5.03,MEDIUM,4.97,MEDIUM,2.2
CLG0074,117,9.0,8.8,9,No,9,6,2,Yes,8.19,5.62,6.82,HIGH,3.18,LOW,2.38
CLG0023,86,8.05,8.36,3,No,8,8,5,Yes,5.3,8.71,6.37,HIGH,3.63,LOW,0.0
CLG0080,103,6.12,6.15,2,Yes,0,9,0,No,2.18,3.56,3.36,LOW,6.64,HIGH,4.44
CLG0069,114,8.07,8.36,3,No,5,8,2,Yes,5.31,5.71,5.66,MEDIUM,4.34,MEDIUM,2.29
CLG0033,107,8.14,7.92,7,No,2,5,5,No,6.36,6.18,6.14,HIGH,3.86,LOW,1.82
CLG0036,102,8.67,8.68,10,Yes,8,7,3,No,8.23,6.67,7.0,HIGH,3.0,LOW,1.33
CLG0025,115,8.1,8.16,8,No,1,6,4,Yes,6.85,5.62,6.25,HIGH,3.75,LOW,2.38
CLG0058,59,9.85,10.0,2,No,10,9,4,Yes,7.24,8.76,6.71,HIGH,3.29,LOW,0.0
CLG0090,110,5.99,5.76,7,No,6,4,3,No,3.49,4.93,4.55,MEDIUM,5.45,MEDIUM,3.07
CLG0066,90,9.76,10.0,5,Yes,8,8,2,Yes,8.19,6.31,6.64,HIGH,3.36,LOW,1.69
CLG0098,72,7.69,7.99,9,Yes,2,9,5,No,6.81,7.96,6.44,HIGH,3.56,LOW,0.04
CLG0031,107,8.36,8.59,7,Yes,2,7,0,No,6.98,3.07,5.15,MEDIUM,4.85,MEDIUM,4.93
CLG0044,120,5.5,5.79,1,No,2,7,2,No,1.22,4.67,3.71,LOW,6.29,HIGH,3.33
CLG0063,97,6.9,7.01,1,Yes,0,2,1,No,2.95,1.24,2.63,LOW,7.37,HIGH,6.76
CLG0045,114,8.85,8.59,6,Yes,8,9,1,Yes,6.94,5.96,6.41,HIGH,3.59,LOW,2.04
CLG0083,124,8.53,8.22,9,Yes,8,5,2,Yes,7.48,4.98,6.4,HIGH,3.6,LOW,3.02
CLG0082,119,5.2,5.57,1,No,5,10,3,Yes,0.87,7.4,4.64,MEDIUM,5.36,MEDIUM,0.6
CLG0050,124,7.73,7.96,3,No,8,3,1,No,4.81,3.29,4.66,MEDIUM,5.34,MEDIUM,4.71
CLG0067,111,5.44,5.15,5,No,8,4,5,No,2.04,6.93,4.78,MEDIUM,5.22,MEDIUM,1.07
CLG0071,101,9.98,10.0,4,No,0,10,4,Yes,7.99,7.2,7.1,HIGH,2.9,LOW,0.8
CLG0087,75,9.49,9.44,1,No,2,2,0,No,6.28,0.84,3.43,LOW,6.57,HIGH,7.16
CLG0001,96,5.11,4.77,10,No,2,3,3,No,3.23,3.69,3.71,LOW,6.29,HIGH,4.31
CLG0071,87,9.29,9.32,4,No,0,6,1,No,7.08,3.02,4.83,MEDIUM,5.17,MEDIUM,4.98
CLG0086,132,9.6,9.38,4,No,5,1,0,No,7.31,1.0,4.88,MEDIUM,5.12,MEDIUM,7.0
CLG0067,97,6.77,6.37,10,No,3,2,5,No,5.4,5.04,5.13,MEDIUM,4.87,MEDIUM,2.96
CLG0083,101,8.6,8.57,4,No,7,4,4,No,6.11,5.93,5.84,MEDIUM,4.16,MEDIUM,2.07
CLG0094,108,7.21,7.3,3,No,5,1,1,No,4.01,1.8,3.47,LOW,6.53,HIGH,6.2
CLG0009,100,8.28,7.83,7,Yes,3,6,1,No,6.38,3.62,5.01,MEDIUM,4.99,MEDIUM,4.38
CLG0099,125,6.7,6.6,1,No,4,4,0,No,2.53,2.13,3.3,LOW,6.7,HIGH,5.87
CLG0035,90,6.61,6.37,2,Yes,1,2,0,No,2.64,0.64,2.15,LOW,7.85,HIGH,7.36
CLG0013,102,7.12,6.65,1,Yes,9,10,2,No,2.82,7.4,5.13,MEDIUM,4.87,MEDIUM,0.6
CLG0026,88,5.73,5.36,4,Yes,0,4,1,No,2.04,2.13,2.47,LOW,7.53,HIGH,5.87
CLG0045,80,9.16,8.8,5,No,6,8,4,Yes,6.95,7.51,6.45,HIGH,3.55,LOW,0.49
CLG0051,90,6.74,6.42,10,Yes,9,6,0,No,5.42,4.02,4.61,MEDIUM,5.39,MEDIUM,3.98
CLG0092,99,7.0,7.3,5,Yes,2,1,3,No,4.56,2.8,3.94,LOW,6.06,HIGH,5.2
CLG0025,93,9.47,9.41,2,Yes,2,5,1,No,6.58,2.98,4.71,MEDIUM,5.29,MEDIUM,5.02
CLG0056,89,7.48,7.13,3,Yes,5,6,3,No,4.05,5.62,4.69,MEDIUM,5.31,MEDIUM,2.38
CLG0039,78,7.72,7.32,4,No,2,4,1,No,4.67,2.53,3.51,LOW,6.49,HIGH,5.47
CLG0003,98,9.78,9.58,10,No,6,4,0,No,9.56,2.53,5.81,MEDIUM,4.19,MEDIUM,5.47
CLG0075,77,9.43,9.73,6,No,6,3,2,No,8.13,3.69,5.34,MEDIUM,4.66,MEDIUM,4.31
CLG0094,111,5.85,5.71,6,No,4,10,1,No,3.03,5.6,4.65,MEDIUM,5.35,MEDIUM,2.4
CLG0053,101,7.37,7.03,2,No,0,10,5,No,3.58,8.0,5.66,MEDIUM,4.34,MEDIUM,0.0
CLG0033,78,9.86,9.76,2,No,8,6,0,No,7.07,3.82,4.99,MEDIUM,5.01,MEDIUM,4.18
CLG0062,95,6.86,6.92,9,Yes,1,9,0,No,5.53,3.76,4.64,MEDIUM,5.36,MEDIUM,4.24
CLG0098,88,6.86,6.39,2,No,3,7,0,No,2.8,3.27,3.23,LOW,6.77,HIGH,4.73
CLG0067,104,5.98,6.11,2,No,9,9,3,No,2.07,7.76,5.01,MEDIUM,4.99,MEDIUM,0.24
CLG0069,120,5.57,5.47,3,No,9,6,0,No,1.69,4.02,3.63,LOW,6.37,HIGH,3.98
CLG0095,71,8.7,8.21,9,No,1,2,3,No,7.58,3.04,4.76,MEDIUM,5.24,MEDIUM,4.96
CLG0004,101,8.85,9.02,6,No,0,6,4,No,7.26,5.42,6.1,HIGH,3.9,LOW,2.58
CLG0072,97,9.85,10.0,6,No,0,7,5,No,8.58,6.67,7.06,HIGH,2.94,LOW,1.33
CLG0059,110,8.87,9.0,10,Yes,0,2,5,No,8.59,4.44,6.39,HIGH,3.61,LOW,3.56
CLG0017,103,6.22,6.06,5,No,6,1,5,No,3.18,5.2,4.41,MEDIUM,5.59,MEDIUM,2.8
CLG0022,88,5.2,5.23,7,Yes,10,6,2,No,2.63,5.82,4.18,LOW,5.82,HIGH,2.18
CLG0038,95,9.93,9.82,4,No,8,8,5,Yes,7.83,8.71,7.54,HIGH,2.46,LOW,0.0
CLG0088,88,6.7,6.9,10,No,0,6,0,No,5.75,2.22,3.99,LOW,6.01,HIGH,5.78
CLG0031,116,6.56,6.64,10,No,9,8,4,Yes,5.47,8.11,6.71,HIGH,3.29,LOW,0.0
CLG0049,100,9.53,9.11,3,Yes,5,6,0,No,6.73,3.22,4.99,MEDIUM,5.01,MEDIUM,4.78
CLG0052,128,7.93,8.07,7,No,10,6,4,Yes,6.34,7.42,6.99,HIGH,3.01,LOW,0.58
CLG0089,99,6.07,6.26,10,No,4,8,5,No,4.9,7.91,6.12,HIGH,3.88,LOW,0.09
CLG0038,89,9.45,9.32,1,Yes,2,3,0,No,6.17,1.29,3.8,LOW,6.2,HIGH,6.71
CLG0096,77,9.97,10.0,6,Yes,1,3,2,No,8.65,2.69,5.15,MEDIUM,4.85,MEDIUM,5.31
CLG0049,72,5.43,5.77,2,Yes,1,6,0,No,1.49,2.42,2.09,LOW,7.91,HIGH,5.58
CLG0090,76,9.31,8.99,2,No,1,4,3,No,6.18,3.93,4.64,MEDIUM,5.36,MEDIUM,4.07
CLG0100,104,6.95,7.35,8,Yes,6,7,0,No,5.56,3.87,4.85,MEDIUM,5.15,MEDIUM,4.13
CLG0027,107,7.62,7.56,3,No,3,7,1,No,4.45,4.07,4.54,MEDIUM,5.46,MEDIUM,3.93
CLG0023,76,9.57,9.79,9,No,6,9,3,Yes,9.25,7.16,7.16,HIGH,2.84,LOW,0.84
CLG0084,113,9.87,10.0,4,No,9,2,4,Yes,7.92,5.44,6.57,HIGH,3.43,LOW,2.56
CLG0027,92,6.31,6.32,6,No,0,2,5,No,3.76,4.44,4.15,LOW,5.85,HIGH,3.56
CLG0081,102,6.06,5.96,1,No,9,6,5,No,1.68,8.02,4.92,MEDIUM,5.08,MEDIUM,0.0
CLG0014,124,5.4,5.82,10,Yes,3,9,0,No,4.18,4.16,4.75,MEDIUM,5.25,MEDIUM,3.84
CLG0003,113,7.81,7.54,10,Yes,8,7,5,No,6.88,8.27,7.29,HIGH,2.71,LOW,0.0
CLG0027,95,5.07,4.83,3,Yes,6,6,5,No,0.92,7.42,4.26,MEDIUM,5.74,HIGH,0.58
CLG0062,86,7.06,6.92,4,Yes,9,5,5,No,3.98,7.58,5.39,MEDIUM,4.61,MEDIUM,0.42
CLG0014,67,5.37,5.73,5,No,5,8,0,No,2.43,4.11,3.06,LOW,6.94,HIGH,3.89
CLG0092,89,7.03,7.47,1,No,6,2,0,No,3.36,1.64,2.82,LOW,7.18,HIGH,6.36
CLG0044,96,5.2,4.92,4,No,1,3,1,No,1.4,1.89,2.26,LOW,7.74,HIGH,6.11
CLG0025,85,9.18,9.54,5,No,0,6,2,No,7.5,3.82,5.28,MEDIUM,4.72,MEDIUM,4.18
CLG0061,98,6.05,5.81,4,Yes,9,1,2,No,2.56,3.4,3.36,LOW,6.64,HIGH,4.6
CLG0075,101,6.64,7.11,10,No,8,8,3,No,5.87,7.11,6.22,HIGH,3.78,LOW,0.89
CLG0052,96,9.35,9.45,10,No,1,9,3,Yes,9.21,6.16,7.09,HIGH,2.91,LOW,1.84
CLG0012,90,8.73,8.24,7,No,1,2,1,No,6.95,1.44,4.19,LOW,5.81,HIGH,6.56
CLG0097,102,6.1,5.63,8,Yes,2,9,5,No,3.79,7.96,5.74,MEDIUM,4.26,MEDIUM,0.04
CLG0084,106,5.36,5.01,8,No,2,5,1,No,2.89,2.98,3.46,LOW,6.54,HIGH,5.02
CLG0034,83,8.58,8.27,3,No,2,8,1,No,5.55,4.31,4.66,MEDIUM,5.34,MEDIUM,3.69
CLG0023,121,6.95,7.22,5,No,3,1,4,No,4.47,3.8,4.68,MEDIUM,5.32,MEDIUM,4.2
CLG0019,98,8.83,8.55,10,Yes,10,1,5,No,8.24,6.0,6.67,HIGH,3.33,LOW,2.0
CLG0100,100,7.23,7.7,8,No,0,4,5,No,5.99,5.33,5.54,MEDIUM,4.46,MEDIUM,2.67
CLG0001,110,6.73,6.87,7,Yes,10,1,1,No,4.74,2.8,4.2,LOW,5.8,HIGH,5.2
CLG0074,103,7.26,7.45,9,Yes,0,1,1,No,6.15,0.8,3.84,LOW,6.16,HIGH,7.2
CLG0065,114,8.74,8.46,10,No,3,5,1,No,8.12,3.18,5.77,MEDIUM,4.23,MEDIUM,4.82
CLG0005,104,9.51,9.9,7,No,0,2,1,No,8.63,1.24,5.02,MEDIUM,4.98,MEDIUM,6.76
CLG0057,90,5.25,5.42,2,No,3,4,5,No,1.13,5.93,3.66,LOW,6.34,HIGH,2.07
CLG0022,105,7.62,7.98,4,No,1,8,2,No,5.09,4.91,5.09,MEDIUM,4.91,MEDIUM,3.09
CLG0043,82,5.16,5.62,8,No,6,6,0,No,3.22,3.42,3.36,LOW,6.64,HIGH,4.58
CLG0002,101,7.34,6.97,9,Yes,5,2,0,No,5.85,1.44,3.94,LOW,6.06,HIGH,6.56
CLG0073,99,9.43,9.03,7,No,1,3,2,No,7.95,2.69,5.25,MEDIUM,4.75,MEDIUM,5.31
CLG0007,96,6.81,7.11,5,No,1,2,1,No,4.3,1.44,3.24,LOW,6.76,HIGH,6.56
CLG0021,98,9.66,10.0,1,Yes,0,4,5,No,6.8,5.33,5.83,MEDIUM,4.17,MEDIUM,2.67
CLG0071,71,8.15,8.23,9,No,3,5,4,No,7.26,5.58,5.65,MEDIUM,4.35,MEDIUM,2.42
CLG0059,91,9.67,9.54,6,Yes,1,9,4,Yes,8.13,6.96,6.89,HIGH,3.11,LOW,1.04
CLG0009,101,8.79,8.94,2,No,4,7,3,No,5.83,5.87,5.71,MEDIUM,4.29,MEDIUM,2.13
CLG0040,102,5.52,5.33,10,Yes,3,8,0,No,3.89,3.71,4.08,LOW,5.92,HIGH,4.29
CLG0073,84,6.16,5.9,10,No,0,7,3,No,4.69,5.07,4.64,MEDIUM,5.36,MEDIUM,2.93
CLG0049,118,6.97,6.96,2,No,4,10,1,No,3.29,5.6,4.87,MEDIUM,5.13,MEDIUM,2.4
CLG0012,87,5.85,5.57,10,Yes,4,8,3,No,4.26,6.31,5.01,MEDIUM,4.99,MEDIUM,1.69
CLG0100,114,7.47,7.45,1,No,4,5,1,No,3.61,3.38,4.04,LOW,5.96,HIGH,4.62
CLG0073,106,7.36,7.82,4,Yes,1,3,3,No,4.82,3.49,4.44,MEDIUM,5.56,MEDIUM,4.51
CLG0010,90,9.78,10.0,10,No,3,7,2,No,9.87,4.87,6.73,HIGH,3.27,LOW,3.13
CLG0074,126,7.17,7.61,2,No,4,1,5,No,3.88,4.8,4.92,MEDIUM,5.08,MEDIUM,3.2
CLG0017,82,8.93,9.24,10,Yes,10,3,1,No,8.8,3.69,5.7,MEDIUM,4.3,MEDIUM,4.31
CLG0004,113,9.71,9.56,9,No,10,7,4,Yes,9.17,7.87,8.05,HIGH,1.95,LOW,0.13
CLG0064,115,9.38,9.69,2,No,5,4,1,No,6.73,3.13,5.21,MEDIUM,4.79,MEDIUM,4.87
CLG0016,89,6.04,6.46,9,No,6,7,4,No,4.7,7.07,5.53,MEDIUM,4.47,MEDIUM,0.93
CLG0049,120,7.48,7.93,1,No,9,10,5,Yes,3.97,9.8,6.86,HIGH,3.14,LOW,0.0
CLG0100,96,6.74,6.92,7,No,10,10,4,No,4.79,9.2,6.54,HIGH,3.46,LOW,0.0
CLG0027,104,7.0,6.71,6,No,2,6,3,No,4.46,5.02,4.87,MEDIUM,5.13,MEDIUM,2.98
CLG0006,103,6.8,6.34,6,No,2,4,0,No,4.07,1.73,3.38,LOW,6.62,HIGH,6.27
CLG0009,97,9.13,8.78,2,No,9,7,0,No,5.92,4.47,5.11,MEDIUM,4.89,MEDIUM,3.53
CLG0058,112,7.26,7.73,1,Yes,1,8,0,No,3.69,3.31,4.01,LOW,5.99,HIGH,4.69
CLG0032,111,7.62,7.58,10,No,8,8,4,Yes,6.8,7.91,7.08,HIGH,2.92,LOW,0.09
CLG0038,73,9.91,10.0,8,Yes,0,7,0,No,9.28,2.67,5.33,MEDIUM,4.67,MEDIUM,5.33
CLG0030,119,5.3,5.27,8,Yes,2,2,1,No,3.05,1.64,3.21,LOW,6.79,HIGH,6.36
CLG0078,75,7.44,7.6,2,No,2,8,1,No,4.04,4.31,3.92,LOW,6.08,HIGH,3.69
CLG0045,115,8.87,8.39,4,Yes,7,5,5,Yes,6.14,7.18,6.59,HIGH,3.41,LOW,0.82
CLG0029,116,5.76,5.51,4,Yes,5,9,1,No,2.17,5.36,4.29,MEDIUM,5.71,MEDIUM,2.64
CLG0092,83,8.06,8.0,2,Yes,2,6,5,No,4.7,6.62,5.25,MEDIUM,4.75,MEDIUM,1.38
CLG0022,93,6.2,6.33,9,No,0,4,4,No,4.7,4.53,4.58,MEDIUM,5.42,MEDIUM,3.47
CLG0031,83,9.34,9.01,4,Yes,2,9,4,Yes,6.88,7.16,6.33,HIGH,3.67,LOW,0.84
CLG0081,96,6.64,6.9,4,Yes,3,1,0,No,3.71,0.6,2.66,LOW,7.34,HIGH,7.4
CLG0017,95,6.65,6.51,4,No,0,4,5,No,3.43,5.33,4.43,MEDIUM,5.57,MEDIUM,2.67
CLG0054,111,7.99,8.31,5,No,2,5,3,Yes,5.89,4.58,5.38,MEDIUM,4.62,MEDIUM,3.42
CLG0079,119,5.92,5.52,10,No,3,4,4,No,4.27,5.13,5.09,MEDIUM,4.91,MEDIUM,2.87
CLG0047,120,6.42,6.6,8,No,6,9,2,Yes,4.69,6.36,5.77,MEDIUM,4.23,MEDIUM,1.64
CLG0032,91,7.08,6.87,4,No,3,1,1,No,3.95,1.4,2.99,LOW,7.01,HIGH,6.6
CLG0028,96,6.77,7.07,3,No,0,3,1,No,3.58,1.69,3.05,LOW,6.95,HIGH,6.31
CLG0011,74,7.62,7.52,1,Yes,8,9,0,No,3.76,5.16,4.13,LOW,5.87,HIGH,2.84
CLG0039,87,8.0,8.17,2,No,5,7,3,No,4.79,6.07,5.13,MEDIUM,4.87,MEDIUM,1.93
CLG0017,114,7.83,8.26,4,No,8,5,1,No,5.42,4.18,5.09,MEDIUM,4.91,MEDIUM,3.82
CLG0076,124,8.27,7.79,9,Yes,6,6,4,No,7.01,6.62,6.87,HIGH,3.13,LOW,1.38
CLG0039,81,6.54,6.05,1,No,3,4,3,No,2.03,4.33,3.23,LOW,6.77,HIGH,3.67
CLG0073,91,5.63,5.9,6,No,0,5,1,No,3.04,2.58,3.1,LOW,6.9,HIGH,5.42
CLG0025,99,8.8,8.95,6,No,6,8,0,No,7.18,4.31,5.59,MEDIUM,4.41,MEDIUM,3.69
CLG0026,104,9.25,9.04,10,No,8,5,0,No,8.85,3.38,5.97,HIGH,4.03,LOW,4.62
CLG0068,87,6.29,6.28,3,Yes,5,10,0,No,2.72,5.0,3.87,LOW,6.13,HIGH,3.0
CLG0062,106,7.04,6.58,10,No,0,2,4,No,5.72,3.64,4.86,MEDIUM,5.14,MEDIUM,4.36
CLG0019,92,7.49,7.18,9,No,8,8,0,No,6.09,4.71,5.19,MEDIUM,4.81,MEDIUM,3.29
CLG0013,99,7.67,7.59,10,No,6,3,2,No,6.84,3.69,5.2,MEDIUM,4.8,MEDIUM,4.31
CLG0029,108,8.3,8.63,3,No,0,5,4,No,5.64,4.98,5.39,MEDIUM,4.61,MEDIUM,3.02
CLG0054,100,5.21,5.19,1,Yes,3,6,2,No,0.6,4.42,3.02,LOW,6.98,HIGH,3.58
CLG0073,93,8.61,8.7,2,No,4,1,0,No,5.55,0.8,3.43,LOW,6.57,HIGH,7.2
CLG0042,98,5.31,5.68,4,Yes,1,3,3,No,2.02,3.49,3.18,LOW,6.82,HIGH,4.51
CLG0062,98,7.34,7.15,4,No,2,1,4,No,4.32,3.6,4.14,LOW,5.86,HIGH,4.4
CLG0071,94,9.14,9.34,2,No,1,7,2,No,6.33,4.47,5.23,MEDIUM,4.77,MEDIUM,3.53
CLG0071,96,7.26,7.62,10,Yes,3,2,4,No,6.61,4.24,5.28,MEDIUM,4.72,MEDIUM,3.76
CLG0021,123,5.75,5.45,6,Yes,6,10,2,Yes,2.78,6.8,5.23,MEDIUM,4.77,MEDIUM,1.2
CLG0009,108,9.93,9.79,6,Yes,4,7,5,No,8.47,7.47,7.52,HIGH,2.48,LOW,0.53
CLG0045,95,9.45,9.93,3,No,6,3,4,No,7.29,5.29,5.96,HIGH,4.04,LOW,2.71
CLG0027,110,8.86,9.34,1,Yes,0,3,1,No,5.83,1.69,4.19,LOW,5.81,HIGH,6.31
CLG0048,94,7.06,6.78,10,No,2,1,2,No,5.88,2.0,4.06,LOW,5.94,HIGH,6.0
CLG0085,117,5.92,5.49,9,No,1,7,2,No,3.91,4.47,4.65,MEDIUM,5.35,MEDIUM,3.53
CLG0069,105,9.71,9.48,4,No,0,8,4,Yes,7.45,6.31,6.6,HIGH,3.4,LOW,1.69
CLG0005,98,7.66,7.56,9,Yes,4,4,3,No,6.48,4.53,5.38,MEDIUM,4.62,MEDIUM,3.47
CLG0072,106,9.26,9.2,5,No,2,9,1,No,7.3,4.76,5.94,HIGH,4.06,LOW,3.24
CLG0015,76,6.71,6.83,7,No,7,4,2,No,4.7,4.33,4.21,LOW,5.79,HIGH,3.67
CLG0077,83,6.68,7.08,3,Yes,4,10,0,No,3.54,4.8,4.05,LOW,5.95,HIGH,3.2
CLG0097,82,9.93,9.76,3,No,4,5,0,No,7.45,2.58,4.71,MEDIUM,5.29,MEDIUM,5.42
CLG0044,102,7.61,7.96,8,No,6,6,5,No,6.4,7.42,6.57,HIGH,3.43,LOW,0.58
CLG0047,125,5.7,5.29,1,No,7,9,4,Yes,0.97,8.16,5.09,MEDIUM,4.91,MEDIUM,0.0
CLG0032,133,6.1,5.64,8,No,0,9,3,Yes,3.8,5.96,5.48,MEDIUM,4.52,MEDIUM,2.04
CLG0036,109,7.41,7.41,8,No,4,8,1,No,5.88,4.71,5.4,MEDIUM,4.6,MEDIUM,3.29
CLG0049,107,5.21,4.77,3,Yes,8,10,2,No,0.96,7.2,4.39,MEDIUM,5.61,MEDIUM,0.8
CLG0053,72,7.31,7.2,1,No,10,2,0,No,3.33,2.44,2.84,LOW,7.16,HIGH,5.56
CLG0023,91,7.09,7.49,9,Yes,8,10,2,No,6.08,7.2,6.17,HIGH,3.83,LOW,0.8
CLG0034,88,8.9,8.64,4,Yes,6,10,0,No,6.34,5.2,5.42,MEDIUM,4.58,MEDIUM,2.8
CLG0018,90,6.77,6.98,7,Yes,3,1,4,No,4.85,3.8,4.3,MEDIUM,5.7,MEDIUM,4.2
CLG0012,97,9.91,9.71,9,No,1,2,4,No,9.4,3.84,6.25,HIGH,3.75,LOW,4.16
CLG0087,92,5.9,5.44,3,Yes,4,6,2,No,1.87,4.62,3.47,LOW,6.53,HIGH,3.38
CLG0002,70,7.95,8.01,5,Yes,3,7,4,No,5.65,6.47,5.34,MEDIUM,4.66,MEDIUM,1.53
CLG0027,111,5.45,5.78,10,Yes,0,6,1,No,4.18,3.02,4.08,LOW,5.92,HIGH,4.98
CLG0050,83,8.67,8.58,3,No,6,1,5,No,5.83,5.2,5.13,MEDIUM,4.87,MEDIUM,2.8
CLG0031,103,9.97,10.0,5,No,2,1,4,No,8.32,3.6,5.83,MEDIUM,4.17,MEDIUM,4.4
CLG0048,131,9.1,9.5,2,No,5,1,1,No,6.43,1.8,4.83,MEDIUM,5.17,MEDIUM,6.2
CLG0086,86,7.78,8.07,4,No,4,1,4,No,5.25,4.0,4.47,MEDIUM,5.53,MEDIUM,4.0
CLG0069,62,7.42,7.11,2,Yes,3,10,2,No,3.67,6.2,4.31,MEDIUM,5.69,MEDIUM,1.8
CLG0017,95,9.18,9.41,3,Yes,2,10,1,No,6.74,5.2,5.7,MEDIUM,4.3,MEDIUM,2.8
CLG0043,116,9.68,9.68,5,Yes,8,1,5,Yes,7.91,5.6,6.69,HIGH,3.31,LOW,2.4
CLG0071,129,9.95,10.0,9,Yes,4,2,5,Yes,9.64,5.24,7.46,HIGH,2.54,LOW,2.76
CLG0018,81,6.98,6.97,3,No,9,2,5,No,3.63,6.24,4.63,MEDIUM,5.37,MEDIUM,1.76
CLG0066,107,9.95,9.58,10,No,6,4,3,No,9.66,4.93,6.96,HIGH,3.04,LOW,3.07
CLG0031,93,5.78,5.85,6,Yes,3,3,5,No,3.09,5.49,4.32,MEDIUM,5.68,MEDIUM,2.51
CLG0063,98,6.27,6.26,4,Yes,0,4,2,No,3.02,2.93,3.35,LOW,6.65,HIGH,5.07
CLG0028,139,5.45,5.47,4,Yes,1,5,1,No,1.95,2.78,3.57,LOW,6.43,HIGH,5.22
CLG0067,77,6.36,6.74,10,No,9,4,0,No,5.43,3.13,4.04,LOW,5.96,HIGH,4.87
CLG0009,103,8.84,9.23,10,Yes,4,3,5,No,8.74,5.69,6.83,HIGH,3.17,LOW,2.31
CLG0097,107,9.26,9.21,5,No,7,3,0,No,7.31,2.29,4.97,MEDIUM,5.03,MEDIUM,5.71
CLG0028,116,8.89,8.85,7,Yes,7,4,3,Yes,7.49,5.13,6.33,HIGH,3.67,LOW,2.87
CLG0092,101,8.16,8.18,4,No,7,6,0,No,5.56,3.62,4.7,MEDIUM,5.3,MEDIUM,4.38
CLG0018,104,7.57,7.59,8,No,8,7,2,No,6.11,5.87,5.87,MEDIUM,4.13,MEDIUM,2.13
CLG0015,94,8.54,8.99,9,Yes,1,4,5,No,8.05,5.53,6.34,HIGH,3.66,LOW,2.47
CLG0075,104,6.95,7.1,9,No,3,8,1,No,5.71,4.51,5.16,MEDIUM,4.84,MEDIUM,3.49
CLG0089,94,9.21,8.99,9,No,10,6,5,No,8.45,8.22,7.57,HIGH,2.43,LOW,0.0
CLG0005,109,8.39,8.42,2,No,9,5,2,No,5.21,5.18,5.32,MEDIUM,4.68,MEDIUM,2.82
CLG0041,94,8.49,8.62,3,No,5,8,4,Yes,5.75,7.31,6.13,HIGH,3.87,LOW,0.69
CLG0091,105,7.68,7.82,5,No,5,6,4,No,5.34,6.42,5.8,MEDIUM,4.2,MEDIUM,1.58
CLG0076,99,9.43,9.52,1,No,4,1,0,No,6.31,0.8,3.84,LOW,6.16,HIGH,7.2
CLG0074,116,6.26,5.94,4,No,1,1,3,No,2.78,2.6,3.43,LOW,6.57,HIGH,5.4
CLG0073,99,6.91,6.44,5,No,7,10,3,No,3.87,7.8,5.66,MEDIUM,4.34,MEDIUM,0.2
CLG0066,73,8.89,8.73,9,Yes,0,10,5,Yes,8.07,8.0,6.98,HIGH,3.02,LOW,0.0
CLG0073,118,7.46,7.39,8,No,0,6,4,No,5.9,5.42,5.84,MEDIUM,4.16,MEDIUM,2.58
CLG0051,86,9.45,9.01,1,No,0,8,3,Yes,5.94,5.51,5.35,MEDIUM,4.65,MEDIUM,2.49
CLG0016,90,6.73,7.04,3,No,8,9,3,No,3.54,7.56,5.28,MEDIUM,4.72,MEDIUM,0.44
CLG0065,91,6.85,6.69,3,Yes,4,4,0,No,3.35,2.13,3.05,LOW,6.95,HIGH,5.87
CLG0085,120,9.44,9.85,6,Yes,1,7,5,Yes,8.22,6.87,7.39,HIGH,2.61,LOW,1.13
CLG0057,67,7.32,6.97,4,No,10,9,2,No,4.17,7.16,4.98,MEDIUM,5.02,MEDIUM,0.84
CLG0037,147,7.58,7.14,4,No,0,8,2,Yes,4.45,4.71,5.48,MEDIUM,4.52,MEDIUM,3.29
CLG0039,115,6.66,6.64,1,Yes,3,8,1,No,2.53,4.51,4.08,LOW,5.92,HIGH,3.49
CLG0065,103,6.38,6.07,10,Yes,10,1,2,No,4.95,3.6,4.48,MEDIUM,5.52,MEDIUM,4.4
CLG0049,99,8.28,8.72,4,No,1,10,2,Yes,6.03,5.8,5.72,MEDIUM,4.28,MEDIUM,2.2
CLG0047,104,5.6,5.11,1,Yes,2,6,0,No,0.78,2.62,2.44,LOW,7.56,HIGH,5.38
CLG0040,107,9.4,9.31,5,No,1,9,5,Yes,7.47,7.76,7.22,HIGH,2.78,LOW,0.24
CLG0014,109,8.9,9.33,3,Yes,7,8,0,No,6.52,4.51,5.57,MEDIUM,4.43,MEDIUM,3.49
CLG0040,108,5.95,5.83,10,Yes,2,2,5,No,4.52,4.84,4.89,MEDIUM,5.11,MEDIUM,3.16
CLG0048,101,8.47,8.06,5,Yes,1,5,2,No,5.99,3.58,4.85,MEDIUM,5.15,MEDIUM,4.42
CLG0032,97,8.01,7.81,3,Yes,5,4,1,No,4.87,3.13,4.16,LOW,5.84,HIGH,4.87
CLG0088,97,5.92,5.92,5,No,6,8,2,No,2.9,5.91,4.48,MEDIUM,5.52,MEDIUM,2.09
CLG0039,97,6.37,6.06,4,Yes,8,9,5,No,2.94,9.16,5.8,MEDIUM,4.2,MEDIUM,0.0
CLG0033,117,7.04,7.01,9,Yes,10,3,2,No,5.7,4.49,5.38,MEDIUM,4.62,MEDIUM,3.51
CLG0030,108,8.5,8.84,6,No,9,9,4,Yes,6.92,8.56,7.34,HIGH,2.66,LOW,0.0
CLG0026,55,8.19,8.56,10,Yes,3,1,5,No,7.86,4.6,5.22,MEDIUM,4.78,MEDIUM,3.4
CLG0043,109,7.66,7.21,2,Yes,4,7,1,No,3.89,4.27,4.43,MEDIUM,5.57,MEDIUM,3.73
CLG0055,102,8.84,8.5,1,Yes,10,8,5,Yes,5.21,9.11,6.77,HIGH,3.23,LOW,0.0
CLG0044,99,8.79,8.57,1,No,5,6,2,No,5.23,4.82,5.01,MEDIUM,4.99,MEDIUM,3.18
CLG0078,94,8.09,8.18,1,No,2,4,0,No,4.52,1.73,3.41,LOW,6.59,HIGH,6.27
CLG0076,116,8.93,8.79,9,No,2,4,5,Yes,8.14,5.73,6.83,HIGH,3.17,LOW,2.27
CLG0003,114,6.67,7.01,5,No,2,7,2,No,4.14,4.67,4.77,MEDIUM,5.23,MEDIUM,3.33
CLG0007,88,9.41,9.63,4,No,4,10,3,Yes,7.37,7.2,6.63,HIGH,3.37,LOW,0.8
CLG0085,106,8.07,7.67,10,No,10,6,4,No,7.14,7.42,6.94,HIGH,3.06,LOW,0.58
CLG0058,85,9.11,9.23,5,No,5,4,4,No,7.24,5.53,5.86,MEDIUM,4.14,MEDIUM,2.47
CLG0091,79,7.73,7.34,9,Yes,8,5,4,No,6.36,6.58,5.83,MEDIUM,4.17,MEDIUM,1.42
CLG0010,90,6.09,5.85,3,No,8,10,1,No,2.28,6.4,4.31,MEDIUM,5.69,MEDIUM,1.6
CLG0010,112,7.71,7.39,3,No,4,4,5,No,4.38,6.13,5.42,MEDIUM,4.58,MEDIUM,1.87
CLG0100,114,6.86,6.53,2,Yes,7,1,4,No,2.91,4.6,4.25,LOW,5.75,HIGH,3.4
CLG0081,107,8.49,8.61,8,Yes,6,4,2,No,7.41,4.13,5.74,MEDIUM,4.26,MEDIUM,3.87
CLG0042,110,7.38,7.44,7,No,3,6,1,No,5.55,3.62,4.85,MEDIUM,5.15,MEDIUM,4.38
CLG0034,107,9.18,8.86,2,Yes,0,2,3,No,6.01,2.84,4.67,MEDIUM,5.33,MEDIUM,5.16
CLG0082,90,8.39,8.88,4,No,2,7,0,No,6.21,3.07,4.55,MEDIUM,5.45,MEDIUM,4.93
CLG0026,106,8.42,8.34,7,Yes,10,9,4,Yes,6.84,8.76,7.35,HIGH,2.65,LOW,0.0
CLG0060,112,6.09,5.69,1,No,9,10,2,Yes,1.5,7.4,4.77,MEDIUM,5.23,MEDIUM,0.6
CLG0002,111,9.92,9.54,1,Yes,4,2,1,No,6.62,2.04,4.66,MEDIUM,5.34,MEDIUM,5.96
CLG0073,117,9.21,9.29,8,No,9,7,5,Yes,8.34,8.47,8.02,HIGH,1.98,LOW,0.0
CLG0045,110,8.95,9.43,6,No,2,2,5,No,7.62,4.84,6.16,HIGH,3.84,LOW,3.16
CLG0005,105,6.65,6.72,2,No,10,9,2,No,2.92,7.16,5.13,MEDIUM,4.87,MEDIUM,0.84
CLG0026,116,7.68,8.13,10,No,3,1,5,Yes,7.24,4.6,6.02,HIGH,3.98,LOW,3.4
CLG0079,99,5.69,5.63,10,No,8,4,4,No,4.21,6.13,5.13,MEDIUM,4.87,MEDIUM,1.87
CLG0025,86,7.69,7.63,1,No,8,2,0,No,3.88,2.04,3.14,LOW,6.86,HIGH,5.96
CLG0026,97,5.73,5.73,3,Yes,10,1,1,No,1.98,2.8,2.87,LOW,7.13,HIGH,5.2
CLG0092,88,7.77,7.97,4,Yes,8,2,2,No,5.17,3.64,4.33,MEDIUM,5.67,MEDIUM,4.36
CLG0087,89,8.24,8.11,5,Yes,8,10,1,No,5.89,6.4,5.74,MEDIUM,4.26,MEDIUM,1.6
CLG0085,97,6.95,7.31,10,Yes,0,6,4,No,6.2,5.42,5.61,MEDIUM,4.39,MEDIUM,2.58
CLG0022,88,7.49,7.02,3,No,8,5,5,No,3.98,7.38,5.35,MEDIUM,4.65,MEDIUM,0.62
CLG0019,95,9.38,9.32,5,No,10,1,4,No,7.46,5.2,5.99,HIGH,4.01,LOW,2.8
CLG0010,71,5.54,5.55,7,No,10,3,3,No,3.06,5.29,3.85,LOW,6.15,HIGH,2.71
CLG0042,103,8.96,9.07,9,No,1,10,3,Yes,8.36,6.6,7.04,HIGH,2.96,LOW,1.4
CLG0100,100,5.85,5.63,5,No,7,6,4,No,2.64,6.82,4.79,MEDIUM,5.21,MEDIUM,1.18
CLG0031,87,5.18,5.11,4,Yes,8,5,1,No,1.53,4.18,3.07,LOW,6.93,HIGH,3.82
CLG0031,109,5.93,5.91,10,No,7,6,2,No,4.56,5.22,5.07,MEDIUM,4.93,MEDIUM,2.78
CLG0099,114,8.83,9.02,9,Yes,8,8,2,Yes,8.25,6.31,7.07,HIGH,2.93,LOW,1.69
CLG0075,75,7.03,7.3,8,No,4,6,1,No,5.57,3.82,4.34,MEDIUM,5.66,MEDIUM,4.18
CLG0081,88,9.36,9.6,5,No,9,5,0,No,7.66,3.58,5.3,MEDIUM,4.7,MEDIUM,4.42
CLG0097,88,7.62,7.46,9,No,6,4,1,No,6.38,3.33,4.69,MEDIUM,5.31,MEDIUM,4.67
CLG0086,85,5.11,5.61,9,No,10,5,4,No,3.52,6.98,4.95,MEDIUM,5.05,MEDIUM,1.02
CLG0090,112,8.58,8.93,1,Yes,2,9,4,Yes,5.36,7.16,6.22,HIGH,3.78,LOW,0.84
CLG0036,97,5.55,5.31,6,No,3,10,3,No,2.56,7.0,4.78,MEDIUM,5.22,MEDIUM,1.0
CLG0066,96,8.95,8.65,5,No,3,6,2,No,6.71,4.42,5.39,MEDIUM,4.61,MEDIUM,3.58
CLG0032,69,5.84,5.65,6,Yes,9,5,3,No,2.98,5.98,4.06,LOW,5.94,HIGH,2.02
CLG0067,109,6.73,6.68,10,Yes,3,8,2,No,5.61,5.31,5.53,MEDIUM,4.47,MEDIUM,2.69
CLG0063,81,8.81,9.16,3,Yes,10,5,1,No,6.34,4.58,5.05,MEDIUM,4.95,MEDIUM,3.42
CLG0023,100,9.77,10.0,3,No,7,5,0,No,7.53,3.18,5.29,MEDIUM,4.71,MEDIUM,4.82
CLG0050,104,6.86,7.21,10,No,1,8,5,No,6.07,7.31,6.43,HIGH,3.57,LOW,0.69
CLG0065,120,9.15,8.92,5,Yes,1,9,2,Yes,7.03,5.36,6.31,HIGH,3.69,LOW,2.64
CLG0069,80,5.95,6.04,7,No,4,8,0,No,3.67,3.91,3.7,LOW,6.3,HIGH,4.09
CLG0044,54,9.04,8.82,4,Yes,5,9,0,No,6.56,4.56,4.67,MEDIUM,5.33,MEDIUM,3.44
CLG0058,102,8.29,7.9,6,Yes,3,9,0,No,6.1,4.16,5.15,MEDIUM,4.85,MEDIUM,3.84
CLG0057,127,5.96,6.14,5,Yes,6,8,1,No,3.08,5.11,4.75,MEDIUM,5.25,MEDIUM,2.89
CLG0037,118,6.51,6.15,2,No,9,7,0,No,2.42,4.47,4.07,LOW,5.93,HIGH,3.53
CLG0065,103,5.66,5.83,1,No,3,7,0,No,1.34,3.27,2.9,LOW,7.1,HIGH,4.73
CLG0018,92,6.91,7.06,6,No,7,1,4,No,4.66,4.6,4.58,MEDIUM,5.42,MEDIUM,3.4
CLG0005,112,6.02,6.33,5,No,1,7,4,No,3.26,6.07,4.95,MEDIUM,5.05,MEDIUM,1.93
CLG0082,85,8.22,7.86,9,Yes,9,10,2,No,7.03,7.4,6.52,HIGH,3.48,LOW,0.6
CLG0099,107,9.97,10.0,7,Yes,3,6,4,No,8.98,6.02,7.13,HIGH,2.87,LOW,1.98
CLG0096,107,5.06,5.56,1,Yes,10,1,2,No,0.78,3.6,2.88,LOW,7.12,HIGH,4.4
CLG0026,115,7.7,8.05,10,Yes,6,10,0,Yes,7.19,5.2,6.22,HIGH,3.78,LOW,2.8
CLG0033,141,7.87,8.12,6,No,4,10,4,Yes,6.01,8.0,7.31,HIGH,2.69,LOW,0.0
CLG0042,105,9.57,9.73,7,No,9,8,3,Yes,8.54,7.31,7.43,HIGH,2.57,LOW,0.69
CLG0088,92,7.53,7.45,3,Yes,10,9,5,No,4.32,9.56,6.42,HIGH,3.58,LOW,0.0
CLG0027,99,7.72,7.95,9,Yes,1,2,5,No,6.8,4.64,5.57,MEDIUM,4.43,MEDIUM,3.36
CLG0054,73,7.36,7.58,2,Yes,2,4,1,No,3.98,2.53,3.15,LOW,6.85,HIGH,5.47
CLG0083,89,6.34,6.47,1,No,3,7,4,No,2.22,6.47,4.3,MEDIUM,5.7,MEDIUM,1.53
CLG0082,93,5.28,5.58,10,No,4,1,1,No,3.93,1.6,3.1,LOW,6.9,HIGH,6.4
CLG0079,92,7.04,6.99,10,No,6,8,5,No,6.02,8.31,6.6,HIGH,3.4,LOW,0.0
CLG0091,102,5.26,4.88,9,No,2,9,4,No,3.07,7.16,5.13,MEDIUM,4.87,MEDIUM,0.84
CLG0075,87,7.75,7.81,7,Yes,8,8,5,No,6.05,8.71,6.69,HIGH,3.31,LOW,0.0
CLG0024,116,6.54,6.31,10,No,9,2,4,No,5.22,5.44,5.55,MEDIUM,4.45,MEDIUM,2.56
CLG0003,100,7.67,7.55,1,No,2,8,3,No,3.81,5.91,4.9,MEDIUM,5.1,MEDIUM,2.09
CLG0039,99,5.67,5.19,4,No,4,8,0,No,1.88,3.91,3.31,LOW,6.69,HIGH,4.09
CLG0071,95,9.66,9.54,10,Yes,4,2,2,No,9.46,2.84,5.84,MEDIUM,4.16,MEDIUM,5.16
CLG0012,102,9.47,9.78,3,No,6,9,4,Yes,7.19,7.96,7.1,HIGH,2.9,LOW,0.04
CLG0033,112,5.95,5.99,7,No,5,1,4,No,3.63,4.2,4.35,MEDIUM,5.65,MEDIUM,3.8
CLG0022,86,6.72,6.23,5,No,10,7,1,No,3.6,5.47,4.4,MEDIUM,5.6,MEDIUM,2.53
CLG0035,90,8.07,8.04,9,Yes,2,2,0,No,7.07,0.84,4.0,LOW,6.0,HIGH,7.16
CLG0014,95,5.48,5.27,3,Yes,0,8,4,No,1.49,6.31,4.04,LOW,5.96,HIGH,1.69
CLG0026,79,6.77,6.75,6,No,5,8,4,No,4.35,7.31,5.31,MEDIUM,4.69,MEDIUM,0.69
CLG0083,87,6.26,6.16,10,No,10,4,2,No,4.94,4.93,4.73,MEDIUM,5.27,MEDIUM,3.07
CLG0085,92,9.58,10.0,2,No,5,8,5,Yes,7.08,8.11,6.95,HIGH,3.05,LOW,0.0
CLG0054,113,9.26,8.8,3,No,3,5,0,No,6.34,2.38,4.72,MEDIUM,5.28,MEDIUM,5.62
CLG0041,103,7.9,8.08,4,Yes,1,9,0,No,5.33,3.76,4.7,MEDIUM,5.3,MEDIUM,4.24
CLG0045,102,7.6,7.95,6,No,8,1,5,No,5.72,5.6,5.57,MEDIUM,4.43,MEDIUM,2.4
CLG0031,112,9.65,10.0,1,Yes,5,5,4,Yes,6.79,5.98,6.32,HIGH,3.68,LOW,2.02
CLG0069,97,9.66,9.34,6,No,0,9,0,No,7.98,3.56,5.57,MEDIUM,4.43,MEDIUM,4.44
CLG0099,105,9.85,9.88,4,Yes,7,6,0,No,7.82,3.62,5.67,MEDIUM,4.33,MEDIUM,4.38
CLG0017,98,5.63,5.17,8,No,9,4,2,No,3.17,4.73,4.13,LOW,5.87,HIGH,3.27
CLG0060,103,5.8,5.8,9,Yes,6,1,3,No,4.07,3.6,4.13,LOW,5.87,HIGH,4.4
CLG0096,91,8.38,8.01,8,No,10,10,5,Yes,6.9,10.0,7.61,HIGH,2.39,LOW,0.0
CLG0004,63,7.71,8.05,8,Yes,10,6,5,No,6.53,8.22,6.28,HIGH,3.72,LOW,0.0
CLG0010,97,5.09,4.7,2,No,5,7,2,No,0.5,5.27,3.27,LOW,6.73,HIGH,2.73
CLG0094,121,5.31,5.32,10,Yes,10,7,3,No,3.76,7.07,5.7,MEDIUM,4.3,MEDIUM,0.93
CLG0009,113,9.44,9.46,2,No,10,9,2,Yes,6.6,7.16,6.73,HIGH,3.27,LOW,0.84
CLG0061,114,9.34,9.81,6,No,0,4,5,Yes,8.13,5.33,6.63,HIGH,3.37,LOW,2.67
CLG0090,118,6.79,6.94,5,Yes,9,4,5,No,4.17,7.13,5.84,MEDIUM,4.16,MEDIUM,0.87
CLG0022,101,9.46,9.25,6,Yes,4,5,4,No,7.79,5.78,6.45,HIGH,3.55,LOW,2.22
CLG0021,102,7.97,7.71,9,No,3,9,2,No,6.77,5.76,6.05,HIGH,3.95,LOW,2.24
CLG0023,90,9.03,8.66,10,Yes,6,2,0,No,8.44,1.64,4.87,MEDIUM,5.13,MEDIUM,6.36
CLG0061,95,7.14,7.4,7,Yes,1,4,0,No,5.38,1.53,3.69,LOW,6.31,HIGH,6.47
CLG0012,109,5.57,5.76,5,No,0,9,1,No,2.57,4.36,3.93,LOW,6.07,HIGH,3.64
CLG0095,118,7.17,7.28,10,No,6,6,4,No,6.31,6.62,6.49,HIGH,3.51,LOW,1.38
CLG0017,97,7.29,6.83,7,Yes,7,6,0,No,5.05,3.62,4.43,MEDIUM,5.57,MEDIUM,4.38
CLG0055,93,7.75,8.01,8,No,4,7,4,No,6.53,6.67,6.17,HIGH,3.83,LOW,1.33
CLG0021,100,5.53,5.67,1,No,7,5,2,No,1.15,4.78,3.38,LOW,6.62,HIGH,3.22
CLG0054,109,9.96,10.0,10,No,3,4,0,No,9.98,1.93,5.93,HIGH,4.07,MEDIUM,6.07
CLG0047,78,6.22,6.31,7,No,7,3,4,No,4.03,5.49,4.44,MEDIUM,5.56,MEDIUM,2.51
CLG0041,65,5.99,5.79,4,No,10,2,2,No,2.51,4.04,3.03,LOW,6.97,HIGH,3.96
CLG0097,91,7.63,7.51,5,No,2,7,5,No,5.09,7.07,5.72,MEDIUM,4.28,MEDIUM,0.93
CLG0015,81,7.69,7.37,2,No,6,5,3,No,4.02,5.38,4.44,MEDIUM,5.56,MEDIUM,2.62
CLG0096,92,7.2,7.42,10,Yes,5,1,1,No,6.43,1.8,4.16,LOW,5.84,HIGH,6.2
CLG0059,97,8.86,9.07,5,Yes,0,4,2,No,6.97,2.93,4.92,MEDIUM,5.08,MEDIUM,5.07
CLG0099,93,7.58,7.28,9,No,4,9,5,No,6.22,8.36,6.72,HIGH,3.28,LOW,0.0
CLG0015,121,8.05,7.71,1,No,10,8,3,Yes,4.15,7.51,6.03,HIGH,3.97,LOW,0.49
CLG0029,104,8.62,8.2,3,No,3,7,4,No,5.52,6.47,5.87,MEDIUM,4.13,MEDIUM,1.53
CLG0011,104,5.13,5.54,4,No,5,5,3,No,1.81,5.18,3.87,LOW,6.13,HIGH,2.82
CLG0029,109,7.85,7.58,9,No,8,1,0,No,6.6,1.6,4.44,MEDIUM,5.56,MEDIUM,6.4
CLG0086,82,9.42,9.26,2,Yes,3,5,5,No,6.44,6.38,5.83,MEDIUM,4.17,MEDIUM,1.62
CLG0090,115,5.09,4.87,7,Yes,1,8,5,Yes,2.3,7.31,5.11,MEDIUM,4.89,MEDIUM,0.69
CLG0082,98,7.03,6.94,9,No,7,4,4,No,5.64,5.93,5.6,MEDIUM,4.4,MEDIUM,2.07
CLG0089,110,9.63,9.84,10,No,0,5,1,No,9.66,2.58,6.08,HIGH,3.92,LOW,5.42
CLG0085,83,6.77,7.14,4,Yes,5,8,1,No,3.97,4.91,4.27,MEDIUM,5.73,MEDIUM,3.09
CLG0088,76,7.29,6.97,5,No,3,5,4,No,4.49,5.58,4.63,MEDIUM,5.37,MEDIUM,2.42
CLG0056,112,9.91,10.0,10,No,5,4,0,No,9.95,2.33,6.13,HIGH,3.87,LOW,5.67
CLG0092,105,6.0,5.85,4,No,2,4,4,No,2.56,4.93,4.09,LOW,5.91,HIGH,3.07
CLG0053,86,5.33,5.81,7,Yes,8,6,4,No,3.13,7.02,4.83,MEDIUM,5.17,MEDIUM,0.98
CLG0003,86,9.3,9.1,8,No,2,10,5,Yes,8.25,8.4,7.43,HIGH,2.57,LOW,0.0
CLG0013,116,9.34,8.85,8,No,2,1,4,Yes,8.09,3.6,5.96,HIGH,4.04,LOW,4.4
CLG0038,82,7.36,7.38,3,Yes,4,4,2,No,4.16,3.73,3.86,LOW,6.14,HIGH,4.27
CLG0070,124,7.57,7.22,2,Yes,6,1,1,No,3.84,2.0,3.75,LOW,6.25,HIGH,6.0
CLG0011,86,9.18,8.72,6,Yes,5,6,1,No,7.24,4.02,5.27,MEDIUM,4.73,MEDIUM,3.98
CLG0023,109,8.69,8.89,1,No,6,8,0,No,5.4,4.31,5.05,MEDIUM,4.95,MEDIUM,3.69
CLG0073,95,6.33,6.56,9,No,8,4,1,No,4.94,3.73,4.39,MEDIUM,5.61,MEDIUM,4.27
CLG0056,109,5.08,5.04,7,No,2,8,0,No,2.41,3.51,3.53,LOW,6.47,HIGH,4.49
CLG0017,91,7.4,7.58,8,No,4,2,5,No,6.0,5.24,5.35,MEDIUM,4.65,MEDIUM,2.76
CLG0009,97,9.29,9.33,7,Yes,4,5,0,No,8.08,2.58,5.22,MEDIUM,4.78,MEDIUM,5.42
CLG0083,100,9.48,9.61,5,No,2,3,1,No,7.74,2.09,4.94,MEDIUM,5.06,MEDIUM,5.91
CLG0099,84,9.78,9.88,5,No,10,7,4,No,8.11,7.87,7.13,HIGH,2.87,LOW,0.13
CLG0096,111,9.4,9.57,7,No,9,9,4,Yes,8.32,8.56,7.95,HIGH,2.05,LOW,0.0
CLG0092,92,7.9,7.6,7,Yes,8,1,2,No,5.98,3.2,4.54,MEDIUM,5.46,MEDIUM,4.8
CLG0028,96,7.22,6.99,2,Yes,8,8,0,No,3.46,4.71,4.21,LOW,5.79,HIGH,3.29
CLG0079,85,8.87,8.81,2,No,5,4,3,No,5.78,4.73,4.96,MEDIUM,5.04,MEDIUM,3.27
CLG0019,61,8.7,8.65,7,No,4,10,3,Yes,7.23,7.2,6.11,HIGH,3.89,LOW,0.8
CLG0097,97,7.69,7.96,5,Yes,3,5,5,No,5.45,6.38,5.69,MEDIUM,4.31,MEDIUM,1.62
CLG0087,136,5.44,5.31,2,No,3,1,1,No,1.16,1.4,2.65,LOW,7.35,HIGH,6.6
CLG0092,111,9.63,9.29,1,Yes,4,5,1,No,6.26,3.38,5.05,MEDIUM,4.95,MEDIUM,4.62
CLG0004,99,7.28,7.03,9,No,1,9,3,No,5.86,6.16,5.8,MEDIUM,4.2,MEDIUM,1.84
CLG0047,96,6.82,6.53,8,No,7,8,2,No,4.88,6.11,5.34,MEDIUM,4.66,MEDIUM,1.89
CLG0047,100,8.15,8.38,2,Yes,6,8,5,Yes,5.04,8.31,6.35,HIGH,3.65,LOW,0.0
CLG0031,108,8.37,8.34,2,Yes,6,6,0,No,5.14,3.42,4.57,MEDIUM,5.43,MEDIUM,4.58
CLG0099,82,6.05,6.26,3,Yes,0,9,0,No,2.56,3.56,3.15,LOW,6.85,HIGH,4.44
CLG0005,116,9.18,9.1,4,Yes,7,4,5,Yes,6.85,6.73,6.71,HIGH,3.29,LOW,1.27
CLG0033,110,6.45,6.84,9,Yes,10,6,1,No,5.22,5.02,5.28,MEDIUM,4.72,MEDIUM,2.98
CLG0048,110,5.93,6.41,6,No,0,3,5,No,3.59,4.89,4.57,MEDIUM,5.43,MEDIUM,3.11
CLG0032,106,7.03,7.2,3,Yes,8,2,1,No,3.83,2.84,3.78,LOW,6.22,HIGH,5.16
CLG0079,100,8.65,9.01,8,No,5,9,5,Yes,7.8,8.56,7.55,HIGH,2.45,LOW,0.0
CLG0059,110,9.83,9.84,6,Yes,7,5,4,No,8.45,6.38,7.11,HIGH,2.89,LOW,1.62
CLG0098,108,9.05,9.48,8,Yes,0,2,2,No,8.38,2.04,5.31,MEDIUM,4.69,MEDIUM,5.96
CLG0064,94,9.7,10.0,10,Yes,5,5,0,No,9.82,2.78,5.95,HIGH,4.05,LOW,5.22
CLG0047,91,5.7,6.19,2,No,0,6,4,No,1.96,5.42,3.81,LOW,6.19,HIGH,2.58
CLG0009,101,5.36,5.48,8,Yes,2,8,3,No,3.24,5.91,4.69,MEDIUM,5.31,MEDIUM,2.09
CLG0035,123,7.79,8.07,5,No,1,5,4,Yes,5.59,5.18,5.71,MEDIUM,4.29,MEDIUM,2.82
CLG0047,81,6.45,6.49,10,Yes,1,2,5,No,5.3,4.64,4.66,MEDIUM,5.34,MEDIUM,3.36
CLG0088,77,9.14,8.9,4,No,3,7,3,No,6.68,5.67,5.56,MEDIUM,4.44,MEDIUM,2.33
CLG0082,102,8.36,8.21,3,No,6,5,3,No,5.37,5.38,5.34,MEDIUM,4.66,MEDIUM,2.62
CLG0017,100,9.85,10.0,9,No,2,2,0,No,9.58,0.84,5.18,MEDIUM,4.82,MEDIUM,7.16
CLG0001,102,6.27,5.83,10,No,6,6,4,No,4.71,6.62,5.57,MEDIUM,4.43,MEDIUM,1.38
CLG0055,103,7.43,7.52,7,Yes,8,7,0,No,5.64,4.27,5.02,MEDIUM,4.98,MEDIUM,3.73
CLG0011,96,7.51,7.38,7,No,3,8,2,No,5.59,5.31,5.3,MEDIUM,4.7,MEDIUM,2.69
CLG0033,122,6.2,6.09,6,No,6,3,2,No,3.52,3.69,4.27,MEDIUM,5.73,MEDIUM,4.31
CLG0070,75,7.95,8.33,9,Yes,0,4,2,No,7.21,2.93,4.64,MEDIUM,5.36,MEDIUM,5.07
CLG0056,87,7.22,7.57,3,Yes,1,6,2,No,4.22,4.02,4.08,LOW,5.92,HIGH,3.98
CLG0064,98,7.23,7.33,1,No,7,3,3,No,3.38,4.69,4.2,LOW,5.8,HIGH,3.31
CLG0093,75,6.81,6.58,7,Yes,2,6,5,No,4.58,6.62,5.06,MEDIUM,4.94,MEDIUM,1.38
CLG0058,97,5.08,5.06,9,No,4,9,2,No,3.1,5.96,4.58,MEDIUM,5.42,MEDIUM,2.04
CLG0020,124,7.61,7.52,6,Yes,7,5,0,No,5.42,3.18,4.86,MEDIUM,5.14,MEDIUM,4.82
CLG0018,100,6.68,6.53,10,No,4,2,5,No,5.47,5.24,5.29,MEDIUM,4.71,MEDIUM,2.76
CLG0078,103,5.01,4.61,2,Yes,0,10,4,No,0.39,7.2,4.1,LOW,5.9,HIGH,0.8
CLG0045,81,6.54,6.58,8,No,1,2,4,No,4.75,3.84,4.12,LOW,5.88,HIGH,4.16
CLG0043,90,6.39,6.19,9,Yes,9,7,0,No,4.71,4.47,4.51,MEDIUM,5.49,MEDIUM,3.53
CLG0020,94,6.97,7.13,10,No,10,4,1,No,6.08,4.13,4.99,MEDIUM,5.01,MEDIUM,3.87
CLG0057,95,5.66,5.48,8,No,2,9,1,No,3.42,4.76,4.2,LOW,5.8,HIGH,3.24
CLG0082,119,7.54,7.47,9,No,9,9,1,No,6.34,6.16,6.33,HIGH,3.67,LOW,1.84
CLG0027,108,8.46,8.01,1,Yes,1,6,1,No,4.62,3.22,4.28,MEDIUM,5.72,MEDIUM,4.78
CLG0018,83,8.15,8.64,3,No,8,10,3,Yes,5.56,8.0,6.14,HIGH,3.86,LOW,0.0
CLG0017,103,9.02,9.03,3,No,4,5,3,No,6.37,4.98,5.6,MEDIUM,4.4,MEDIUM,3.02
CLG0060,107,7.26,6.78,9,No,0,7,4,No,5.66,5.87,5.74,MEDIUM,4.26,MEDIUM,2.13
CLG0089,117,7.6,7.64,3,No,10,5,4,No,4.5,6.98,5.89,MEDIUM,4.11,MEDIUM,1.02
CLG0005,123,9.05,9.42,10,Yes,10,9,3,Yes,9.01,7.96,8.19,HIGH,1.81,LOW,0.04
CLG0006,84,7.14,7.41,1,Yes,10,9,3,No,3.39,7.96,5.28,MEDIUM,4.72,MEDIUM,0.04
CLG0100,87,8.51,8.71,3,No,7,7,4,No,5.83,7.27,6.03,HIGH,3.97,LOW,0.73
CLG0097,81,7.17,6.81,2,Yes,2,4,0,No,3.3,1.73,2.7,LOW,7.3,HIGH,6.27
CLG0015,96,7.09,7.25,9,No,10,1,3,No,5.91,4.4,5.06,MEDIUM,4.94,MEDIUM,3.6
CLG0039,106,8.8,9.07,1,No,8,4,0,No,5.6,2.93,4.52,MEDIUM,5.48,MEDIUM,5.07
CLG0080,114,5.87,5.94,2,No,8,3,2,No,1.88,4.09,3.64,LOW,6.36,HIGH,3.91
CLG0039,98,6.69,7.08,1,Yes,5,1,0,No,2.87,1.0,2.52,LOW,7.48,HIGH,7.0
CLG0088,95,6.12,5.9,9,No,3,10,0,No,4.34,4.6,4.5,MEDIUM,5.5,MEDIUM,3.4
CLG0021,102,6.8,6.54,7,No,8,4,3,No,4.55,5.33,4.99,MEDIUM,5.01,MEDIUM,2.67
CLG0013,87,6.15,6.52,1,No,10,7,2,No,2.14,6.27,4.15,LOW,5.85,HIGH,1.73
CLG0029,131,7.9,8.03,10,Yes,8,2,1,No,7.3,2.84,5.59,MEDIUM,4.41,MEDIUM,5.16
CLG0098,75,8.99,8.49,6,Yes,1,7,0,No,6.95,2.87,4.51,MEDIUM,5.49,MEDIUM,5.13
CLG0005,102,8.93,8.78,5,Yes,9,6,2,No,6.8,5.62,6.01,HIGH,3.99,LOW,2.38
CLG0067,130,6.82,7.18,10,Yes,5,9,2,Yes,6.03,6.16,6.4,HIGH,3.6,LOW,1.84
CLG0021,100,9.94,9.47,5,No,10,2,3,No,7.91,4.84,6.11,HIGH,3.89,LOW,3.16
CLG0009,97,7.97,7.47,4,No,3,6,2,No,4.93,4.42,4.7,MEDIUM,5.3,MEDIUM,3.58
CLG0067,94,7.0,6.78,3,No,2,6,5,No,3.51,6.62,4.96,MEDIUM,5.04,MEDIUM,1.38
CLG0044,97,9.18,9.59,8,No,9,6,1,No,8.54,4.82,6.3,HIGH,3.7,LOW,3.18
CLG0062,120,8.65,9.05,7,Yes,5,3,3,Yes,7.49,4.29,6.06,HIGH,3.94,LOW,3.71
CLG0094,66,8.75,8.77,5,No,10,6,5,No,6.68,8.22,6.39,HIGH,3.61,LOW,0.0
CLG0067,123,5.98,6.03,9,No,7,9,0,No,4.35,4.96,5.13,MEDIUM,4.87,MEDIUM,3.04
CLG0062,78,7.34,7.17,7,No,8,3,3,No,5.33,4.89,4.72,MEDIUM,5.28,MEDIUM,3.11
CLG0062,96,9.31,9.05,10,Yes,8,2,0,No,8.89,2.04,5.31,MEDIUM,4.69,MEDIUM,5.96
CLG0060,93,7.52,7.84,2,No,1,8,3,No,4.26,5.71,4.88,MEDIUM,5.12,MEDIUM,2.29
CLG0049,108,8.42,8.03,7,No,7,3,2,No,6.61,3.89,5.35,MEDIUM,4.65,MEDIUM,4.11
CLG0039,76,7.94,7.93,7,No,10,5,1,No,6.25,4.58,4.93,MEDIUM,5.07,MEDIUM,3.42
CLG0041,106,9.21,9.34,4,No,7,5,3,No,7.04,5.58,6.16,HIGH,3.84,LOW,2.42
CLG0050,130,6.42,6.02,8,Yes,4,2,5,No,4.27,5.24,5.33,MEDIUM,4.67,MEDIUM,2.76
CLG0098,79,7.88,7.9,4,Yes,3,2,4,No,5.19,4.24,4.42,MEDIUM,5.58,MEDIUM,3.76
CLG0017,102,5.62,5.7,7,No,8,6,2,No,3.22,5.42,4.5,MEDIUM,5.5,MEDIUM,2.58
CLG0053,90,8.45,8.69,4,No,3,2,3,No,6.11,3.44,4.66,MEDIUM,5.34,MEDIUM,4.56
CLG0055,106,8.66,8.39,8,No,9,6,2,No,7.35,5.62,6.3,HIGH,3.7,LOW,2.38
CLG0078,100,5.21,5.0,3,Yes,3,7,4,No,1.13,6.47,4.05,LOW,5.95,HIGH,1.53
CLG0075,90,8.38,8.45,2,No,2,4,5,No,5.23,5.73,5.22,MEDIUM,4.78,MEDIUM,2.27
CLG0056,107,7.07,7.55,10,No,9,10,2,No,6.45,7.4,6.67,HIGH,3.33,LOW,0.6
CLG0001,127,5.62,5.34,6,Yes,2,4,2,No,2.62,3.33,3.85,LOW,6.15,HIGH,4.67
CLG0065,97,7.1,7.59,7,No,2,3,3,No,5.49,3.69,4.63,MEDIUM,5.37,MEDIUM,4.31
CLG0064,110,5.97,6.18,7,Yes,10,1,2,No,3.78,3.6,4.13,LOW,5.87,HIGH,4.4
CLG0052,80,7.08,7.41,6,Yes,6,4,5,No,5.02,6.53,5.29,MEDIUM,4.71,MEDIUM,1.47
CLG0015,85,6.92,6.51,8,No,4,3,3,No,4.93,4.09,4.36,MEDIUM,5.64,MEDIUM,3.91
CLG0002,107,8.69,8.49,6,Yes,8,8,1,No,6.77,5.51,6.04,HIGH,3.96,LOW,2.49
CLG0012,122,8.87,8.43,6,No,1,5,4,Yes,6.84,5.18,6.19,HIGH,3.81,LOW,2.82
CLG0045,105,8.04,7.91,3,No,3,7,5,No,4.96,7.27,5.99,HIGH,4.01,LOW,0.73
CLG0057,95,5.11,5.59,2,No,1,3,5,No,1.17,5.09,3.43,LOW,6.57,HIGH,2.91
CLG0042,99,9.66,9.27,7,Yes,10,3,0,No,8.26,2.89,5.45,MEDIUM,4.55,MEDIUM,5.11
CLG0002,81,8.43,8.49,6,Yes,7,6,4,No,6.62,6.82,6.06,HIGH,3.94,LOW,1.18
CLG0087,109,5.17,4.68,1,No,3,10,2,No,0.2,6.2,3.72,LOW,6.28,HIGH,1.8
CLG0062,113,9.09,9.3,2,No,0,4,5,Yes,6.27,5.33,5.87,MEDIUM,4.13,MEDIUM,2.67
CLG0034,93,6.0,5.7,2,Yes,9,8,3,No,1.78,7.31,4.52,MEDIUM,5.48,MEDIUM,0.69
CLG0017,92,7.9,7.53,1,Yes,2,3,0,No,3.93,1.29,2.96,LOW,7.04,HIGH,6.71
CLG0041,103,7.33,7.17,3,Yes,6,5,0,No,3.99,2.98,3.85,LOW,6.15,HIGH,5.02
CLG0078,93,7.1,7.37,5,No,2,1,5,No,4.67,4.4,4.52,MEDIUM,5.48,MEDIUM,3.6
CLG0075,99,9.45,9.06,4,No,4,1,2,No,6.98,2.4,4.74,MEDIUM,5.26,MEDIUM,5.6
CLG0084,131,7.19,6.92,2,Yes,1,8,5,Yes,3.39,7.31,5.82,MEDIUM,4.18,MEDIUM,0.69
CLG0071,96,5.38,4.89,8,No,7,7,0,No,2.82,4.07,3.7,LOW,6.3,HIGH,3.93
CLG0065,94,9.73,10.0,9,Yes,3,1,3,No,9.5,3.0,5.91,MEDIUM,4.09,MEDIUM,5.0
CLG0015,90,9.6,9.69,8,No,0,6,2,No,8.87,3.82,5.91,MEDIUM,4.09,MEDIUM,4.18
CLG0038,111,8.42,8.64,7,No,3,2,5,Yes,7.06,5.04,6.04,HIGH,3.96,LOW,2.96
CLG0098,97,7.34,7.49,10,No,7,1,4,No,6.57,4.6,5.43,MEDIUM,4.57,MEDIUM,3.4
CLG0073,90,5.46,5.1,2,No,8,10,2,No,1.02,7.2,4.13,LOW,5.87,HIGH,0.8
CLG0065,119,8.95,9.04,6,Yes,0,5,2,Yes,7.33,3.38,5.62,MEDIUM,4.38,MEDIUM,4.62
CLG0009,121,5.38,5.01,4,No,5,5,0,No,1.57,2.78,3.11,LOW,6.89,HIGH,5.22
CLG0042,90,5.34,5.24,5,No,3,2,5,No,2.05,5.04,3.67,LOW,6.33,HIGH,2.96
CLG0066,72,7.69,7.76,9,No,10,5,1,No,6.64,4.58,5.02,MEDIUM,4.98,MEDIUM,3.42
CLG0086,115,5.8,5.86,9,Yes,7,7,0,No,4.11,4.07,4.54,MEDIUM,5.46,MEDIUM,3.93
CLG0089,89,5.04,4.66,4,Yes,0,4,5,No,1.11,5.33,3.4,LOW,6.6,HIGH,2.67
CLG0051,111,7.12,6.65,8,Yes,4,2,5,No,5.15,5.24,5.35,MEDIUM,4.65,MEDIUM,2.76
CLG0078,70,5.69,5.99,5,Yes,0,5,1,No,2.81,2.58,2.65,LOW,7.35,HIGH,5.42
CLG0099,113,5.8,6.03,9,Yes,3,6,2,No,4.24,4.42,4.69,MEDIUM,5.31,MEDIUM,3.58
CLG0080,81,5.38,4.96,2,Yes,1,8,2,No,0.87,4.91,3.0,LOW,7.0,HIGH,3.09
CLG0019,110,6.03,5.66,4,No,9,9,5,No,2.44,9.36,5.9,MEDIUM,4.1,MEDIUM,0.0
CLG0031,100,8.58,8.97,3,No,8,10,4,Yes,6.06,8.8,6.95,HIGH,3.05,LOW,0.0
CLG0066,85,9.04,9.31,7,Yes,1,8,0,No,7.92,3.31,5.24,MEDIUM,4.76,MEDIUM,4.69
CLG0032,93,7.26,7.76,2,Yes,3,7,4,No,4.05,6.47,5.1,MEDIUM,4.9,MEDIUM,1.53
CLG0100,110,7.53,7.28,3,No,2,9,3,No,4.19,6.36,5.4,MEDIUM,4.6,MEDIUM,1.64
CLG0075,101,5.16,5.15,9,No,0,9,2,No,3.21,5.16,4.37,MEDIUM,5.63,MEDIUM,2.84
CLG0008,108,5.35,5.09,8,No,0,6,5,No,2.95,6.22,4.81,MEDIUM,5.19,MEDIUM,1.78
CLG0069,129,6.29,6.41,2,No,1,3,5,No,2.48,5.09,4.53,MEDIUM,5.47,MEDIUM,2.91
CLG0098,76,7.72,7.34,6,Yes,7,8,4,No,5.35,7.71,5.82,MEDIUM,4.18,MEDIUM,0.29
CLG0032,124,8.7,8.33,3,No,1,3,3,Yes,5.66,3.49,5.08,MEDIUM,4.92,MEDIUM,4.51
CLG0047,101,8.03,7.6,6,No,0,1,1,No,5.73,0.8,3.64,LOW,6.36,HIGH,7.2
CLG0070,86,6.96,7.15,5,No,5,4,0,No,4.42,2.33,3.47,LOW,6.53,HIGH,5.67
CLG0008,80,5.59,5.58,10,No,0,9,3,No,4.12,5.96,4.7,MEDIUM,5.3,MEDIUM,2.04
CLG0034,97,8.9,9.02,4,No,9,8,0,No,6.62,4.91,5.57,MEDIUM,4.43,MEDIUM,3.09
CLG0004,113,6.82,7.2,7,No,8,6,2,No,5.04,5.42,5.41,MEDIUM,4.59,MEDIUM,2.58
CLG0036,98,8.68,8.92,10,No,5,3,5,No,8.42,5.89,6.7,HIGH,3.3,LOW,2.11
CLG0044,122,7.56,7.52,7,No,9,3,1,No,5.72,3.49,5.07,MEDIUM,4.93,MEDIUM,4.51
CLG0025,78,8.69,9.17,4,No,5,7,2,No,6.61,5.27,5.38,MEDIUM,4.62,MEDIUM,2.73
CLG0026,99,9.54,9.5,3,No,0,5,3,No,7.02,4.18,5.47,MEDIUM,4.53,MEDIUM,3.82
CLG0033,81,9.61,9.22,4,No,6,3,1,No,7.19,2.89,4.72,MEDIUM,5.28,MEDIUM,5.11
CLG0009,105,7.68,8.17,2,Yes,2,1,3,No,4.6,2.8,4.05,LOW,5.95,HIGH,5.2
CLG0047,113,7.56,7.08,4,No,0,9,0,No,4.4,3.56,4.41,MEDIUM,5.59,MEDIUM,4.44
CLG0072,93,6.33,6.38,4,Yes,8,5,2,No,3.15,4.98,4.14,LOW,5.86,HIGH,3.02
CLG0017,60,9.68,9.49,5,Yes,7,7,0,No,7.77,4.07,5.06,MEDIUM,4.94,MEDIUM,3.93
CLG0015,102,7.29,7.29,1,Yes,3,10,1,No,3.39,5.4,4.56,MEDIUM,5.44,MEDIUM,2.6
CLG0042,106,5.64,5.7,2,Yes,2,9,4,No,1.57,7.16,4.6,MEDIUM,5.4,MEDIUM,0.84
CLG0054,106,7.16,6.9,8,Yes,1,4,0,No,5.36,1.53,3.87,LOW,6.13,HIGH,6.47
CLG0013,118,5.64,5.7,8,Yes,1,5,1,No,3.57,2.78,3.86,LOW,6.14,HIGH,5.22
CLG0050,83,7.51,7.77,8,No,10,3,1,No,6.21,3.69,4.68,MEDIUM,5.32,MEDIUM,4.31
CLG0044,110,7.81,7.58,5,Yes,2,7,3,No,5.25,5.47,5.47,MEDIUM,4.53,MEDIUM,2.53
CLG0003,117,6.69,6.57,8,Yes,0,1,0,No,4.83,0.0,3.23,LOW,6.77,HIGH,8.0
CLG0053,73,5.36,5.13,9,No,9,8,2,No,3.31,6.51,4.48,MEDIUM,5.52,MEDIUM,1.49
CLG0056,104,9.72,10.0,4,No,6,3,0,No,7.83,2.09,5.04,MEDIUM,4.96,MEDIUM,5.91
CLG0054,92,8.87,9.09,4,Yes,1,4,3,No,6.66,3.93,5.11,MEDIUM,4.89,MEDIUM,4.07
CLG0057,98,9.19,9.56,7,No,5,10,1,No,8.19,5.8,6.57,HIGH,3.43,LOW,2.2
CLG0012,105,6.83,6.5,5,No,5,4,2,No,3.87,3.93,4.21,LOW,5.79,HIGH,4.07
CLG0093,92,8.8,8.37,10,Yes,10,7,4,No,8.09,7.87,7.26,HIGH,2.74,LOW,0.13
CLG0059,89,7.43,7.05,1,No,3,7,5,No,3.3,7.27,5.05,MEDIUM,4.95,MEDIUM,0.73
CLG0065,100,6.01,5.67,8,No,3,4,2,No,3.77,3.53,3.93,LOW,6.07,HIGH,4.47
CLG0096,83,5.62,5.65,4,No,0,6,5,No,2.19,6.22,4.08,LOW,5.92,HIGH,1.78
CLG0037,83,6.73,7.2,8,Yes,10,8,0,No,5.32,5.11,4.89,MEDIUM,5.11,MEDIUM,2.89
CLG0020,110,5.69,5.55,2,Yes,5,10,2,No,1.49,6.6,4.42,MEDIUM,5.58,MEDIUM,1.4
CLG0072,82,9.99,10.0,4,Yes,7,4,0,No,7.99,2.73,4.99,MEDIUM,5.01,MEDIUM,5.27
CLG0037,109,5.25,4.79,2,Yes,9,1,2,No,0.67,3.4,2.79,LOW,7.21,HIGH,4.6
CLG0031,106,7.21,7.64,5,Yes,3,7,0,No,4.93,3.27,4.39,MEDIUM,5.61,MEDIUM,4.73
CLG0095,74,7.26,6.94,10,No,0,2,5,No,6.11,4.44,4.78,MEDIUM,5.22,MEDIUM,3.56
CLG0025,89,6.5,6.91,10,No,3,3,1,No,5.64,2.29,3.99,LOW,6.01,HIGH,5.71
CLG0050,117,7.86,7.42,8,No,1,8,1,No,6.16,4.11,5.41,MEDIUM,4.59,MEDIUM,3.89
CLG0049,85,5.75,6.2,7,Yes,3,2,0,No,3.67,1.04,2.64,LOW,7.36,HIGH,6.96
CLG0008,93,8.92,8.62,5,Yes,7,2,0,No,6.67,1.84,4.29,MEDIUM,5.71,MEDIUM,6.16
CLG0094,106,6.66,6.46,7,No,2,4,4,No,4.4,4.93,4.84,MEDIUM,5.16,MEDIUM,3.07
CLG0094,111,7.96,7.95,5,No,4,6,0,No,5.61,3.02,4.65,MEDIUM,5.35,MEDIUM,4.98
CLG0091,96,8.58,8.46,7,No,9,10,3,Yes,7.02,8.2,7.03,HIGH,2.97,LOW,0.0
CLG0035,91,9.45,9.62,4,No,10,2,5,No,7.39,6.44,6.39,HIGH,3.61,LOW,1.56
CLG0013,121,9.18,9.65,4,Yes,1,9,0,Yes,7.25,3.76,5.77,MEDIUM,4.23,MEDIUM,4.24
CLG0021,126,8.04,8.15,10,Yes,8,2,1,No,7.47,2.84,5.58,MEDIUM,4.42,MEDIUM,5.16
CLG0073,114,6.94,7.16,4,No,2,9,2,Yes,4.08,5.56,5.1,MEDIUM,4.9,MEDIUM,2.44
CLG0024,101,7.52,7.11,8,No,0,7,1,No,5.73,3.47,4.71,MEDIUM,5.29,MEDIUM,4.53
CLG0048,87,8.84,8.97,1,Yes,6,3,3,No,5.55,4.49,4.8,MEDIUM,5.2,MEDIUM,3.51
CLG0033,87,9.39,9.34,10,Yes,10,9,2,Yes,9.15,7.16,7.31,HIGH,2.69,LOW,0.84
CLG0001,107,5.52,5.91,5,Yes,4,9,1,No,2.65,5.16,4.25,LOW,5.75,HIGH,2.84
CLG0072,106,6.92,6.81,10,Yes,8,6,0,No,5.82,3.82,4.97,MEDIUM,5.03,MEDIUM,4.18
CLG0003,121,8.88,9.06,2,No,2,2,5,Yes,5.97,4.84,5.69,MEDIUM,4.31,MEDIUM,3.16
CLG0014,109,7.16,6.89,10,Yes,10,7,0,No,6.02,4.67,5.44,MEDIUM,4.56,MEDIUM,3.33
CLG0014,77,6.66,6.42,4,No,0,4,2,No,3.37,2.93,3.14,LOW,6.86,HIGH,5.07
CLG0049,115,7.06,6.94,5,No,6,4,5,No,4.33,6.53,5.61,MEDIUM,4.39,MEDIUM,1.47
CLG0033,85,8.01,7.81,8,No,7,7,4,No,6.53,7.27,6.27,HIGH,3.73,LOW,0.73
CLG0004,94,10.0,9.75,2,No,10,5,3,No,7.15,6.18,6.24,HIGH,3.76,LOW,1.82
CLG0038,103,7.46,7.01,2,No,1,1,1,No,3.62,1.0,2.91,LOW,7.09,HIGH,7.0
CLG0025,129,6.04,6.38,2,No,1,3,1,No,2.31,1.89,3.18,LOW,6.82,HIGH,6.11
CLG0047,146,5.81,5.37,8,Yes,8,7,3,No,3.43,6.67,5.83,MEDIUM,4.17,MEDIUM,1.33
CLG0013,109,5.21,5.6,3,Yes,3,9,1,No,1.57,4.96,3.77,LOW,6.23,HIGH,3.04
CLG0039,97,7.79,7.42,5,No,0,9,2,No,5.12,5.16,5.07,MEDIUM,4.93,MEDIUM,2.84
CLG0025,108,7.72,7.29,2,Yes,8,7,4,No,3.98,7.47,5.73,MEDIUM,4.27,MEDIUM,0.53
CLG0073,113,6.03,6.09,6,Yes,8,5,2,No,3.42,4.98,4.59,MEDIUM,5.41,MEDIUM,3.02
CLG0043,95,8.48,8.48,10,No,5,4,4,No,7.97,5.53,6.32,HIGH,3.68,LOW,2.47
CLG0038,126,8.71,8.7,6,No,5,9,5,Yes,6.94,8.56,7.65,HIGH,2.35,LOW,0.0
CLG0035,103,6.3,6.37,2,No,8,6,0,No,2.45,3.82,3.57,LOW,6.43,HIGH,4.18
CLG0093,107,6.72,6.51,4,No,1,10,4,No,3.48,7.4,5.48,MEDIUM,4.52,MEDIUM,0.6
CLG0055,109,9.95,10.0,2,Yes,8,2,4,No,7.3,5.24,6.18,HIGH,3.82,LOW,2.76
CLG0050,106,6.87,6.87,10,Yes,3,3,4,No,5.83,4.69,5.32,MEDIUM,4.68,MEDIUM,3.31
CLG0078,112,8.8,8.63,4,No,3,7,1,No,6.28,4.07,5.35,MEDIUM,4.65,MEDIUM,3.93
CLG0034,90,7.26,7.59,7,No,8,4,4,No,5.59,6.13,5.53,MEDIUM,4.47,MEDIUM,1.87
CLG0025,91,8.97,9.2,5,Yes,6,7,3,No,7.13,6.27,6.21,HIGH,3.79,LOW,1.73
CLG0042,83,8.85,8.74,10,No,9,5,0,No,8.39,3.58,5.51,MEDIUM,4.49,MEDIUM,4.42
CLG0092,106,8.34,8.69,4,No,4,1,0,No,6.04,0.8,3.85,LOW,6.15,HIGH,7.2
CLG0051,111,9.27,9.69,10,No,7,10,1,Yes,9.33,6.2,7.41,HIGH,2.59,LOW,1.8
CLG0094,106,9.7,9.74,10,No,0,3,2,No,9.63,2.49,5.96,HIGH,4.04,LOW,5.51
CLG0037,125,7.9,7.61,3,Yes,6,9,3,Yes,4.66,7.16,6.16,HIGH,3.84,LOW,0.84
CLG0066,99,6.19,6.61,6,No,3,4,2,No,3.9,3.53,3.96,LOW,6.04,HIGH,4.47
CLG0085,110,6.99,6.68,2,No,1,5,4,No,3.1,5.18,4.49,MEDIUM,5.51,MEDIUM,2.82
CLG0034,83,8.79,8.34,4,No,1,2,2,No,6.06,2.24,4.04,LOW,5.96,HIGH,5.76
CLG0083,94,8.25,8.08,8,No,10,10,3,Yes,6.88,8.4,7.02,HIGH,2.98,LOW,0.0
CLG0038,110,5.89,6.12,2,No,8,8,1,No,2.02,5.51,4.19,LOW,5.81,HIGH,2.49
CLG0031,112,5.26,5.68,9,Yes,5,1,1,No,3.66,1.8,3.4,LOW,6.6,HIGH,6.2
CLG0026,95,8.41,8.55,2,Yes,10,4,4,No,5.32,6.53,5.66,MEDIUM,4.34,MEDIUM,1.47
CLG0076,98,6.26,6.71,8,No,3,6,3,No,4.68,5.22,4.93,MEDIUM,5.07,MEDIUM,2.78
CLG0094,77,7.5,7.09,8,Yes,1,8,1,No,5.7,4.11,4.54,MEDIUM,5.46,MEDIUM,3.89
CLG0026,94,8.73,8.29,7,Yes,6,4,4,No,6.99,5.73,5.99,HIGH,4.01,LOW,2.27
CLG0063,113,7.81,7.91,10,No,8,2,2,No,7.15,3.64,5.55,MEDIUM,4.45,MEDIUM,4.36
CLG0048,108,5.42,5.89,6,No,1,4,3,No,2.91,3.93,3.88,LOW,6.12,HIGH,4.07
CLG0095,107,5.93,5.93,1,No,3,1,1,No,1.58,1.4,2.32,LOW,7.68,HIGH,6.6
CLG0079,100,6.1,5.65,2,Yes,0,8,3,No,1.81,5.51,3.94,LOW,6.06,HIGH,2.49
CLG0010,100,6.29,6.01,7,Yes,0,9,1,No,3.85,4.36,4.29,MEDIUM,5.71,MEDIUM,3.64
CLG0036,90,7.83,7.57,4,Yes,2,3,5,No,4.92,5.29,4.92,MEDIUM,5.08,MEDIUM,2.71
CLG0040,110,7.52,7.36,9,No,0,8,1,No,6.24,3.91,5.24,MEDIUM,4.76,MEDIUM,4.09
CLG0026,106,6.02,5.56,3,No,3,9,3,No,2.03,6.56,4.55,MEDIUM,5.45,MEDIUM,1.44
CLG0009,107,5.34,5.74,4,Yes,5,8,1,No,2.08,4.91,3.92,LOW,6.08,HIGH,3.09
CLG0053,92,5.86,5.88,3,Yes,4,2,2,No,2.16,2.84,2.87,LOW,7.13,HIGH,5.16
CLG0081,67,9.92,10.0,7,Yes,8,2,4,No,8.95,5.24,6.12,HIGH,3.88,LOW,2.76
CLG0070,116,7.34,6.91,2,No,10,10,5,Yes,3.47,10.0,6.67,HIGH,3.33,LOW,0.0
CLG0086,92,9.34,8.89,10,Yes,1,4,0,No,8.79,1.53,5.0,MEDIUM,5.0,MEDIUM,6.47
CLG0080,87,9.24,9.33,2,Yes,1,1,3,No,6.39,2.6,4.38,MEDIUM,5.62,MEDIUM,5.4
CLG0086,110,7.56,7.95,2,Yes,2,3,3,No,4.37,3.69,4.4,MEDIUM,5.6,MEDIUM,4.31
CLG0053,94,8.53,8.56,4,No,3,4,4,No,6.06,5.13,5.38,MEDIUM,4.62,MEDIUM,2.87
CLG0039,115,5.96,6.34,8,Yes,8,2,2,No,4.23,3.64,4.41,MEDIUM,5.59,MEDIUM,4.36
CLG0061,109,8.44,8.75,8,Yes,10,7,0,No,7.48,4.67,6.02,HIGH,3.98,LOW,3.33
CLG0052,110,6.36,5.94,8,Yes,5,10,2,No,4.17,6.6,5.49,MEDIUM,4.51,MEDIUM,1.4
CLG0068,79,9.16,8.86,8,Yes,8,3,3,No,7.99,4.89,5.8,MEDIUM,4.2,MEDIUM,3.11
CLG0068,118,5.42,5.58,7,No,4,7,0,No,3.01,3.47,3.91,LOW,6.09,HIGH,4.53
CLG0073,103,8.87,8.81,6,Yes,8,7,1,No,7.12,5.07,5.94,HIGH,4.06,LOW,2.93
CLG0078,94,5.5,5.29,7,No,8,9,5,No,2.85,9.16,5.71,MEDIUM,4.29,MEDIUM,0.0
CLG0042,102,9.41,9.33,5,No,0,4,3,No,7.49,3.73,5.53,MEDIUM,4.47,MEDIUM,4.27
CLG0090,73,6.52,6.47,8,No,8,4,2,No,4.66,4.53,4.22,LOW,5.78,HIGH,3.47
CLG0067,106,8.27,8.68,2,Yes,6,1,4,No,5.33,4.4,5.0,MEDIUM,5.0,MEDIUM,3.6
CLG0096,84,7.44,7.04,5,Yes,10,6,1,No,4.63,5.02,4.6,MEDIUM,5.4,MEDIUM,2.98
CLG0075,79,6.83,6.61,7,No,7,6,0,No,4.61,3.62,3.94,LOW,6.06,HIGH,4.38
CLG0051,77,8.23,8.27,9,No,2,7,3,No,7.34,5.47,5.74,MEDIUM,4.26,MEDIUM,2.53
CLG0003,116,9.74,9.94,10,No,0,9,4,Yes,9.8,6.76,7.91,HIGH,2.09,LOW,1.24
CLG0013,90,5.21,5.34,1,No,3,10,4,No,0.71,7.8,4.24,LOW,5.76,HIGH,0.2
CLG0013,123,9.59,10.0,9,No,0,10,2,Yes,9.42,5.6,7.41,HIGH,2.59,LOW,2.4
CLG0061,91,8.05,8.35,3,Yes,0,10,5,Yes,5.29,8.0,6.17,HIGH,3.83,LOW,0.0
CLG0024,74,9.04,9.1,1,Yes,3,9,4,Yes,5.76,7.36,5.81,MEDIUM,4.19,MEDIUM,0.64
CLG0020,83,6.92,6.63,7,No,7,5,2,No,4.68,4.78,4.5,MEDIUM,5.5,MEDIUM,3.22
CLG0074,118,7.36,7.31,3,No,0,2,0,No,4.11,0.44,3.14,LOW,6.86,HIGH,7.56
CLG0087,97,9.34,9.53,8,No,9,1,3,No,8.59,4.2,6.07,HIGH,3.93,LOW,3.8
CLG0097,91,7.07,7.41,2,No,9,2,0,No,3.68,2.24,3.22,LOW,6.78,HIGH,5.76
CLG0055,102,7.67,8.13,4,No,8,2,5,No,5.23,6.04,5.55,MEDIUM,4.45,MEDIUM,1.96
CLG0035,107,5.1,5.21,2,No,5,1,2,No,0.88,2.6,2.52,LOW,7.48,HIGH,5.4
CLG0078,116,5.79,5.82,4,Yes,4,8,0,No,2.41,3.91,3.81,LOW,6.19,HIGH,4.09
CLG0080,121,8.21,7.73,1,No,8,3,3,No,4.26,4.89,5.03,MEDIUM,4.97,MEDIUM,3.11
CLG0030,94,8.58,8.15,10,Yes,8,10,3,Yes,7.79,8.0,7.22,HIGH,2.78,LOW,0.0
CLG0083,80,7.91,7.57,5,No,8,10,4,No,5.3,8.8,6.31,HIGH,3.69,LOW,0.0
CLG0033,93,5.72,5.27,3,Yes,2,8,5,No,1.63,7.51,4.54,MEDIUM,5.46,MEDIUM,0.49
CLG0041,103,7.23,7.13,9,No,7,6,2,No,5.9,5.22,5.51,MEDIUM,4.49,MEDIUM,2.78
CLG0066,85,6.78,6.62,4,No,9,1,0,No,3.59,1.8,2.91,LOW,7.09,HIGH,6.2
CLG0049,85,7.48,7.62,6,No,3,7,4,No,5.41,6.47,5.5,MEDIUM,4.5,MEDIUM,1.53
CLG0008,105,9.35,9.39,9,Yes,3,3,4,No,8.83,4.69,6.5,HIGH,3.5,LOW,3.31
CLG0084,99,8.88,8.98,2,Yes,6,9,0,No,5.91,4.76,5.26,MEDIUM,4.74,MEDIUM,3.24
CLG0003,100,5.42,5.39,7,Yes,7,9,2,No,2.87,6.56,4.78,MEDIUM,5.22,MEDIUM,1.44
CLG0085,88,9.45,9.23,3,No,3,4,2,No,6.77,3.53,4.92,MEDIUM,5.08,MEDIUM,4.47
CLG0065,96,7.36,7.81,1,No,10,2,5,No,3.81,6.44,5.04,MEDIUM,4.96,MEDIUM,1.56
CLG0085,86,8.72,8.31,9,No,9,10,3,Yes,7.66,8.2,7.11,HIGH,2.89,LOW,0.0
CLG0072,113,5.7,6.14,9,Yes,5,9,2,Yes,4.26,6.16,5.4,MEDIUM,4.6,MEDIUM,1.84
CLG0002,115,8.35,8.16,4,No,0,5,4,Yes,5.66,4.98,5.52,MEDIUM,4.48,MEDIUM,3.02
CLG0087,72,6.18,6.19,9,Yes,1,8,3,No,4.58,5.71,4.65,MEDIUM,5.35,MEDIUM,2.29
CLG0041,86,7.19,6.8,7,Yes,4,9,1,No,4.97,5.16,4.82,MEDIUM,5.18,MEDIUM,2.84
CLG0053,77,5.08,4.65,4,Yes,3,1,3,No,1.13,3.0,2.27,LOW,7.73,HIGH,5.0
CLG0075,90,5.76,5.69,2,Yes,2,3,4,No,1.63,4.49,3.29,LOW,6.71,HIGH,3.51
CLG0016,98,5.46,5.7,5,Yes,10,7,5,No,2.46,8.67,5.43,MEDIUM,4.57,MEDIUM,0.0
CLG0009,78,6.2,5.97,8,No,5,2,0,No,4.1,1.44,2.85,LOW,7.15,HIGH,6.56
CLG0096,86,5.5,5.56,10,Yes,9,4,0,No,4.05,3.13,3.64,LOW,6.36,HIGH,4.87
CLG0039,84,8.46,8.24,10,Yes,5,4,5,No,7.79,6.33,6.38,HIGH,3.62,LOW,1.67
CLG0064,103,5.15,5.04,6,Yes,10,7,5,No,2.12,8.67,5.38,MEDIUM,4.62,MEDIUM,0.0
CLG0036,101,8.09,8.5,5,No,9,2,0,No,6.09,2.24,4.36,MEDIUM,5.64,MEDIUM,5.76
CLG0023,89,5.7,6.06,4,Yes,7,8,4,No,2.53,7.71,4.92,MEDIUM,5.08,MEDIUM,0.29
CLG0047,102,9.73,9.75,6,No,1,8,5,Yes,8.32,7.31,7.29,HIGH,2.71,LOW,0.69
CLG0049,91,9.67,9.41,3,Yes,6,6,3,No,7.04,5.82,6.0,HIGH,4.0,LOW,2.18
CLG0055,95,6.13,5.82,2,No,6,4,0,No,1.95,2.53,2.72,LOW,7.28,HIGH,5.47
CLG0094,125,8.07,8.52,1,No,1,2,2,Yes,4.76,2.24,4.24,LOW,5.76,HIGH,5.76
CLG0010,120,5.14,4.84,9,No,5,3,1,No,2.97,2.69,3.61,LOW,6.39,HIGH,5.31
CLG0063,80,9.66,9.97,1,No,4,3,0,No,6.77,1.69,4.05,LOW,5.95,HIGH,6.31
CLG0095,112,7.61,7.48,4,No,1,3,5,No,4.72,5.09,5.14,MEDIUM,4.86,MEDIUM,2.91
CLG0026,112,5.22,5.71,6,No,8,4,0,No,2.66,2.93,3.45,LOW,6.55,HIGH,5.07
CLG0048,82,6.71,6.58,9,No,7,7,1,No,5.19,4.87,4.72,MEDIUM,5.28,MEDIUM,3.13
CLG0030,112,5.38,5.23,4,No,6,9,2,Yes,1.73,6.36,4.45,MEDIUM,5.55,MEDIUM,1.64
CLG0002,123,6.96,7.1,7,No,5,10,1,No,5.05,5.8,5.74,MEDIUM,4.26,MEDIUM,2.2
CLG0029,83,8.35,8.81,7,No,4,4,0,No,7.14,2.13,4.43,MEDIUM,5.57,MEDIUM,5.87
CLG0054,86,7.35,7.83,6,Yes,8,7,0,No,5.49,4.27,4.67,MEDIUM,5.33,MEDIUM,3.73
CLG0032,115,6.92,7.13,9,No,4,10,3,Yes,5.72,7.2,6.43,HIGH,3.57,LOW,0.8
CLG0038,104,5.6,5.85,10,No,5,6,5,No,4.32,7.22,5.69,MEDIUM,4.31,MEDIUM,0.78
CLG0021,108,6.22,6.28,7,No,2,10,4,No,4.01,7.6,5.79,MEDIUM,4.21,MEDIUM,0.4
CLG0027,105,5.5,5.76,3,No,8,9,3,No,1.86,7.56,4.86,MEDIUM,5.14,MEDIUM,0.44
CLG0088,105,9.04,9.4,6,No,10,8,3,Yes,7.65,7.51,7.16,HIGH,2.84,LOW,0.49
CLG0034,80,5.68,5.67,7,No,7,2,3,No,3.24,4.24,3.66,LOW,6.34,HIGH,3.76
CLG0023,115,7.98,8.1,7,No,8,3,3,Yes,6.4,4.89,5.78,MEDIUM,4.22,MEDIUM,3.11
CLG0078,117,6.71,6.75,6,No,0,6,3,No,4.31,4.62,4.87,MEDIUM,5.13,MEDIUM,3.38
CLG0039,96,6.13,6.19,3,No,0,5,2,No,2.55,3.38,3.31,LOW,6.69,HIGH,4.62
CLG0069,99,8.2,8.59,6,No,1,2,5,No,6.55,4.64,5.47,MEDIUM,4.53,MEDIUM,3.36
CLG0073,77,7.29,7.15,2,No,3,2,4,No,3.62,4.24,3.76,LOW,6.24,HIGH,3.76
CLG0045,107,7.0,6.71,10,Yes,9,5,4,No,5.79,6.78,6.16,HIGH,3.84,LOW,1.22
CLG0063,108,7.96,7.92,1,Yes,4,5,5,No,4.25,6.58,5.48,MEDIUM,4.52,MEDIUM,1.42
CLG0008,99,7.46,7.17,8,Yes,6,1,4,No,5.74,4.4,5.05,MEDIUM,4.95,MEDIUM,3.6
CLG0007,116,6.52,6.52,3,No,3,10,2,Yes,3.03,6.2,4.97,MEDIUM,5.03,MEDIUM,1.8
CLG0030,94,7.8,8.2,8,No,0,3,2,No,6.69,2.49,4.58,MEDIUM,5.42,MEDIUM,5.51
CLG0012,108,8.35,8.47,3,No,7,9,5,Yes,5.56,8.96,6.95,HIGH,3.05,LOW,0.0
CLG0020,84,5.13,5.49,2,Yes,10,10,2,No,1.11,7.6,4.22,LOW,5.78,HIGH,0.4
CLG0064,99,7.33,7.0,8,Yes,2,3,0,No,5.53,1.29,3.72,LOW,6.28,HIGH,6.71
CLG0029,97,5.29,5.69,3,Yes,8,6,4,No,1.68,7.02,4.44,MEDIUM,5.56,MEDIUM,0.98
CLG0055,103,5.93,6.03,8,Yes,1,6,1,No,3.98,3.22,3.94,LOW,6.06,HIGH,4.78
CLG0012,94,7.8,7.33,2,No,10,2,3,No,4.06,4.84,4.47,MEDIUM,5.53,MEDIUM,3.16
CLG0084,98,9.33,9.46,4,No,0,7,0,No,7.2,2.67,4.92,MEDIUM,5.08,MEDIUM,5.33
CLG0022,112,9.41,9.86,9,No,9,9,0,Yes,9.21,5.36,7.04,HIGH,2.96,LOW,2.64
CLG0023,93,5.35,4.93,1,No,7,9,3,No,0.5,7.36,4.03,LOW,5.97,HIGH,0.64
CLG0048,75,7.1,7.18,2,No,2,8,0,No,3.53,3.51,3.4,LOW,6.6,HIGH,4.49
CLG0045,126,7.92,8.34,2,Yes,0,5,2,Yes,4.87,3.38,4.75,MEDIUM,5.25,MEDIUM,4.62
CLG0026,120,5.74,5.25,9,No,10,8,0,No,3.63,5.11,4.85,MEDIUM,5.15,MEDIUM,2.89
CLG0028,80,8.83,8.96,10,No,2,9,4,Yes,8.54,7.16,6.95,HIGH,3.05,LOW,0.84
CLG0055,110,8.72,8.69,5,No,7,1,4,No,6.61,4.6,5.66,MEDIUM,4.34,MEDIUM,3.4
CLG0073,92,9.52,9.37,4,No,10,1,5,No,7.25,6.0,6.17,HIGH,3.83,LOW,2.0
CLG0069,103,5.04,5.17,10,Yes,3,5,5,No,3.49,6.38,5.01,MEDIUM,4.99,MEDIUM,1.62
CLG0002,104,6.08,5.63,10,No,9,7,1,No,4.45,5.27,4.96,MEDIUM,5.04,MEDIUM,2.73
CLG0028,96,9.14,9.39,4,Yes,10,9,4,Yes,7.04,8.76,7.26,HIGH,2.74,LOW,0.0
CLG0077,88,8.35,7.85,7,No,6,9,3,No,6.43,7.16,6.24,HIGH,3.76,LOW,0.84
CLG0079,89,9.47,9.28,3,No,7,3,3,No,6.82,4.69,5.42,MEDIUM,4.58,MEDIUM,3.31
CLG0053,86,5.29,5.29,9,Yes,6,1,4,No,3.39,4.4,3.89,LOW,6.11,HIGH,3.6
CLG0014,87,7.98,7.86,5,Yes,0,3,2,No,5.55,2.49,4.0,LOW,6.0,HIGH,5.51
CLG0046,98,7.85,7.66,9,No,3,8,4,No,6.66,6.91,6.4,HIGH,3.6,LOW,1.09
CLG0078,89,5.18,5.51,1,No,9,7,2,No,0.82,6.07,3.58,LOW,6.42,HIGH,1.93
CLG0067,110,7.57,8.0,10,No,8,5,5,No,7.08,7.38,6.96,HIGH,3.04,LOW,0.62
CLG0074,122,8.05,8.42,8,No,6,10,3,Yes,7.01,7.6,7.23,HIGH,2.77,LOW,0.4
CLG0070,91,5.96,5.98,2,No,0,9,4,No,1.96,6.76,4.34,MEDIUM,5.66,MEDIUM,1.24
CLG0020,103,6.37,6.75,8,Yes,7,4,5,No,4.77,6.73,5.66,MEDIUM,4.34,MEDIUM,1.27
CLG0035,107,8.2,8.62,4,Yes,3,6,1,No,5.91,3.62,4.94,MEDIUM,5.06,MEDIUM,4.38
CLG0048,107,7.34,7.25,2,No,6,5,3,No,3.72,5.38,4.77,MEDIUM,5.23,MEDIUM,2.62
CLG0043,101,9.29,9.07,2,No,5,6,1,No,6.23,4.02,5.13,MEDIUM,4.87,MEDIUM,3.98
CLG0020,111,6.71,6.31,6,No,6,4,3,No,3.99,4.93,4.76,MEDIUM,5.24,MEDIUM,3.07
CLG0056,107,6.33,6.31,3,Yes,9,3,0,No,2.76,2.69,3.31,LOW,6.69,HIGH,5.31
CLG0003,81,9.92,10.0,10,No,9,5,5,No,9.95,7.58,7.7,HIGH,2.3,LOW,0.42
CLG0068,113,9.56,9.62,3,No,0,5,0,No,7.12,1.78,4.79,MEDIUM,5.21,MEDIUM,6.22
CLG0011,113,5.14,5.31,9,No,5,2,0,No,3.31,1.44,3.13,LOW,6.87,HIGH,6.56
CLG0062,88,8.85,8.46,5,No,2,10,1,No,6.52,5.2,5.49,MEDIUM,4.51,MEDIUM,2.8
CLG0061,100,5.55,5.19,7,No,9,4,2,No,2.81,4.73,4.02,LOW,5.98,HIGH,3.27
CLG0095,110,5.14,5.1,5,Yes,3,3,3,No,1.83,3.89,3.47,LOW,6.53,HIGH,4.11
CLG0058,96,6.37,6.82,2,No,0,7,0,No,2.83,2.67,3.14,LOW,6.86,HIGH,5.33
CLG0029,116,6.35,6.21,8,Yes,9,5,1,No,4.37,4.38,4.78,MEDIUM,5.22,MEDIUM,3.62
CLG0038,135,9.1,9.48,9,No,7,6,3,Yes,8.75,6.02,7.51,HIGH,2.49,LOW,1.98
CLG0084,88,8.55,8.17,2,No,1,7,0,No,5.12,2.87,4.0,LOW,6.0,HIGH,5.13
CLG0088,79,9.91,10.0,2,No,2,2,0,No,7.28,0.84,3.9,LOW,6.1,HIGH,7.16
CLG0087,104,8.56,8.66,4,No,6,10,0,No,6.15,5.2,5.62,MEDIUM,4.38,MEDIUM,2.8
CLG0022,110,7.09,7.45,8,No,1,4,1,No,5.72,2.33,4.4,MEDIUM,5.6,MEDIUM,5.67
CLG0086,96,8.49,7.99,5,No,3,6,2,No,5.95,4.42,5.09,MEDIUM,4.91,MEDIUM,3.58
CLG0041,121,10.0,9.69,5,No,6,3,5,Yes,8.11,6.09,7.05,HIGH,2.95,LOW,1.91
CLG0084,79,8.55,8.27,7,Yes,2,6,5,No,6.86,6.62,6.04,HIGH,3.96,LOW,1.38
CLG0063,110,8.81,9.26,4,Yes,1,10,0,No,6.74,4.2,5.56,MEDIUM,4.44,MEDIUM,3.8
CLG0038,90,9.69,9.34,9,No,7,1,0,No,9.0,1.4,5.0,MEDIUM,5.0,MEDIUM,6.6
CLG0050,125,5.57,5.11,4,Yes,1,8,2,Yes,1.76,4.91,4.1,LOW,5.9,HIGH,3.09
CLG0007,129,8.52,8.55,8,Yes,9,10,5,Yes,7.38,9.8,8.38,HIGH,1.62,LOW,0.0
CLG0024,88,9.25,9.28,3,No,6,5,2,No,6.69,4.58,5.31,MEDIUM,4.69,MEDIUM,3.42
CLG0046,91,9.77,10.0,6,No,10,1,4,No,8.53,5.2,6.35,HIGH,3.65,LOW,2.8
CLG0025,112,6.05,6.5,1,No,2,10,0,No,2.07,4.4,3.8,LOW,6.2,HIGH,3.6
CLG0078,94,7.52,7.56,7,No,3,10,5,No,5.72,8.6,6.63,HIGH,3.37,LOW,0.0
CLG0029,99,8.4,8.83,7,Yes,5,1,3,No,7.18,3.4,5.22,MEDIUM,4.78,MEDIUM,4.6
CLG0067,100,6.24,6.47,2,No,10,10,4,No,2.49,9.2,5.68,MEDIUM,4.32,MEDIUM,0.0
CLG0093,71,8.0,7.76,5,No,2,3,3,No,5.49,3.69,4.18,LOW,5.82,HIGH,4.31
CLG0080,99,6.29,6.72,4,Yes,0,6,2,No,3.37,3.82,3.87,LOW,6.13,HIGH,4.18
CLG0085,89,6.67,6.84,10,No,7,2,5,No,5.69,5.84,5.43,MEDIUM,4.57,MEDIUM,2.16
CLG0022,92,7.21,7.12,9,No,3,8,4,No,5.88,6.91,5.99,HIGH,4.01,LOW,1.09
CLG0085,121,7.65,7.83,2,No,0,10,1,No,4.33,4.8,5.02,MEDIUM,4.98,MEDIUM,3.2
CLG0086,81,7.25,7.15,3,No,1,7,4,No,3.93,6.07,4.68,MEDIUM,5.32,MEDIUM,1.93
CLG0009,112,7.47,7.08,1,No,5,2,4,No,3.34,4.64,4.41,MEDIUM,5.59,MEDIUM,3.36
CLG0087,95,6.49,6.71,10,No,0,1,2,No,5.48,1.6,3.76,LOW,6.24,HIGH,6.4
CLG0049,95,5.79,6.11,5,Yes,8,7,0,No,2.96,4.27,3.82,LOW,6.18,HIGH,3.73
CLG0073,111,5.24,5.47,3,No,6,7,2,No,1.49,5.47,3.98,LOW,6.02,HIGH,2.53
CLG0096,105,5.98,5.71,4,Yes,7,3,2,No,2.45,3.89,3.63,LOW,6.37,HIGH,4.11
CLG0036,108,7.91,8.37,4,No,7,10,2,Yes,5.55,7.0,6.17,HIGH,3.83,LOW,1.0
CLG0100,114,8.93,8.46,6,No,5,8,3,Yes,6.9,6.51,6.61,HIGH,3.39,LOW,1.49
CLG0005,95,5.85,5.68,10,No,7,8,5,No,4.35,8.51,6.07,HIGH,3.93,LOW,0.0
CLG0090,90,5.54,5.3,7,No,6,5,1,No,2.88,3.78,3.5,LOW,6.5,HIGH,4.22
CLG0004,83,8.75,8.3,7,Yes,0,7,3,No,7.0,5.07,5.55,MEDIUM,4.45,MEDIUM,2.93
CLG0024,87,6.53,6.44,8,No,2,3,4,No,4.64,4.49,4.44,MEDIUM,5.56,MEDIUM,3.51
CLG0041,144,9.76,9.88,3,Yes,8,6,2,Yes,7.43,5.42,6.9,HIGH,3.1,LOW,2.58
CLG0014,118,8.57,8.95,5,Yes,7,3,5,Yes,6.71,6.29,6.52,HIGH,3.48,LOW,1.71
CLG0091,79,6.63,7.12,10,No,4,9,0,No,5.87,4.36,4.74,MEDIUM,5.26,MEDIUM,3.64
CLG0012,80,6.45,6.76,6,No,0,7,2,No,4.16,4.27,4.04,LOW,5.96,HIGH,3.73
CLG0082,107,7.62,7.59,6,No,1,1,3,No,5.47,2.6,4.36,MEDIUM,5.64,MEDIUM,5.4
CLG0044,108,5.4,5.62,8,Yes,9,8,5,No,3.36,8.91,6.05,HIGH,3.95,LOW,0.0
CLG0009,108,5.59,5.93,5,No,9,9,1,No,2.71,6.16,4.69,MEDIUM,5.31,MEDIUM,1.84
CLG0066,96,5.88,5.85,5,Yes,8,10,3,No,2.82,8.0,5.27,MEDIUM,4.73,MEDIUM,0.0
CLG0038,98,8.87,9.16,1,Yes,9,2,2,No,5.71,3.84,4.79,MEDIUM,5.21,MEDIUM,4.16
CLG0096,104,7.57,7.55,1,No,7,1,5,No,3.75,5.4,4.74,MEDIUM,5.26,MEDIUM,2.6
CLG0077,101,5.05,4.94,6,Yes,8,4,1,No,1.99,3.73,3.31,LOW,6.69,HIGH,4.27
CLG0057,66,8.37,8.4,10,Yes,1,9,0,No,7.85,3.76,5.07,MEDIUM,4.93,MEDIUM,4.24
CLG0047,96,7.12,7.3,10,No,2,6,3,No,6.29,5.02,5.46,MEDIUM,4.54,MEDIUM,2.98
CLG0055,87,7.55,7.78,5,Yes,2,10,5,No,5.24,8.4,6.24,HIGH,3.76,LOW,0.0
CLG0088,102,6.07,5.93,10,Yes,0,8,3,No,4.66,5.51,5.11,MEDIUM,4.89,MEDIUM,2.49
CLG0002,144,7.76,7.83,6,No,1,7,5,No,5.73,6.87,6.8,HIGH,3.2,LOW,1.13
CLG0083,105,9.9,10.0,9,No,9,5,4,No,9.61,6.78,7.65,HIGH,2.35,LOW,1.22
CLG0018,95,5.37,5.85,8,No,4,5,5,No,3.52,6.58,4.96,MEDIUM,5.04,MEDIUM,1.42
CLG0066,113,6.42,6.15,7,Yes,6,6,1,No,4.03,4.22,4.53,MEDIUM,5.47,MEDIUM,3.78
CLG0090,107,6.21,5.9,7,No,5,6,3,No,3.72,5.62,4.86,MEDIUM,5.14,MEDIUM,2.38
CLG0057,106,6.24,6.42,6,No,1,5,4,No,3.79,5.18,4.7,MEDIUM,5.3,MEDIUM,2.82
CLG0064,109,6.89,6.8,6,Yes,7,8,0,No,4.46,4.51,4.75,MEDIUM,5.25,MEDIUM,3.49
CLG0088,130,9.09,8.61,1,No,3,3,5,Yes,5.44,5.49,5.89,MEDIUM,4.11,MEDIUM,2.51
CLG0027,83,9.56,9.41,7,No,10,9,3,Yes,8.3,7.96,7.22,HIGH,2.78,LOW,0.04
CLG0053,107,6.01,6.32,5,No,1,5,3,No,3.24,4.38,4.18,LOW,5.82,HIGH,3.62
CLG0059,86,7.71,8.01,7,No,3,9,2,Yes,6.17,5.76,5.54,MEDIUM,4.46,MEDIUM,2.24
CLG0029,108,8.18,8.17,6,No,7,5,3,No,6.23,5.58,5.87,MEDIUM,4.13,MEDIUM,2.42
CLG0072,86,7.61,7.58,8,No,0,3,0,No,6.13,0.89,3.58,LOW,6.42,HIGH,7.11
CLG0095,93,7.17,7.25,3,Yes,10,9,5,No,3.95,9.56,6.29,HIGH,3.71,LOW,0.0
CLG0098,95,5.96,5.68,8,Yes,8,2,4,No,3.74,5.24,4.52,MEDIUM,5.48,MEDIUM,2.76
CLG0014,114,7.44,7.47,7,No,7,5,5,No,5.61,7.18,6.36,HIGH,3.64,LOW,0.82
CLG0068,113,7.01,6.52,1,No,7,3,1,No,2.66,3.09,3.53,LOW,6.47,HIGH,4.91
CLG0043,81,8.98,8.96,3,No,9,7,0,No,6.29,4.47,4.99,MEDIUM,5.01,MEDIUM,3.53
CLG0029,100,8.82,8.66,10,Yes,8,4,1,No,8.31,3.73,5.82,MEDIUM,4.18,MEDIUM,4.27
CLG0057,89,5.67,5.84,4,No,6,8,0,No,2.35,4.31,3.48,LOW,6.52,HIGH,3.69
CLG0033,81,5.44,5.58,9,Yes,10,1,5,No,3.69,6.0,4.56,MEDIUM,5.44,MEDIUM,2.0
CLG0021,96,9.54,9.42,6,No,8,5,5,No,7.97,7.38,7.08,HIGH,2.92,LOW,0.62
CLG0041,95,7.68,7.19,7,No,0,8,4,No,5.55,6.31,5.67,MEDIUM,4.33,MEDIUM,1.69
CLG0001,136,9.29,9.04,5,No,0,2,2,Yes,7.2,2.04,5.32,MEDIUM,4.68,MEDIUM,5.96
CLG0027,106,5.29,5.42,3,Yes,3,6,4,No,1.49,6.02,4.12,LOW,5.88,HIGH,1.98
CLG0002,79,7.63,7.2,5,Yes,1,7,5,No,4.86,6.87,5.34,MEDIUM,4.66,MEDIUM,1.13
CLG0064,91,7.7,7.31,7,No,7,6,1,No,5.65,4.42,4.88,MEDIUM,5.12,MEDIUM,3.58
CLG0051,115,9.3,9.45,9,No,0,10,1,Yes,8.84,4.8,6.72,HIGH,3.28,LOW,3.2
CLG0054,131,5.49,5.75,9,Yes,3,3,5,No,3.85,5.49,5.27,MEDIUM,4.73,MEDIUM,2.51
CLG0074,76,6.2,6.02,8,No,10,6,3,No,4.14,6.62,4.9,MEDIUM,5.1,MEDIUM,1.38
CLG0074,71,7.03,7.02,5,No,10,7,5,No,4.37,8.67,5.73,MEDIUM,4.27,MEDIUM,0.0
CLG0030,128,9.33,9.78,7,Yes,8,3,2,Yes,8.44,4.09,6.5,HIGH,3.5,LOW,3.91
CLG0001,105,9.69,10.0,4,Yes,1,10,4,Yes,7.81,7.4,7.18,HIGH,2.82,LOW,0.6
CLG0095,86,9.96,9.77,10,No,5,2,5,No,9.81,5.44,6.87,HIGH,3.13,LOW,2.56
CLG0099,108,9.8,10.0,5,Yes,3,3,4,No,8.21,4.69,6.31,HIGH,3.69,LOW,3.31
CLG0029,60,5.03,5.12,4,Yes,3,1,1,No,1.44,1.4,1.46,LOW,8.54,HIGH,6.6
CLG0013,100,5.24,5.72,3,No,5,7,2,No,1.68,5.27,3.79,LOW,6.21,HIGH,2.73
CLG0073,104,5.74,5.72,1,No,9,4,4,No,1.31,6.33,4.13,LOW,5.87,HIGH,1.67
CLG0043,113,6.74,7.01,5,No,3,3,2,No,4.19,3.09,4.14,LOW,5.86,HIGH,4.91
CLG0041,84,9.15,9.42,2,Yes,8,6,2,No,6.4,5.42,5.46,MEDIUM,4.54,MEDIUM,2.58
CLG0075,101,9.46,9.46,6,No,7,3,4,No,7.95,5.49,6.4,HIGH,3.6,LOW,2.51
CLG0088,86,5.93,6.23,5,No,7,10,5,No,3.13,9.4,5.78,MEDIUM,4.22,MEDIUM,0.0
CLG0089,103,8.1,7.86,2,Yes,4,3,2,No,4.63,3.29,4.23,LOW,5.77,HIGH,4.71
CLG0058,86,9.59,9.21,8,No,5,9,5,Yes,8.51,8.56,7.6,HIGH,2.4,LOW,0.0
CLG0077,93,7.32,7.25,5,No,0,2,0,No,4.71,0.44,2.95,LOW,7.05,HIGH,7.56
CLG0014,85,5.52,5.96,2,Yes,0,5,1,No,1.69,2.58,2.46,LOW,7.54,HIGH,5.42
CLG0041,109,7.29,7.29,1,Yes,8,10,2,No,3.39,7.2,5.4,MEDIUM,4.6,MEDIUM,0.8
CLG0067,112,6.88,7.02,2,No,3,10,2,Yes,3.28,6.2,5.01,MEDIUM,4.99,MEDIUM,1.8
CLG0054,96,7.89,8.01,1,Yes,2,2,0,No,4.28,0.84,2.99,LOW,7.01,HIGH,7.16
CLG0006,100,7.19,6.82,10,No,4,6,3,No,5.98,5.42,5.57,MEDIUM,4.43,MEDIUM,2.58
CLG0046,78,5.09,4.98,10,No,8,4,2,No,3.38,4.53,3.8,LOW,6.2,HIGH,3.47
CLG0077,95,9.97,10.0,3,No,8,7,4,No,7.65,7.47,6.97,HIGH,3.03,LOW,0.53
CLG0001,99,7.72,8.19,3,Yes,2,1,5,No,4.97,4.4,4.74,MEDIUM,5.26,MEDIUM,3.6
CLG0029,139,7.37,7.04,10,No,6,8,5,Yes,6.25,8.31,7.5,HIGH,2.5,LOW,0.0
CLG0078,83,9.77,9.68,1,No,2,2,3,No,6.63,3.24,4.67,MEDIUM,5.33,MEDIUM,4.76
CLG0076,121,5.78,5.38,7,Yes,2,4,5,No,3.08,5.73,4.89,MEDIUM,5.11,MEDIUM,2.27
CLG0026,114,5.95,5.69,10,No,3,7,5,No,4.41,7.27,5.92,MEDIUM,4.08,MEDIUM,0.73
CLG0058,104,9.04,8.92,7,No,1,8,5,Yes,7.63,7.31,7.05,HIGH,2.95,LOW,0.69
CLG0087,126,6.3,6.34,9,Yes,5,9,3,Yes,4.77,6.96,6.14,HIGH,3.86,LOW,1.04
CLG0003,105,9.0,8.73,5,Yes,4,5,0,No,6.8,2.58,4.85,MEDIUM,5.15,MEDIUM,5.42
CLG0060,105,6.36,6.09,4,Yes,9,9,4,No,2.95,8.56,5.7,MEDIUM,4.3,MEDIUM,0.0
CLG0014,99,5.17,5.45,5,No,9,9,5,No,2.1,9.36,5.58,MEDIUM,4.42,MEDIUM,0.0
CLG0098,118,7.59,8.05,8,No,1,3,3,Yes,6.46,3.49,5.3,MEDIUM,4.7,MEDIUM,4.51
CLG0023,116,5.98,5.8,8,Yes,9,7,2,No,3.84,6.07,5.25,MEDIUM,4.75,MEDIUM,1.93
CLG0062,90,8.79,8.98,4,No,1,8,0,No,6.53,3.31,4.77,MEDIUM,5.23,MEDIUM,4.69
CLG0010,80,8.21,7.97,8,Yes,1,1,0,No,6.77,0.2,3.45,LOW,6.55,HIGH,7.8
CLG0004,96,9.62,10.0,4,No,3,10,0,No,7.77,4.6,5.89,MEDIUM,4.11,MEDIUM,3.4
CLG0039,87,8.91,9.08,4,Yes,2,5,5,No,6.67,6.18,5.93,HIGH,4.07,MEDIUM,1.82
CLG0074,99,5.9,6.2,8,Yes,8,1,1,No,4.09,2.4,3.59,LOW,6.41,HIGH,5.6
CLG0088,118,9.0,8.55,2,No,4,3,3,Yes,5.67,4.09,5.22,MEDIUM,4.78,MEDIUM,3.91
CLG0034,93,8.21,8.31,4,No,0,2,5,No,5.69,4.44,4.94,MEDIUM,5.06,MEDIUM,3.56
CLG0088,99,8.34,8.37,1,No,1,2,4,No,4.81,3.84,4.45,MEDIUM,5.55,MEDIUM,4.16
CLG0025,100,9.16,8.95,1,No,6,4,4,No,5.73,5.73,5.59,MEDIUM,4.41,MEDIUM,2.27
CLG0052,112,7.87,7.63,8,No,7,5,1,No,6.32,3.98,5.33,MEDIUM,4.67,MEDIUM,4.02
CLG0015,66,7.33,7.41,4,No,5,1,5,No,4.5,5.0,4.23,LOW,5.77,HIGH,3.0
CLG0012,90,8.18,8.39,6,Yes,6,6,2,No,6.4,5.02,5.41,MEDIUM,4.59,MEDIUM,2.98
CLG0001,103,6.49,6.02,5,No,1,5,3,No,3.31,4.38,4.14,LOW,5.86,HIGH,3.62
CLG0009,118,5.91,5.98,10,Yes,5,4,0,No,4.6,2.33,4.09,LOW,5.91,HIGH,5.67
CLG0059,92,8.08,7.75,6,Yes,5,6,1,No,5.87,4.02,4.83,MEDIUM,5.17,MEDIUM,3.98
CLG0014,71,6.17,5.81,4,No,3,2,1,No,2.63,1.84,2.3,LOW,7.7,HIGH,6.16
CLG0031,109,5.4,5.52,4,No,10,8,3,No,1.96,7.51,4.95,MEDIUM,5.05,MEDIUM,0.49
CLG0088,90,5.0,4.81,7,No,3,6,4,No,2.2,6.02,4.13,LOW,5.87,HIGH,1.98
CLG0053,82,8.04,7.98,1,No,1,3,5,No,4.34,5.09,4.47,MEDIUM,5.53,MEDIUM,2.91
CLG0063,90,6.81,6.67,9,Yes,2,4,3,No,5.31,4.13,4.61,MEDIUM,5.39,MEDIUM,3.87
CLG0010,97,8.76,8.91,10,No,9,2,4,No,8.46,5.44,6.52,HIGH,3.48,LOW,2.56
CLG0043,90,6.88,6.85,3,No,5,4,3,No,3.49,4.73,4.13,LOW,5.87,HIGH,3.27
CLG0018,66,7.43,7.89,4,No,3,9,4,No,4.91,7.36,5.34,MEDIUM,4.66,MEDIUM,0.64
CLG0067,113,7.04,6.89,9,No,2,4,5,No,5.61,5.73,5.77,MEDIUM,4.23,MEDIUM,2.27
CLG0059,119,8.25,8.49,5,No,0,8,1,Yes,6.18,3.91,5.37,MEDIUM,4.63,MEDIUM,4.09
CLG0076,109,6.78,6.54,4,No,10,3,4,No,3.53,6.09,5.01,MEDIUM,4.99,MEDIUM,1.91
CLG0099,82,9.82,9.83,6,Yes,10,5,3,No,8.43,6.18,6.54,HIGH,3.46,LOW,1.82
CLG0023,96,9.68,9.73,1,No,10,2,2,No,6.61,4.04,5.2,MEDIUM,4.8,MEDIUM,3.96
CLG0086,99,9.24,9.07,10,No,2,9,3,Yes,8.86,6.36,7.08,HIGH,2.92,LOW,1.64
CLG0075,108,9.6,9.57,1,No,0,9,1,No,6.44,4.36,5.47,MEDIUM,4.53,MEDIUM,3.64
CLG0046,110,7.25,7.03,5,Yes,3,10,4,No,4.51,7.8,6.1,HIGH,3.9,LOW,0.2
CLG0049,88,7.68,7.19,5,No,3,7,4,No,4.88,6.47,5.34,MEDIUM,4.66,MEDIUM,1.53
CLG0023,101,8.71,8.43,9,No,10,2,4,No,7.74,5.64,6.38,HIGH,3.62,LOW,2.36
CLG0012,106,8.48,8.68,1,No,0,4,1,No,5.12,2.13,4.01,LOW,5.99,HIGH,5.87
CLG0029,121,9.45,9.72,3,No,6,6,5,Yes,7.13,7.42,7.19,HIGH,2.81,LOW,0.58
CLG0089,110,8.58,8.36,3,No,4,9,3,Yes,5.61,6.76,6.13,HIGH,3.87,LOW,1.24
CLG0088,111,9.99,9.9,4,No,0,6,4,Yes,7.92,5.42,6.53,HIGH,3.47,LOW,2.58
CLG0059,101,6.74,6.28,7,Yes,4,4,2,No,4.32,3.73,4.25,LOW,5.75,HIGH,4.27
CLG0053,121,9.16,8.9,7,Yes,6,1,5,Yes,7.69,5.2,6.52,HIGH,3.48,LOW,2.8
CLG0068,106,8.49,8.77,10,No,5,7,2,No,8.19,5.27,6.5,HIGH,3.5,LOW,2.73
CLG0063,87,8.46,8.57,5,Yes,9,7,0,No,6.36,4.47,5.12,MEDIUM,4.88,MEDIUM,3.53
CLG0029,121,6.63,6.34,9,No,4,6,2,No,4.96,4.62,5.2,MEDIUM,4.8,MEDIUM,3.38
CLG0003,110,8.93,8.69,7,Yes,7,3,0,No,7.4,2.29,5.06,MEDIUM,4.94,MEDIUM,5.71
CLG0095,93,9.5,9.82,2,Yes,8,5,4,No,6.9,6.58,6.28,HIGH,3.72,LOW,1.42
CLG0089,92,6.09,5.8,3,Yes,0,7,1,No,2.24,3.47,3.16,LOW,6.84,HIGH,4.53
CLG0037,104,8.13,7.96,7,No,5,6,1,No,6.38,4.02,5.24,MEDIUM,4.76,MEDIUM,3.98
CLG0063,106,6.96,7.12,5,No,1,7,1,No,4.4,3.67,4.34,MEDIUM,5.66,MEDIUM,4.33
CLG0023,102,9.95,10.0,7,No,7,5,4,No,8.97,6.38,7.18,HIGH,2.82,LOW,1.62
CLG0049,104,7.39,7.35,9,No,4,1,4,No,6.16,4.0,5.14,MEDIUM,4.86,MEDIUM,4.0
CLG0086,125,6.14,6.54,9,No,0,10,3,Yes,4.82,6.4,5.92,MEDIUM,4.08,MEDIUM,1.6
CLG0093,116,6.91,6.63,3,Yes,4,5,5,No,3.34,6.58,5.25,MEDIUM,4.75,MEDIUM,1.42
CLG0100,102,8.27,8.51,8,Yes,9,2,2,No,7.2,3.84,5.46,MEDIUM,4.54,MEDIUM,4.16
CLG0077,114,5.38,5.04,6,No,4,10,4,Yes,2.26,8.0,5.35,MEDIUM,4.65,MEDIUM,0.0
CLG0003,84,8.02,8.14,4,No,1,10,2,Yes,5.45,5.8,5.24,MEDIUM,4.76,MEDIUM,2.2
CLG0022,105,9.66,10.0,4,No,3,2,1,No,7.8,1.84,4.95,MEDIUM,5.05,MEDIUM,6.16
CLG0036,127,9.25,9.21,4,No,5,4,2,Yes,6.97,3.93,5.83,MEDIUM,4.17,MEDIUM,4.07
CLG0010,96,5.34,5.56,7,Yes,0,6,3,No,2.95,4.62,3.97,LOW,6.03,HIGH,3.38
CLG0009,87,9.97,10.0,6,Yes,10,5,1,No,8.65,4.58,6.08,HIGH,3.92,LOW,3.42
CLG0056,90,8.49,8.13,2,No,8,7,2,No,5.06,5.87,5.21,MEDIUM,4.79,MEDIUM,2.13
CLG0055,83,5.81,6.02,5,Yes,6,10,3,No,2.9,7.6,4.92,MEDIUM,5.08,MEDIUM,0.4
CLG0019,88,5.06,5.48,5,Yes,5,8,5,No,2.06,8.11,4.87,MEDIUM,5.13,MEDIUM,0.0
CLG0072,94,5.86,5.94,6,Yes,0,10,2,No,3.21,5.6,4.43,MEDIUM,5.57,MEDIUM,2.4
CLG0033,78,9.19,8.88,7,No,7,1,3,No,7.69,3.8,5.23,MEDIUM,4.77,MEDIUM,4.2
CLG0020,100,5.11,4.74,8,Yes,7,8,2,No,2.55,6.11,4.47,MEDIUM,5.53,MEDIUM,1.89
CLG0094,113,6.17,5.93,10,Yes,3,3,1,No,4.72,2.29,4.03,LOW,5.97,HIGH,5.71
CLG0035,86,8.79,8.39,8,No,3,10,1,No,7.43,5.4,5.9,MEDIUM,4.1,MEDIUM,2.6
CLG0031,122,7.93,7.94,5,Yes,0,10,0,No,5.58,4.0,5.22,MEDIUM,4.78,MEDIUM,4.0
CLG0083,107,8.91,8.48,2,Yes,8,2,3,No,5.57,4.44,5.13,MEDIUM,4.87,MEDIUM,3.56
CLG0050,115,8.73,8.45,10,Yes,7,2,2,Yes,8.1,3.44,5.88,MEDIUM,4.12,MEDIUM,4.56
CLG0046,90,5.25,5.19,8,Yes,9,5,5,No,2.96,7.58,5.05,MEDIUM,4.95,MEDIUM,0.42
CLG0078,112,9.46,9.43,6,No,6,2,2,Yes,7.93,3.24,5.68,MEDIUM,4.32,MEDIUM,4.76
CLG0010,83,6.14,6.21,3,Yes,1,4,2,No,2.57,3.13,3.0,LOW,7.0,HIGH,4.87
CLG0067,113,7.77,7.98,4,No,6,3,4,No,5.18,5.29,5.42,MEDIUM,4.58,MEDIUM,2.71
CLG0034,102,8.22,7.77,1,Yes,3,8,3,No,4.3,6.11,5.21,MEDIUM,4.79,MEDIUM,1.89
CLG0051,108,5.84,5.42,3,No,2,9,2,No,1.82,5.56,4.1,LOW,5.9,HIGH,2.44
CLG0092,82,9.88,9.44,4,No,10,6,0,No,7.52,4.22,5.4,MEDIUM,4.6,MEDIUM,3.78
CLG0083,86,7.44,7.36,2,No,9,4,1,No,3.86,3.93,3.89,LOW,6.11,HIGH,4.07
CLG0039,108,5.29,4.83,6,No,3,2,4,No,2.05,4.24,3.66,LOW,6.34,HIGH,3.76
CLG0090,85,9.69,9.94,8,Yes,9,8,4,Yes,9.1,8.11,7.64,HIGH,2.36,LOW,0.0
CLG0068,106,7.93,7.65,6,No,5,3,1,No,5.7,2.69,4.47,MEDIUM,5.53,MEDIUM,5.31
CLG0012,79,8.5,8.94,10,No,6,2,5,No,8.32,5.64,6.23,HIGH,3.77,LOW,2.36
CLG0026,112,7.63,7.62,3,No,1,4,5,No,4.5,5.53,5.23,MEDIUM,4.77,MEDIUM,2.47
CLG0071,81,9.17,9.12,9,Yes,6,2,4,No,8.52,4.84,6.03,HIGH,3.97,LOW,3.16
CLG0067,108,5.17,5.45,4,Yes,9,3,0,No,1.77,2.69,2.93,LOW,7.07,HIGH,5.31
CLG0090,109,6.34,6.55,6,No,1,9,0,No,3.94,3.76,4.24,LOW,5.76,HIGH,4.24
CLG0002,89,7.35,7.46,4,No,10,7,1,No,4.55,5.47,4.83,MEDIUM,5.17,MEDIUM,2.53
CLG0012,108,5.38,5.82,4,No,1,1,3,No,2.17,2.6,3.05,LOW,6.95,HIGH,5.4
CLG0059,103,8.53,8.45,2,No,0,10,5,Yes,5.32,8.0,6.39,HIGH,3.61,LOW,0.0
CLG0032,91,6.97,7.28,10,Yes,10,5,4,No,6.19,6.98,6.12,HIGH,3.88,LOW,1.02
CLG0051,84,6.36,6.24,2,No,6,5,2,No,2.39,4.58,3.52,LOW,6.48,HIGH,3.42
CLG0011,70,5.02,5.36,2,No,0,9,5,No,0.95,7.56,3.9,LOW,6.1,HIGH,0.44
CLG0032,105,8.6,8.36,2,No,2,1,2,No,5.29,2.0,4.01,LOW,5.99,HIGH,6.0
CLG0064,76,9.17,8.96,8,Yes,10,1,0,No,8.07,2.0,4.63,MEDIUM,5.37,MEDIUM,6.0
CLG0045,101,6.98,7.16,10,No,7,10,3,No,6.11,7.8,6.59,HIGH,3.41,LOW,0.2
CLG0079,96,7.82,7.53,4,Yes,0,7,3,No,4.88,5.07,4.92,MEDIUM,5.08,MEDIUM,2.93
CLG0054,110,6.14,5.87,4,No,5,7,5,No,2.66,7.67,5.31,MEDIUM,4.69,MEDIUM,0.33
CLG0006,95,8.11,7.92,10,No,1,8,4,No,7.34,6.51,6.46,HIGH,3.54,LOW,1.49
CLG0026,95,5.06,5.24,10,No,8,4,5,No,3.55,6.93,5.12,MEDIUM,4.88,MEDIUM,1.07
CLG0008,110,7.44,7.83,3,No,1,7,4,No,4.54,6.07,5.42,MEDIUM,4.58,MEDIUM,1.93
CLG0008,105,8.22,8.39,5,No,5,6,1,No,6.09,4.02,5.14,MEDIUM,4.86,MEDIUM,3.98
CLG0038,104,9.59,9.92,4,No,3,1,0,No,7.7,0.6,4.4,MEDIUM,5.6,MEDIUM,7.4
CLG0008,107,6.91,6.95,7,Yes,8,2,1,No,4.91,2.84,4.23,LOW,5.77,HIGH,5.16
CLG0017,76,8.83,8.4,10,No,0,8,1,No,8.13,3.91,5.41,MEDIUM,4.59,MEDIUM,4.09
CLG0083,111,7.99,7.59,7,No,0,6,3,No,6.03,4.62,5.46,MEDIUM,4.54,MEDIUM,3.38
CLG0003,109,9.64,9.69,6,Yes,9,7,4,No,8.22,7.67,7.52,HIGH,2.48,LOW,0.33
CLG0041,84,6.99,6.82,7,No,2,8,2,No,4.86,5.11,4.72,MEDIUM,5.28,MEDIUM,2.89
CLG0073,96,6.6,6.32,7,Yes,10,5,1,No,4.26,4.58,4.48,MEDIUM,5.52,MEDIUM,3.42
CLG0053,99,9.44,9.41,8,Yes,5,5,0,No,8.57,2.78,5.53,MEDIUM,4.47,MEDIUM,5.22
CLG0097,97,5.25,5.42,1,Yes,2,2,1,No,0.79,1.64,1.93,LOW,8.07,HIGH,6.36
CLG0096,105,5.68,5.56,3,No,6,4,2,No,1.82,4.13,3.47,LOW,6.53,HIGH,3.87
CLG0096,121,5.41,5.71,3,No,8,2,2,No,1.77,3.64,3.53,LOW,6.47,HIGH,4.36
CLG0070,116,9.22,9.46,5,No,9,7,0,No,7.47,4.47,6.06,HIGH,3.94,LOW,3.53
CLG0062,80,5.05,5.28,10,Yes,1,9,5,No,3.57,7.76,5.2,MEDIUM,4.8,MEDIUM,0.24
CLG0053,109,9.31,9.8,7,Yes,3,2,2,No,8.44,2.64,5.59,MEDIUM,4.41,MEDIUM,5.36
CLG0059,119,7.26,7.06,10,No,2,4,2,No,6.2,3.33,5.15,MEDIUM,4.85,MEDIUM,4.67
CLG0093,105,5.02,5.16,6,Yes,5,8,5,No,2.13,8.11,5.19,MEDIUM,4.81,MEDIUM,0.0
CLG0081,116,7.01,7.37,4,No,4,9,2,Yes,4.28,5.96,5.38,MEDIUM,4.62,MEDIUM,2.04
CLG0083,130,5.93,6.01,6,No,2,4,1,No,3.3,2.53,3.85,LOW,6.15,HIGH,5.47
CLG0095,115,8.12,8.41,7,No,8,8,0,Yes,6.71,4.71,5.83,MEDIUM,4.17,MEDIUM,3.29
CLG0083,103,8.4,8.31,4,No,7,7,1,No,5.8,4.87,5.33,MEDIUM,4.67,MEDIUM,3.13
CLG0023,115,7.44,7.53,8,Yes,2,5,5,No,5.99,6.18,6.13,HIGH,3.87,LOW,1.82
CLG0047,102,5.2,4.76,5,No,9,4,0,No,1.61,3.13,2.94,LOW,7.06,HIGH,4.87
CLG0035,100,8.28,8.77,3,Yes,4,6,2,No,5.73,4.62,5.15,MEDIUM,4.85,MEDIUM,3.38
CLG0014,94,9.21,9.51,2,No,4,6,2,No,6.5,4.62,5.35,MEDIUM,4.65,MEDIUM,3.38
CLG0065,123,8.6,8.97,1,No,4,2,4,Yes,5.41,4.44,5.34,MEDIUM,4.66,MEDIUM,3.56
CLG0097,87,9.15,9.34,4,No,7,3,2,No,7.01,3.89,5.15,MEDIUM,4.85,MEDIUM,4.11
CLG0049,122,6.0,5.69,2,Yes,2,6,0,No,1.78,2.62,3.14,LOW,6.86,HIGH,5.38
CLG0036,107,9.44,8.97,3,No,2,4,3,No,6.58,4.13,5.41,MEDIUM,4.59,MEDIUM,3.87
CLG0001,79,6.61,6.97,1,No,7,3,0,No,2.75,2.29,2.67,LOW,7.33,HIGH,5.71
CLG0084,105,5.07,4.97,6,No,8,4,2,No,2.02,4.53,3.71,LOW,6.29,HIGH,3.47
CLG0022,68,9.22,8.98,4,No,4,6,2,No,6.78,4.62,5.02,MEDIUM,4.98,MEDIUM,3.38
CLG0035,109,9.71,9.77,5,No,9,3,3,No,7.99,5.09,6.39,HIGH,3.61,LOW,2.91
CLG0003,113,8.28,8.2,8,No,7,1,2,Yes,6.98,3.0,5.22,MEDIUM,4.78,MEDIUM,5.0
CLG0012,91,6.16,6.31,4,No,4,6,4,No,2.99,6.22,4.54,MEDIUM,5.46,MEDIUM,1.78
CLG0037,101,6.26,6.24,6,No,3,2,3,No,3.67,3.44,3.87,LOW,6.13,HIGH,4.56
CLG0058,129,7.33,7.53,3,No,1,9,1,No,4.26,4.56,5.03,MEDIUM,4.97,MEDIUM,3.44
CLG0077,92,9.49,9.84,8,No,10,6,5,No,8.91,8.22,7.72,HIGH,2.28,LOW,0.0
CLG0012,84,5.75,5.45,3,Yes,3,1,4,No,1.78,3.8,2.97,LOW,7.03,HIGH,4.2
CLG0002,122,9.13,8.96,7,No,1,4,0,No,7.72,1.53,5.08,MEDIUM,4.92,MEDIUM,6.47
CLG0084,129,6.46,6.4,7,No,6,5,5,No,4.24,6.98,5.99,HIGH,4.01,LOW,1.02
CLG0065,100,9.04,9.5,3,Yes,6,8,5,Yes,6.72,8.31,7.02,HIGH,2.98,LOW,0.0
CLG0058,115,9.6,9.47,3,Yes,8,3,4,Yes,7.04,5.69,6.36,HIGH,3.64,LOW,2.31
CLG0060,120,7.14,7.02,10,No,3,9,4,Yes,6.1,7.36,6.73,HIGH,3.27,LOW,0.64
CLG0041,88,6.83,6.98,10,No,4,9,2,No,5.89,5.96,5.54,MEDIUM,4.46,MEDIUM,2.04
CLG0035,92,9.01,8.93,8,Yes,10,10,1,No,7.96,6.8,6.78,HIGH,3.22,LOW,1.2
CLG0088,118,7.65,8.1,3,No,3,5,3,Yes,4.86,4.78,5.17,MEDIUM,4.83,MEDIUM,3.22
CLG0090,125,8.42,8.81,2,No,3,4,5,Yes,5.51,5.93,6.01,HIGH,3.99,LOW,2.07
CLG0011,108,8.11,8.12,5,Yes,4,7,4,No,5.82,6.67,6.14,HIGH,3.86,LOW,1.33
CLG0052,86,5.76,5.9,7,Yes,2,9,5,No,3.45,7.96,5.33,MEDIUM,4.67,MEDIUM,0.04
CLG0052,129,9.22,8.78,8,No,8,6,2,Yes,7.97,5.42,6.86,HIGH,3.14,LOW,2.58
CLG0062,92,5.98,6.18,1,Yes,6,7,4,No,1.79,7.07,4.42,MEDIUM,5.58,MEDIUM,0.93
CLG0063,94,9.66,9.87,2,Yes,0,1,1,No,7.03,0.8,4.04,LOW,5.96,HIGH,7.2
CLG0015,105,6.25,6.11,7,Yes,0,4,3,No,3.9,3.73,4.15,LOW,5.85,HIGH,4.27
CLG0070,123,8.67,8.39,9,Yes,0,2,2,Yes,7.69,2.04,5.29,MEDIUM,4.71,MEDIUM,5.96
CLG0040,112,6.42,6.84,3,Yes,2,1,4,No,3.2,3.6,3.93,LOW,6.07,HIGH,4.4
CLG0009,106,6.59,6.52,8,Yes,8,7,1,No,4.74,5.07,5.04,MEDIUM,4.96,MEDIUM,2.93
CLG0070,106,6.55,6.7,10,No,7,10,0,No,5.51,5.4,5.48,MEDIUM,4.52,MEDIUM,2.6
CLG0017,100,8.74,8.27,3,No,8,4,0,No,5.64,2.93,4.44,MEDIUM,5.56,MEDIUM,5.07
CLG0023,108,7.78,7.69,4,Yes,4,2,1,No,4.98,2.04,3.95,LOW,6.05,HIGH,5.96
CLG0058,62,9.41,9.73,2,No,6,5,5,No,6.78,6.98,5.86,MEDIUM,4.14,MEDIUM,1.02
CLG0095,95,6.54,6.43,9,Yes,9,7,3,No,4.98,6.87,5.66,MEDIUM,4.34,MEDIUM,1.13
CLG0080,103,8.46,8.56,5,No,8,2,4,No,6.35,5.24,5.7,MEDIUM,4.3,MEDIUM,2.76
CLG0051,82,8.76,8.47,5,Yes,4,7,4,No,6.47,6.67,5.96,HIGH,4.04,LOW,1.33
CLG0057,105,5.76,5.68,4,No,7,3,1,No,2.29,3.09,3.25,LOW,6.75,HIGH,4.91
CLG0086,96,7.0,7.43,5,Yes,7,8,4,No,4.65,7.71,5.88,MEDIUM,4.12,MEDIUM,0.29
CLG0016,126,7.41,7.48,1,No,2,7,3,No,3.6,5.47,5.08,MEDIUM,4.92,MEDIUM,2.53
CLG0045,123,6.78,7.18,10,Yes,4,1,1,No,6.0,1.6,4.44,MEDIUM,5.56,MEDIUM,6.4
CLG0061,93,6.61,7.01,10,Yes,7,9,5,No,5.78,8.96,6.78,HIGH,3.22,LOW,0.0
CLG0012,97,8.43,8.87,6,No,9,6,0,No,6.9,4.02,5.33,MEDIUM,4.67,MEDIUM,3.98
CLG0073,98,6.08,6.48,4,No,2,4,0,No,3.07,1.73,2.89,LOW,7.11,HIGH,6.27
CLG0006,93,8.55,8.05,4,No,2,6,2,No,5.7,4.22,4.86,MEDIUM,5.14,MEDIUM,3.78
CLG0004,102,9.68,10.0,5,No,5,2,5,No,8.14,5.44,6.47,HIGH,3.53,LOW,2.56
CLG0081,88,7.83,7.47,1,Yes,6,2,5,No,3.84,5.64,4.6,MEDIUM,5.4,MEDIUM,2.36
CLG0074,83,8.06,7.6,4,No,6,8,0,No,5.08,4.31,4.47,MEDIUM,5.53,MEDIUM,3.69
CLG0035,109,5.34,4.9,10,No,5,10,4,No,3.47,8.2,5.83,MEDIUM,4.17,MEDIUM,0.0
CLG0047,109,9.32,9.17,3,Yes,6,5,3,No,6.65,5.38,5.97,HIGH,4.03,LOW,2.62
CLG0085,87,6.43,6.55,5,No,6,7,3,No,3.66,6.27,4.76,MEDIUM,5.24,MEDIUM,1.73
CLG0019,113,8.08,7.98,10,No,3,1,2,No,7.37,2.2,5.06,MEDIUM,4.94,MEDIUM,5.8
CLG0027,90,9.9,9.43,5,Yes,7,6,5,No,7.86,7.62,7.03,HIGH,2.97,LOW,0.38
CLG0011,103,7.98,7.96,8,Yes,7,10,4,No,6.63,8.6,7.15,HIGH,2.85,LOW,0.0
CLG0070,112,8.62,8.56,1,Yes,1,7,5,Yes,5.12,6.87,6.01,HIGH,3.99,LOW,1.13
CLG0059,99,7.23,7.49,3,No,9,10,1,No,4.17,6.6,5.3,MEDIUM,4.7,MEDIUM,1.4
CLG0041,106,5.3,5.08,5,No,4,7,2,No,1.91,5.07,3.9,LOW,6.1,HIGH,2.93
CLG0043,92,8.99,8.71,3,No,1,10,4,Yes,6.12,7.4,6.28,HIGH,3.72,LOW,0.6
CLG0028,97,5.17,4.93,6,No,2,3,1,No,2.05,2.09,2.61,LOW,7.39,HIGH,5.91
CLG0063,96,8.5,8.3,10,Yes,2,9,0,No,7.85,3.96,5.66,MEDIUM,4.34,MEDIUM,4.04
CLG0067,88,5.11,5.21,3,Yes,4,9,0,No,1.22,4.36,3.04,LOW,6.96,HIGH,3.64
CLG0045,97,9.31,9.28,6,No,7,5,1,No,7.73,3.98,5.64,MEDIUM,4.36,MEDIUM,4.02
CLG0024,76,5.79,5.63,8,No,2,9,2,No,3.61,5.56,4.27,MEDIUM,5.73,MEDIUM,2.44
CLG0077,92,7.57,7.44,4,Yes,6,7,1,No,4.67,4.67,4.61,MEDIUM,5.39,MEDIUM,3.33
CLG0064,95,7.99,7.86,8,Yes,4,7,5,No,6.56,7.47,6.54,HIGH,3.46,LOW,0.53
CLG0079,96,7.29,7.76,7,Yes,9,9,4,No,5.73,8.56,6.66,HIGH,3.34,LOW,0.0
CLG0073,96,6.7,6.43,4,Yes,9,2,5,No,3.4,6.24,4.8,MEDIUM,5.2,MEDIUM,1.76
CLG0039,99,7.34,7.66,3,Yes,9,10,5,No,4.36,9.8,6.66,HIGH,3.34,LOW,0.0
CLG0099,107,6.56,6.77,5,Yes,3,5,1,No,3.9,3.18,3.96,LOW,6.04,HIGH,4.82
CLG0045,113,7.19,6.7,5,Yes,1,8,4,Yes,4.23,6.51,5.53,MEDIUM,4.47,MEDIUM,1.49
CLG0061,90,6.79,7.28,7,No,5,8,4,No,5.08,7.31,5.79,MEDIUM,4.21,MEDIUM,0.69
CLG0082,81,7.83,8.09,1,No,3,3,0,No,4.3,1.49,3.0,LOW,7.0,HIGH,6.51
CLG0043,84,6.19,6.37,9,No,3,5,4,No,4.72,5.58,4.86,MEDIUM,5.14,MEDIUM,2.42
CLG0067,92,9.94,9.85,2,No,4,4,3,No,7.19,4.53,5.56,MEDIUM,4.44,MEDIUM,3.47
CLG0092,94,7.5,7.56,9,No,8,4,5,No,6.38,6.93,6.23,HIGH,3.77,LOW,1.07
CLG0080,88,5.97,5.72,9,No,0,2,0,No,4.11,0.44,2.62,LOW,7.38,HIGH,7.56
CLG0042,80,7.39,6.93,3,Yes,4,6,5,No,3.85,7.02,5.01,MEDIUM,4.99,MEDIUM,0.98
CLG0041,93,9.33,9.67,7,No,4,1,0,No,8.36,0.8,4.55,MEDIUM,5.45,MEDIUM,7.2
CLG0047,102,5.11,5.51,3,Yes,1,8,1,No,1.44,4.11,3.26,LOW,6.74,HIGH,3.89
CLG0043,108,8.4,8.06,8,Yes,2,10,4,Yes,6.95,7.6,6.97,HIGH,3.03,LOW,0.4
CLG0023,91,7.74,8.03,8,No,3,9,5,Yes,6.53,8.16,6.73,HIGH,3.27,LOW,0.0
CLG0032,93,5.85,6.09,3,Yes,0,5,1,No,2.31,2.58,2.84,LOW,7.16,HIGH,5.42
CLG0074,86,9.09,8.77,5,No,9,6,4,No,6.89,7.22,6.41,HIGH,3.59,LOW,0.78
CLG0057,99,6.84,6.76,7,No,2,1,0,No,4.73,0.4,3.04,LOW,6.96,HIGH,7.6
CLG0038,87,6.47,6.39,1,Yes,0,6,3,No,2.24,4.62,3.53,LOW,6.47,HIGH,3.38
CLG0077,108,9.14,9.4,3,Yes,0,1,5,No,6.71,4.0,5.43,MEDIUM,4.57,MEDIUM,4.0
CLG0015,73,8.19,8.53,1,Yes,8,5,0,No,4.84,3.38,3.84,LOW,6.16,HIGH,4.62
CLG0028,94,9.49,9.08,2,No,3,9,2,Yes,6.35,5.76,5.75,MEDIUM,4.25,MEDIUM,2.24
CLG0013,104,8.15,8.21,7,Yes,3,5,1,No,6.58,3.18,4.98,MEDIUM,5.02,MEDIUM,4.82
CLG0035,102,8.7,8.96,7,No,3,3,3,No,7.46,3.89,5.58,MEDIUM,4.42,MEDIUM,4.11
CLG0002,140,9.18,9.47,3,Yes,10,4,1,No,6.79,4.13,6.06,HIGH,3.94,LOW,3.87
CLG0061,105,5.27,4.92,6,Yes,8,3,4,No,2.11,5.69,4.21,LOW,5.79,HIGH,2.31
CLG0065,84,8.88,8.91,6,No,10,4,1,No,7.2,4.13,5.27,MEDIUM,4.73,MEDIUM,3.87
CLG0041,98,8.07,8.43,2,No,7,10,0,No,5.03,5.4,5.15,MEDIUM,4.85,MEDIUM,2.6
CLG0096,73,5.35,5.17,9,No,3,6,0,No,3.34,2.82,3.01,LOW,6.99,HIGH,5.18
CLG0094,98,7.54,7.47,8,No,5,3,1,No,6.0,2.69,4.45,MEDIUM,5.55,MEDIUM,5.31
CLG0086,87,5.41,5.71,2,No,1,5,4,No,1.44,5.18,3.43,LOW,6.57,HIGH,2.82
CLG0004,113,8.68,8.27,4,No,5,7,4,Yes,5.94,6.87,6.35,HIGH,3.65,LOW,1.13
CLG0053,91,7.73,8.09,9,No,0,1,3,No,6.91,2.4,4.58,MEDIUM,5.42,MEDIUM,5.6
CLG0088,98,9.77,9.58,4,No,4,3,0,No,7.55,1.69,4.67,MEDIUM,5.33,MEDIUM,6.31
CLG0014,90,5.92,5.42,7,No,7,6,1,No,3.2,4.42,3.89,LOW,6.11,HIGH,3.58
CLG0017,126,8.03,7.76,5,No,0,10,3,Yes,5.51,6.4,6.22,HIGH,3.78,LOW,1.6
CLG0014,95,6.06,5.65,10,Yes,10,2,2,No,4.45,4.04,4.32,MEDIUM,5.68,MEDIUM,3.96
CLG0041,127,8.07,7.66,6,No,1,8,3,Yes,5.79,5.71,6.07,HIGH,3.93,LOW,2.29
CLG0062,112,8.61,8.8,1,Yes,2,7,5,Yes,5.29,7.07,6.16,HIGH,3.84,LOW,0.93
CLG0052,107,8.61,8.32,4,Yes,6,2,2,No,5.94,3.24,4.8,MEDIUM,5.2,MEDIUM,4.76
CLG0027,105,9.08,9.51,5,No,7,5,2,No,7.42,4.78,5.97,HIGH,4.03,LOW,3.22
CLG0085,105,9.27,9.29,6,Yes,3,4,3,No,7.71,4.33,5.91,MEDIUM,4.09,MEDIUM,3.67
CLG0040,71,5.39,5.35,6,No,7,2,0,No,2.49,1.84,2.24,LOW,7.76,HIGH,6.16
CLG0035,95,6.72,6.65,5,Yes,0,4,3,No,3.91,3.73,3.98,LOW,6.02,HIGH,4.27
CLG0090,112,8.44,8.63,3,No,2,9,3,Yes,5.73,6.36,6.05,HIGH,3.95,LOW,1.64
CLG0095,99,7.49,7.44,2,No,3,10,5,No,3.95,8.6,6.01,HIGH,3.99,LOW,0.0
CLG0059,78,5.95,5.58,7,No,4,2,0,No,3.33,1.24,2.46,LOW,7.54,HIGH,6.76
CLG0097,99,7.76,8.14,1,No,10,10,0,No,4.29,6.0,5.11,MEDIUM,4.89,MEDIUM,2.0
CLG0049,125,7.04,6.97,5,Yes,8,10,5,Yes,4.34,9.6,7.01,HIGH,2.99,LOW,0.0
CLG0063,118,6.95,6.52,4,No,1,6,0,No,3.62,2.42,3.73,LOW,6.27,HIGH,5.58
CLG0011,99,9.05,9.08,7,Yes,6,4,0,No,7.76,2.53,5.11,MEDIUM,4.89,MEDIUM,5.47
CLG0080,114,7.04,7.19,2,Yes,2,8,5,Yes,3.5,7.51,5.65,MEDIUM,4.35,MEDIUM,0.49
CLG0006,94,5.13,4.91,8,No,9,4,0,No,2.68,3.13,3.23,LOW,6.77,HIGH,4.87
CLG0098,74,5.29,5.59,9,No,1,9,5,No,3.61,7.76,5.11,MEDIUM,4.89,MEDIUM,0.24
CLG0041,86,9.28,9.45,10,Yes,8,10,0,No,9.17,5.6,6.68,HIGH,3.32,LOW,2.4
CLG0032,123,9.8,9.95,1,No,2,3,3,Yes,6.84,3.69,5.61,MEDIUM,4.39,MEDIUM,4.31
CLG0021,95,8.44,8.36,5,No,7,7,5,No,6.2,8.07,6.63,HIGH,3.37,LOW,0.0
CLG0093,96,6.82,7.28,4,No,0,5,1,No,4.1,2.58,3.61,LOW,6.39,HIGH,5.42
CLG0075,95,9.69,9.46,5,Yes,4,1,1,No,7.75,1.6,4.66,MEDIUM,5.34,MEDIUM,6.4
CLG0057,128,8.31,8.39,9,No,4,3,1,No,7.47,2.49,5.47,MEDIUM,4.53,MEDIUM,5.51
CLG0005,124,9.22,9.03,3,No,5,9,3,Yes,6.49,6.96,6.8,HIGH,3.2,LOW,1.04
CLG0091,133,8.83,9.07,1,Yes,6,9,0,Yes,5.62,4.76,5.72,MEDIUM,4.28,MEDIUM,3.24
CLG0028,97,6.9,6.45,3,Yes,2,5,2,No,3.21,3.78,3.75,LOW,6.25,HIGH,4.22
CLG0095,104,7.39,6.94,4,No,4,5,0,No,4.19,2.58,3.78,LOW,6.22,HIGH,5.42
CLG0075,77,5.93,6.24,2,No,7,4,4,No,2.14,5.93,3.84,LOW,6.16,HIGH,2.07
CLG0077,122,6.46,6.39,1,No,5,4,0,No,2.23,2.33,3.21,LOW,6.79,HIGH,5.67
CLG0070,82,8.89,8.73,1,No,1,4,5,No,5.4,5.53,5.07,MEDIUM,4.93,MEDIUM,2.47
CLG0027,103,9.47,9.58,8,No,6,2,5,No,8.71,5.64,6.8,HIGH,3.2,LOW,2.36
CLG0094,83,8.62,8.82,4,No,2,7,1,No,6.31,3.87,4.79,MEDIUM,5.21,MEDIUM,4.13
CLG0053,91,7.33,7.03,2,No,9,3,0,No,3.56,2.69,3.35,LOW,6.65,HIGH,5.31
CLG0048,87,5.43,5.12,10,Yes,8,1,0,No,3.68,1.6,2.9,LOW,7.1,HIGH,6.4
CLG0083,90,5.28,5.74,3,Yes,3,10,5,No,1.71,8.6,4.96,MEDIUM,5.04,MEDIUM,0.0
CLG0078,91,6.87,6.96,8,No,10,3,4,No,5.23,6.09,5.38,MEDIUM,4.62,MEDIUM,1.91
CLG0058,91,7.32,7.21,6,No,3,9,2,No,5.01,5.76,5.16,MEDIUM,4.84,MEDIUM,2.24
CLG0009,112,8.05,8.35,8,No,3,9,2,Yes,6.95,5.76,6.3,HIGH,3.7,LOW,2.24
CLG0055,83,5.03,5.06,10,No,9,10,1,No,3.4,6.6,4.72,MEDIUM,5.28,MEDIUM,1.4
CLG0045,103,9.95,9.69,5,Yes,9,7,5,No,8.08,8.47,7.68,HIGH,2.32,LOW,0.0
CLG0028,118,6.82,6.53,3,Yes,7,1,2,No,3.22,3.0,3.8,LOW,6.2,HIGH,5.0
CLG0028,92,9.24,9.14,6,No,0,6,1,No,7.58,3.02,5.11,MEDIUM,4.89,MEDIUM,4.98
CLG0046,89,7.67,8.03,10,Yes,2,10,3,Yes,7.16,6.8,6.4,HIGH,3.6,LOW,1.2
CLG0025,96,5.65,5.21,8,No,7,1,4,No,3.21,4.6,4.06,LOW,5.94,HIGH,3.4
CLG0026,117,8.99,8.71,5,No,6,2,0,No,6.78,1.64,4.67,MEDIUM,5.33,MEDIUM,6.36
CLG0062,102,8.55,8.94,5,Yes,5,3,4,No,6.69,5.09,5.75,MEDIUM,4.25,MEDIUM,2.91
CLG0068,92,7.64,7.26,3,Yes,6,6,2,No,4.24,5.02,4.58,MEDIUM,5.42,MEDIUM,2.98
CLG0067,107,7.57,7.7,3,No,0,7,5,No,4.52,6.67,5.6,MEDIUM,4.4,MEDIUM,1.33
CLG0034,83,5.44,5.15,8,Yes,7,8,0,No,3.04,4.51,3.74,LOW,6.26,HIGH,3.49
CLG0021,110,8.28,8.39,1,No,3,9,4,Yes,4.79,7.36,6.04,HIGH,3.96,LOW,0.64
CLG0081,106,9.56,9.44,4,No,0,7,4,No,7.33,5.87,6.39,HIGH,3.61,LOW,2.13
CLG0034,95,5.47,5.07,9,Yes,3,6,5,No,3.34,6.82,4.99,MEDIUM,5.01,MEDIUM,1.18
CLG0044,87,6.32,6.4,6,No,1,5,5,No,3.82,5.98,4.71,MEDIUM,5.29,MEDIUM,2.02
CLG0076,86,9.51,9.69,6,No,4,10,1,No,8.15,5.6,6.27,HIGH,3.73,LOW,2.4
CLG0089,108,6.42,6.6,10,No,0,2,5,No,5.36,4.44,5.07,MEDIUM,4.93,MEDIUM,3.56
CLG0021,118,8.27,8.41,7,No,0,8,5,Yes,6.8,7.11,6.88,HIGH,3.12,LOW,0.89
CLG0018,90,7.67,7.67,7,Yes,4,5,5,No,5.9,6.58,5.83,MEDIUM,4.17,MEDIUM,1.42
CLG0036,106,7.98,8.0,6,No,1,10,3,No,5.99,6.6,6.15,HIGH,3.85,LOW,1.4
CLG0070,68,7.08,7.22,9,Yes,8,2,4,No,5.88,5.24,4.91,MEDIUM,5.09,MEDIUM,2.76
CLG0084,91,6.5,6.69,8,No,9,3,5,No,4.81,6.69,5.45,MEDIUM,4.55,MEDIUM,1.31
CLG0053,99,5.24,5.39,8,Yes,6,10,0,No,3.1,5.2,4.31,MEDIUM,5.69,MEDIUM,2.8
CLG0020,86,8.72,8.81,2,Yes,3,10,3,Yes,5.69,7.0,5.85,MEDIUM,4.15,MEDIUM,1.0
CLG0096,85,8.73,8.39,7,No,6,7,3,No,7.06,6.27,6.08,HIGH,3.92,LOW,1.73
CLG0095,89,8.35,8.06,1,Yes,7,10,5,Yes,4.59,9.4,6.42,HIGH,3.58,LOW,0.0
CLG0084,104,8.22,7.98,10,No,7,8,0,No,7.45,4.51,5.86,MEDIUM,4.14,MEDIUM,3.49
CLG0094,97,6.22,6.64,8,No,7,5,3,No,4.6,5.58,5.03,MEDIUM,4.97,MEDIUM,2.42
CLG0003,66,5.11,5.37,3,No,4,10,2,No,1.34,6.4,3.52,LOW,6.48,HIGH,1.6
CLG0084,68,9.04,9.09,9,No,6,8,3,Yes,8.42,6.71,6.51,HIGH,3.49,LOW,1.29
CLG0008,90,7.46,7.21,5,Yes,10,10,1,No,4.77,6.8,5.47,MEDIUM,4.53,MEDIUM,1.2
CLG0085,106,6.53,6.14,7,No,6,10,3,No,4.09,7.6,5.79,MEDIUM,4.21,MEDIUM,0.4
CLG0048,58,5.51,5.91,7,No,1,6,4,No,3.31,5.62,3.86,LOW,6.14,HIGH,2.38
CLG0023,92,5.31,5.7,9,Yes,2,2,5,No,3.7,4.84,4.29,MEDIUM,5.71,MEDIUM,3.16
CLG0001,92,6.74,6.35,2,Yes,10,2,3,No,2.7,4.84,3.89,LOW,6.11,HIGH,3.16
CLG0002,120,9.02,9.32,4,No,1,8,1,Yes,6.91,4.11,5.76,MEDIUM,4.24,MEDIUM,3.89
CLG0074,94,9.59,9.54,8,Yes,2,4,1,No,8.75,2.53,5.42,MEDIUM,4.58,MEDIUM,5.47
CLG0037,105,9.48,9.3,5,No,8,8,5,Yes,7.51,8.71,7.58,HIGH,2.42,LOW,0.0
CLG0094,102,9.6,9.84,5,Yes,6,9,3,Yes,7.98,7.16,7.1,HIGH,2.9,LOW,0.84
CLG0051,68,9.54,9.65,3,No,3,6,2,No,7.13,4.42,5.08,MEDIUM,4.92,MEDIUM,3.58
CLG0044,111,7.64,7.92,5,Yes,7,9,3,Yes,5.39,7.36,6.3,HIGH,3.7,LOW,0.64
CLG0024,103,6.1,5.67,7,No,6,6,0,No,3.49,3.42,3.82,LOW,6.18,HIGH,4.58
CLG0032,107,8.99,8.81,4,Yes,9,3,1,No,6.52,3.49,5.13,MEDIUM,4.87,MEDIUM,4.51
CLG0056,158,6.07,5.89,8,No,5,8,3,Yes,3.96,6.51,6.19,HIGH,3.81,LOW,1.49
CLG0050,68,6.34,6.17,6,Yes,3,1,2,No,3.66,2.2,2.81,LOW,7.19,HIGH,5.8
CLG0064,125,6.17,6.17,6,No,4,6,2,No,3.56,4.62,4.71,MEDIUM,5.29,MEDIUM,3.38
CLG0030,95,7.57,7.35,6,Yes,9,3,2,No,5.27,4.29,4.75,MEDIUM,5.25,MEDIUM,3.71
CLG0038,104,6.61,6.55,4,No,7,10,4,No,3.44,8.6,5.89,MEDIUM,4.11,MEDIUM,0.0
CLG0078,99,5.77,5.64,3,No,2,10,4,No,1.93,7.6,4.8,MEDIUM,5.2,MEDIUM,0.4
CLG0055,93,7.27,7.51,10,Yes,10,3,4,No,6.54,6.09,5.94,HIGH,4.06,LOW,1.91
CLG0003,91,9.37,9.47,6,Yes,2,9,5,Yes,7.9,7.96,7.2,HIGH,2.8,LOW,0.04
CLG0025,104,7.85,8.0,6,No,4,7,0,No,5.91,3.47,4.83,MEDIUM,5.17,MEDIUM,4.53
CLG0045,77,9.39,9.1,2,Yes,8,2,0,No,6.31,2.04,3.96,LOW,6.04,HIGH,5.96
CLG0062,111,5.98,5.81,10,No,4,6,5,No,4.52,7.02,5.81,MEDIUM,4.19,MEDIUM,0.98
CLG0007,93,5.83,5.35,9,No,0,4,3,No,3.76,3.73,3.88,LOW,6.12,HIGH,4.27
CLG0081,83,7.88,7.49,4,Yes,4,10,4,No,4.89,8.0,5.87,MEDIUM,4.13,MEDIUM,0.0
CLG0027,93,7.32,7.09,4,No,8,7,4,No,4.26,7.47,5.58,MEDIUM,4.42,MEDIUM,0.53
CLG0023,118,8.3,7.87,10,Yes,6,4,0,No,7.42,2.53,5.3,MEDIUM,4.7,MEDIUM,5.47
CLG0032,91,8.97,9.07,8,No,8,7,2,No,8.03,5.87,6.41,HIGH,3.59,LOW,2.13
CLG0002,105,8.76,9.26,3,No,9,6,2,No,6.38,5.62,5.89,MEDIUM,4.11,MEDIUM,2.38
CLG0075,89,9.71,9.31,10,Yes,9,8,5,Yes,9.32,8.91,8.11,HIGH,1.89,LOW,0.0
CLG0034,111,6.99,7.31,7,Yes,4,7,5,No,5.22,7.47,6.27,HIGH,3.73,LOW,0.53
CLG0052,110,6.03,5.65,7,No,2,9,5,No,3.43,7.96,5.74,MEDIUM,4.26,MEDIUM,0.04
CLG0061,127,7.75,7.92,2,No,1,4,1,No,4.46,2.33,4.19,LOW,5.81,HIGH,5.67
CLG0034,97,5.55,5.69,3,Yes,8,9,5,No,1.84,9.16,5.36,MEDIUM,4.64,MEDIUM,0.0
CLG0007,110,6.44,6.84,4,Yes,4,5,3,No,3.55,4.98,4.59,MEDIUM,5.41,MEDIUM,3.02
CLG0010,101,6.04,5.65,2,Yes,10,9,3,No,1.77,7.96,4.92,MEDIUM,5.08,MEDIUM,0.04
CLG0089,119,6.98,6.8,9,No,0,4,4,No,5.51,4.53,5.35,MEDIUM,4.65,MEDIUM,3.47
CLG0002,89,5.56,5.15,10,Yes,1,3,0,No,3.78,1.09,2.77,LOW,7.23,HIGH,6.91
CLG0030,111,5.16,5.07,6,No,1,7,3,No,2.15,5.27,4.16,LOW,5.84,HIGH,2.73
CLG0081,97,8.28,8.69,1,Yes,3,4,2,No,5.01,3.53,4.37,MEDIUM,5.63,MEDIUM,4.47
CLG0029,99,8.05,8.33,1,No,5,5,0,No,4.61,2.78,3.95,LOW,6.05,HIGH,5.22
CLG0082,101,8.54,8.76,8,Yes,7,3,4,No,7.55,5.49,6.24,HIGH,3.76,LOW,2.51
CLG0060,103,8.3,8.33,6,Yes,2,6,5,No,6.42,6.62,6.28,HIGH,3.72,LOW,1.38
CLG0099,98,5.57,5.95,10,No,9,4,4,No,4.37,6.33,5.25,MEDIUM,4.75,MEDIUM,1.67
CLG0017,103,6.46,6.41,7,Yes,9,1,3,No,4.25,4.2,4.44,MEDIUM,5.56,MEDIUM,3.8
CLG0056,123,5.65,5.3,6,Yes,5,2,3,No,2.61,3.84,3.98,LOW,6.02,HIGH,4.16
CLG0086,114,9.21,9.55,2,No,3,8,5,Yes,6.53,7.71,6.94,HIGH,3.06,LOW,0.29
CLG0051,113,8.73,8.51,3,Yes,7,4,1,No,5.81,3.53,4.97,MEDIUM,5.03,MEDIUM,4.47
CLG0025,93,6.01,5.56,8,Yes,8,10,5,No,3.69,9.6,6.2,HIGH,3.8,LOW,0.0
CLG0084,86,6.71,6.34,4,Yes,8,2,5,No,3.34,6.04,4.52,MEDIUM,5.48,MEDIUM,1.96
CLG0016,114,9.83,9.94,8,No,5,4,3,Yes,9.19,4.73,6.82,HIGH,3.18,LOW,3.27
CLG0025,113,7.97,8.08,3,Yes,1,7,3,Yes,5.04,5.27,5.35,MEDIUM,4.65,MEDIUM,2.73
CLG0015,122,9.01,8.77,2,Yes,1,2,2,Yes,5.84,2.24,4.62,MEDIUM,5.38,MEDIUM,5.76
CLG0079,90,6.32,6.55,7,Yes,9,6,2,No,4.26,5.62,4.79,MEDIUM,5.21,MEDIUM,2.38
CLG0057,96,6.05,6.32,1,No,8,1,0,No,1.93,1.6,2.35,LOW,7.65,HIGH,6.4
CLG0015,75,8.92,9.34,3,No,4,3,3,No,6.54,4.09,4.83,MEDIUM,5.17,MEDIUM,3.91
CLG0056,94,8.43,8.51,2,No,6,9,3,Yes,5.3,7.16,5.89,MEDIUM,4.11,MEDIUM,0.84
CLG0082,114,8.4,8.68,5,No,5,5,4,Yes,6.41,5.98,6.2,HIGH,3.8,LOW,2.02
CLG0037,93,7.76,8.01,2,No,8,8,2,Yes,4.53,6.31,5.22,MEDIUM,4.78,MEDIUM,1.69
CLG0065,109,7.82,7.58,10,No,4,1,4,No,6.92,4.0,5.53,MEDIUM,4.47,MEDIUM,4.0
CLG0033,97,8.68,8.49,5,No,7,4,3,No,6.44,5.13,5.59,MEDIUM,4.41,MEDIUM,2.87
CLG0003,104,6.35,6.33,3,Yes,3,3,2,No,2.79,3.09,3.43,LOW,6.57,HIGH,4.91
CLG0049,82,6.76,6.28,9,Yes,6,10,3,No,5.0,7.6,5.74,MEDIUM,4.26,MEDIUM,0.4
CLG0022,101,9.36,9.16,10,No,8,9,1,No,9.0,5.96,7.01,HIGH,2.99,LOW,2.04
CLG0054,55,6.54,6.51,9,Yes,1,7,5,No,5.03,6.87,5.0,MEDIUM,5.0,MEDIUM,1.13
CLG0021,97,7.73,7.34,8,No,8,3,4,No,6.02,5.69,5.64,MEDIUM,4.36,MEDIUM,2.31
CLG0027,75,8.51,8.14,5,No,7,1,2,No,6.08,3.0,4.21,LOW,5.79,HIGH,5.0
CLG0004,118,10.0,9.96,10,Yes,9,5,2,Yes,9.97,5.18,7.38,HIGH,2.62,LOW,2.82
CLG0099,111,7.18,7.41,7,No,0,10,3,Yes,5.41,6.4,5.92,MEDIUM,4.08,MEDIUM,1.6
CLG0001,107,7.14,7.47,2,No,9,3,3,No,3.76,5.09,4.67,MEDIUM,5.33,MEDIUM,2.91
CLG0004,122,9.21,9.26,3,Yes,6,2,0,No,6.65,1.64,4.7,MEDIUM,5.3,MEDIUM,6.36
CLG0055,85,9.03,9.0,2,No,4,3,0,No,6.02,1.69,3.84,LOW,6.16,HIGH,6.31
CLG0024,126,8.66,8.54,10,No,4,5,4,Yes,8.13,5.78,7.02,HIGH,2.98,LOW,2.22
CLG0029,113,7.32,7.01,1,No,6,5,2,No,3.2,4.58,4.34,MEDIUM,5.66,MEDIUM,3.42
CLG0022,96,6.62,6.27,3,No,10,10,3,No,2.91,8.4,5.46,MEDIUM,4.54,MEDIUM,0.0
CLG0023,117,8.04,8.33,4,No,9,8,4,Yes,5.6,8.11,6.78,HIGH,3.22,LOW,0.0
CLG0085,83,9.38,9.35,9,No,3,4,2,No,8.82,3.53,5.66,MEDIUM,4.34,MEDIUM,4.47
CLG0078,87,9.42,9.71,2,No,0,2,3,No,6.77,2.84,4.63,MEDIUM,5.37,MEDIUM,5.16
CLG0008,90,5.54,5.74,9,Yes,5,8,0,No,3.87,4.11,4.03,LOW,5.97,HIGH,3.89
CLG0058,92,7.14,6.83,1,Yes,0,8,2,No,2.96,4.71,3.94,LOW,6.06,HIGH,3.29
CLG0080,84,7.32,7.33,9,No,10,10,3,No,6.1,8.4,6.54,HIGH,3.46,LOW,0.0
CLG0099,118,9.89,9.83,6,No,0,8,4,Yes,8.48,6.31,7.23,HIGH,2.77,LOW,1.69
CLG0088,96,8.39,8.31,8,No,7,1,4,No,7.13,4.6,5.63,MEDIUM,4.37,MEDIUM,3.4
CLG0059,105,7.04,7.08,3,No,3,9,1,No,3.75,4.96,4.58,MEDIUM,5.42,MEDIUM,3.04
CLG0090,91,5.13,5.61,8,No,4,4,2,No,3.2,3.73,3.63,LOW,6.37,HIGH,4.27
CLG0007,72,7.83,8.14,9,Yes,9,4,4,No,7.0,6.33,5.86,MEDIUM,4.14,MEDIUM,1.67
CLG0025,104,5.48,5.88,7,No,9,8,2,No,3.27,6.51,4.99,MEDIUM,5.01,MEDIUM,1.49
CLG0045,71,9.17,8.7,4,No,0,8,4,Yes,6.55,6.31,5.66,MEDIUM,4.34,MEDIUM,1.69
CLG0090,98,8.76,8.4,6,Yes,9,6,2,No,6.75,5.62,5.92,MEDIUM,4.08,MEDIUM,2.38
CLG0026,79,7.3,6.88,6,Yes,6,4,2,No,4.76,4.13,4.21,LOW,5.79,HIGH,3.87
CLG0030,129,7.15,6.91,2,No,10,3,2,No,3.36,4.49,4.64,MEDIUM,5.36,MEDIUM,3.51
CLG0066,113,9.49,9.43,2,Yes,1,5,1,No,6.61,2.78,4.99,MEDIUM,5.01,MEDIUM,5.22
CLG0053,101,6.44,6.58,5,No,5,8,0,No,3.69,4.11,4.15,LOW,5.85,HIGH,3.89
CLG0073,118,6.25,6.25,1,No,8,7,5,No,2.0,8.27,5.42,MEDIUM,4.58,MEDIUM,0.0
CLG0039,87,9.7,10.0,5,Yes,1,8,2,Yes,8.15,4.91,6.01,HIGH,3.99,LOW,3.09
CLG0011,108,9.05,9.49,10,Yes,5,1,0,No,9.06,1.0,5.17,MEDIUM,4.83,MEDIUM,7.0
CLG0079,102,9.1,8.76,3,No,4,4,5,No,6.22,6.13,5.98,HIGH,4.02,LOW,1.87
CLG0012,103,5.98,6.33,3,Yes,1,9,0,No,2.57,3.76,3.59,LOW,6.41,HIGH,4.24
CLG0099,119,5.72,5.7,8,Yes,8,6,0,No,3.62,3.82,4.31,MEDIUM,5.69,MEDIUM,4.18
CLG0050,110,5.13,5.08,3,Yes,1,10,4,No,1.14,7.4,4.6,MEDIUM,5.4,MEDIUM,0.6
CLG0056,104,6.19,6.47,3,Yes,0,8,3,No,2.79,5.51,4.4,MEDIUM,5.6,MEDIUM,2.49
CLG0040,75,8.87,8.46,1,No,8,8,5,Yes,5.19,8.71,6.14,HIGH,3.86,LOW,0.0
CLG0016,85,6.2,6.58,8,No,8,5,0,No,4.55,3.38,3.92,LOW,6.08,HIGH,4.62
CLG0049,98,8.65,8.82,10,Yes,8,8,2,Yes,8.33,6.31,6.83,HIGH,3.17,LOW,1.69
CLG0032,101,6.26,6.64,10,No,7,4,3,No,5.29,5.13,5.19,MEDIUM,4.81,MEDIUM,2.87
CLG0082,83,6.98,7.47,6,Yes,3,6,4,No,5.0,6.02,5.13,MEDIUM,4.87,MEDIUM,1.98
CLG0045,136,9.92,9.94,8,No,8,7,1,No,9.24,5.07,7.35,HIGH,2.65,LOW,2.93
CLG0085,122,6.22,5.81,3,No,1,6,0,No,2.33,2.42,3.28,LOW,6.72,HIGH,5.58
CLG0080,109,6.88,6.55,6,Yes,0,6,0,No,4.27,2.22,3.76,LOW,6.24,HIGH,5.78
CLG0071,101,6.51,6.33,2,Yes,9,8,4,No,2.55,8.11,5.29,MEDIUM,4.71,MEDIUM,0.0
CLG0005,96,5.55,5.15,3,No,6,5,2,No,1.44,4.58,3.35,LOW,6.65,HIGH,3.42
CLG0044,85,7.45,7.77,4,No,5,8,5,No,4.84,8.11,5.93,HIGH,4.07,MEDIUM,0.0
CLG0041,101,6.89,6.69,9,No,2,9,5,No,5.38,7.96,6.36,HIGH,3.64,LOW,0.04
CLG0097,103,8.47,8.95,4,No,1,4,5,No,6.31,5.53,5.8,MEDIUM,4.2,MEDIUM,2.47
CLG0095,81,9.09,9.29,7,No,7,3,2,No,7.93,3.89,5.41,MEDIUM,4.59,MEDIUM,4.11
CLG0085,105,7.72,7.39,8,Yes,3,5,3,No,6.05,4.78,5.43,MEDIUM,4.57,MEDIUM,3.22
CLG0067,97,5.16,5.14,5,No,5,10,3,No,1.87,7.4,4.67,MEDIUM,5.33,MEDIUM,0.6
CLG0074,71,8.09,8.06,2,No,3,10,2,Yes,4.77,6.2,4.9,MEDIUM,5.1,MEDIUM,1.8
CLG0075,87,5.28,5.27,8,No,10,5,1,No,3.04,4.58,3.83,LOW,6.17,HIGH,3.42
CLG0022,93,8.08,8.12,5,Yes,8,7,2,No,5.8,5.87,5.56,MEDIUM,4.44,MEDIUM,2.13
CLG0017,128,8.43,7.96,5,No,4,3,1,No,5.9,2.49,4.84,MEDIUM,5.16,MEDIUM,5.51
CLG0089,108,5.99,6.18,7,No,5,10,4,No,3.8,8.2,5.95,HIGH,4.05,LOW,0.0
CLG0092,79,9.1,9.09,6,No,8,9,5,Yes,7.46,9.16,7.3,HIGH,2.7,LOW,0.0
CLG0050,107,9.56,9.85,3,No,5,6,1,No,7.29,4.02,5.65,MEDIUM,4.35,MEDIUM,3.98
CLG0084,76,9.07,9.39,7,No,1,10,5,Yes,8.0,8.2,7.08,HIGH,2.92,LOW,0.0
CLG0094,116,6.53,6.26,1,No,10,9,4,Yes,2.18,8.76,5.66,MEDIUM,4.34,MEDIUM,0.0
CLG0031,92,7.93,7.48,4,Yes,0,1,5,No,4.91,4.0,4.44,MEDIUM,5.56,MEDIUM,4.0
CLG0013,98,9.57,9.77,4,No,8,2,5,No,7.57,6.04,6.42,HIGH,3.58,LOW,1.96
CLG0074,119,6.6,7.08,6,No,1,10,0,No,4.49,4.2,4.81,MEDIUM,5.19,MEDIUM,3.8
CLG0051,80,9.1,9.05,6,No,1,2,2,No,7.43,2.24,4.53,MEDIUM,5.47,MEDIUM,5.76
CLG0033,79,5.05,4.81,10,Yes,3,8,3,No,3.23,6.11,4.39,MEDIUM,5.61,MEDIUM,1.89
CLG0020,91,5.02,4.68,8,Yes,9,4,0,No,2.45,3.13,3.09,LOW,6.91,HIGH,4.87
CLG0048,115,8.8,8.59,1,No,9,7,3,Yes,5.25,6.87,6.11,HIGH,3.89,LOW,1.13
CLG0078,77,8.81,8.64,7,No,2,4,1,No,7.29,2.53,4.54,MEDIUM,5.46,MEDIUM,5.47
CLG0072,57,8.94,8.86,4,No,6,4,2,No,6.53,4.13,4.54,MEDIUM,5.46,MEDIUM,3.87
CLG0072,93,9.65,9.81,6,No,6,8,2,Yes,8.32,5.91,6.58,HIGH,3.42,LOW,2.09
CLG0092,108,5.59,5.36,10,Yes,2,10,2,No,3.95,6.0,5.13,MEDIUM,4.87,MEDIUM,2.0
CLG0074,118,6.16,5.71,9,No,2,4,0,No,4.22,1.73,3.7,LOW,6.3,HIGH,6.27
CLG0014,93,9.52,9.39,3,No,8,3,4,No,6.93,5.69,5.94,HIGH,4.06,LOW,2.31
CLG0062,93,5.89,6.25,8,No,6,10,1,No,4.12,6.0,4.94,MEDIUM,5.06,MEDIUM,2.0
CLG0051,117,8.41,8.41,3,Yes,2,9,0,Yes,5.55,3.96,5.1,MEDIUM,4.9,MEDIUM,4.04
CLG0078,71,7.65,8.11,6,No,2,3,0,No,5.87,1.29,3.38,LOW,6.62,HIGH,6.71
CLG0070,94,5.42,5.42,2,Yes,2,5,4,No,1.23,5.38,3.55,LOW,6.45,HIGH,2.62
CLG0098,102,6.43,6.21,9,Yes,8,1,3,No,4.75,4.0,4.54,MEDIUM,5.46,MEDIUM,4.0
CLG0081,106,7.6,7.29,2,No,7,9,3,No,3.91,7.36,5.62,MEDIUM,4.38,MEDIUM,0.64
CLG0021,92,9.26,9.45,5,No,6,6,2,No,7.49,5.02,5.88,MEDIUM,4.12,MEDIUM,2.98
CLG0092,100,8.54,8.58,6,No,7,5,0,No,6.75,3.18,4.98,MEDIUM,5.02,MEDIUM,4.82
CLG0038,62,8.11,8.21,4,No,0,4,4,No,5.55,4.53,4.39,MEDIUM,5.61,MEDIUM,3.47
CLG0015,90,7.48,7.74,7,No,8,8,4,No,5.83,7.91,6.33,HIGH,3.67,LOW,0.09
CLG0036,106,6.49,6.72,7,Yes,4,2,3,No,4.49,3.64,4.36,MEDIUM,5.64,MEDIUM,4.36
CLG0100,85,5.6,5.14,7,No,4,10,4,No,2.8,8.0,5.07,MEDIUM,4.93,MEDIUM,0.0
CLG0009,100,7.05,7.35,7,Yes,4,5,3,No,5.29,4.98,5.12,MEDIUM,4.88,MEDIUM,3.02
CLG0099,106,5.14,5.17,10,Yes,8,8,3,No,3.55,7.11,5.38,MEDIUM,4.62,MEDIUM,0.89
CLG0059,94,6.06,5.95,10,Yes,4,1,5,No,4.67,4.8,4.69,MEDIUM,5.31,MEDIUM,3.2
CLG0082,102,7.16,7.2,9,No,1,3,0,No,5.91,1.09,3.84,LOW,6.16,HIGH,6.91
CLG0054,85,7.09,7.2,2,Yes,5,7,5,No,3.54,7.67,5.24,MEDIUM,4.76,MEDIUM,0.33
CLG0017,96,5.22,4.87,5,Yes,6,10,1,No,1.71,6.0,4.02,LOW,5.98,HIGH,2.0
CLG0082,109,7.95,7.87,10,No,10,5,5,No,7.21,7.78,7.16,HIGH,2.84,LOW,0.22
CLG0004,102,7.75,7.59,9,Yes,6,10,2,No,6.55,6.8,6.38,HIGH,3.62,LOW,1.2
CLG0084,91,5.39,5.24,2,Yes,6,9,1,No,1.08,5.56,3.51,LOW,6.49,HIGH,2.44
CLG0013,103,9.72,9.31,3,Yes,10,1,4,No,6.99,5.2,5.94,HIGH,4.06,LOW,2.8
CLG0075,110,5.5,5.16,7,No,1,7,5,No,2.75,6.87,5.03,MEDIUM,4.97,MEDIUM,1.13
CLG0043,69,9.27,8.93,9,No,5,10,1,No,8.44,5.8,6.17,HIGH,3.83,LOW,2.2
CLG0097,117,5.0,4.87,3,Yes,8,6,1,No,0.91,4.62,3.51,LOW,6.49,HIGH,3.38
CLG0092,94,9.41,9.8,10,No,0,10,3,Yes,9.5,6.4,7.27,HIGH,2.73,LOW,1.6
CLG0008,106,5.1,4.81,8,No,2,4,0,No,2.59,1.73,2.84,LOW,7.16,HIGH,6.27
CLG0020,117,8.79,8.71,8,Yes,5,10,4,Yes,7.66,8.2,7.64,HIGH,2.36,LOW,0.0
CLG0082,79,6.81,6.62,4,No,6,10,2,No,3.61,6.8,4.81,MEDIUM,5.19,MEDIUM,1.2
CLG0071,89,8.69,8.98,6,No,1,6,3,No,7.13,4.82,5.6,MEDIUM,4.4,MEDIUM,3.18
CLG0061,95,7.01,6.56,8,Yes,9,10,2,No,5.02,7.4,5.89,MEDIUM,4.11,MEDIUM,0.6
CLG0044,88,5.35,5.05,9,Yes,7,9,0,No,3.25,4.96,4.09,LOW,5.91,HIGH,3.04
CLG0097,126,8.84,8.55,2,No,10,9,1,Yes,5.58,6.36,6.23,HIGH,3.77,LOW,1.64
CLG0051,87,5.36,5.85,1,Yes,5,2,5,No,1.18,5.44,3.43,LOW,6.57,HIGH,2.56
CLG0058,91,9.61,9.68,5,Yes,8,9,1,No,7.86,5.96,6.38,HIGH,3.62,LOW,2.04
CLG0075,103,5.25,4.89,10,No,8,2,0,No,3.41,2.04,3.24,LOW,6.76,HIGH,5.96
CLG0030,81,7.4,7.17,3,Yes,8,6,4,No,4.03,7.02,5.1,MEDIUM,4.9,MEDIUM,0.98
CLG0099,94,8.62,8.29,6,No,8,7,3,No,6.59,6.67,6.21,HIGH,3.79,LOW,1.33
CLG0084,104,6.97,6.59,1,Yes,1,9,1,No,2.68,4.56,3.97,LOW,6.03,HIGH,3.44
CLG0010,95,6.09,6.39,4,Yes,9,6,5,No,3.01,8.02,5.34,MEDIUM,4.66,MEDIUM,0.0
CLG0094,98,8.8,8.8,6,No,9,8,0,No,7.07,4.91,5.77,MEDIUM,4.23,MEDIUM,3.09
CLG0018,92,8.92,9.05,2,No,6,10,3,Yes,5.99,7.6,6.31,HIGH,3.69,LOW,0.4
CLG0025,77,9.61,9.44,8,No,4,3,3,No,8.69,4.09,5.73,MEDIUM,4.27,MEDIUM,3.91
CLG0096,104,6.88,6.93,4,No,8,10,0,No,3.88,5.6,4.87,MEDIUM,5.13,MEDIUM,2.4
CLG0034,126,7.53,7.29,2,No,0,6,1,No,3.87,3.02,4.21,LOW,5.79,HIGH,4.98
CLG0044,100,6.82,6.63,1,No,9,2,4,No,2.62,5.44,4.23,LOW,5.77,HIGH,2.56
CLG0039,103,6.29,6.44,8,No,6,1,1,No,4.5,2.0,3.66,LOW,6.34,HIGH,6.0
CLG0095,110,8.76,8.41,10,Yes,9,6,1,No,8.09,4.82,6.34,HIGH,3.66,LOW,3.18
CLG0092,80,6.7,6.82,1,No,4,3,1,No,2.69,2.49,2.74,LOW,7.26,HIGH,5.51
CLG0090,125,7.14,7.49,7,No,10,5,5,No,5.45,7.78,6.73,HIGH,3.27,LOW,0.22
CLG0068,103,7.02,6.64,7,Yes,8,6,1,No,4.75,4.62,4.81,MEDIUM,5.19,MEDIUM,3.38
CLG0043,124,8.56,8.96,6,Yes,6,10,5,Yes,7.04,9.2,7.91,HIGH,2.09,LOW,0.0
CLG0020,89,9.59,9.17,8,No,3,6,5,No,8.48,6.82,6.94,HIGH,3.06,LOW,1.18
CLG0072,127,8.33,8.18,10,No,10,10,2,Yes,7.66,7.6,7.57,HIGH,2.43,LOW,0.4
CLG0002,111,7.36,7.47,1,Yes,7,7,0,No,3.56,4.07,4.25,LOW,5.75,HIGH,3.93
CLG0027,108,8.9,8.96,1,No,8,7,4,No,5.58,7.47,6.37,HIGH,3.63,LOW,0.53
CLG0034,103,8.2,7.8,1,No,8,6,5,No,4.31,7.82,5.91,MEDIUM,4.09,MEDIUM,0.18
CLG0055,96,5.3,5.6,6,Yes,9,1,4,No,2.62,5.0,3.99,LOW,6.01,HIGH,3.0
CLG0036,118,5.48,5.95,7,Yes,3,8,2,Yes,3.32,5.31,4.77,MEDIUM,5.23,MEDIUM,2.69
CLG0085,102,5.19,4.87,10,No,5,10,4,No,3.36,8.2,5.67,MEDIUM,4.33,MEDIUM,0.0
CLG0072,70,7.28,7.68,9,Yes,3,4,2,No,6.34,3.53,4.44,MEDIUM,5.56,MEDIUM,4.47
CLG0087,83,9.13,9.19,10,Yes,0,1,2,No,8.88,1.6,4.91,MEDIUM,5.09,MEDIUM,6.4
CLG0072,97,6.57,7.01,5,Yes,5,10,5,No,4.08,9.0,6.19,HIGH,3.81,LOW,0.0
CLG0069,104,6.92,6.6,1,No,7,2,4,No,2.66,5.04,4.16,LOW,5.84,HIGH,2.96
CLG0065,99,9.55,9.84,9,Yes,5,3,4,No,9.28,5.09,6.74,HIGH,3.26,LOW,2.91
CLG0085,118,9.18,8.74,5,Yes,2,6,1,No,6.92,3.42,5.45,MEDIUM,4.55,MEDIUM,4.58
CLG0044,70,8.33,8.71,6,Yes,7,2,5,No,6.72,5.84,5.52,MEDIUM,4.48,MEDIUM,2.16
CLG0043,102,6.33,6.5,9,Yes,9,2,2,No,4.9,3.84,4.54,MEDIUM,5.46,MEDIUM,4.16
CLG0074,72,5.59,5.46,2,Yes,8,6,3,No,1.36,6.22,3.56,LOW,6.44,HIGH,1.78
CLG0066,111,5.08,4.77,3,Yes,0,4,0,No,0.88,1.33,2.08,LOW,7.92,HIGH,6.67
CLG0021,98,5.54,5.86,7,Yes,10,5,1,No,3.29,4.58,4.12,LOW,5.88,HIGH,3.42
CLG0061,106,6.46,6.56,3,Yes,10,8,5,No,3.02,9.11,5.96,HIGH,4.04,LOW,0.0
CLG0013,87,7.76,7.62,2,Yes,5,3,2,No,4.25,3.49,3.88,LOW,6.12,HIGH,4.51
CLG0028,119,5.32,5.26,7,No,9,5,5,No,2.72,7.58,5.45,MEDIUM,4.55,MEDIUM,0.42
CLG0030,115,5.68,6.01,8,No,7,1,1,No,3.82,2.2,3.67,LOW,6.33,HIGH,5.8
CLG0082,108,5.91,5.75,9,No,1,10,1,No,4.1,5.0,4.79,MEDIUM,5.21,MEDIUM,3.0
CLG0002,98,8.16,7.75,2,No,3,4,5,No,4.58,5.93,5.18,MEDIUM,4.82,MEDIUM,2.07
CLG0058,108,8.08,8.49,2,No,0,5,5,No,5.08,5.78,5.49,MEDIUM,4.51,MEDIUM,2.22
CLG0083,89,7.75,7.64,7,Yes,3,4,0,No,5.92,1.93,3.96,LOW,6.04,HIGH,6.07
CLG0021,112,6.25,6.1,4,No,1,9,4,Yes,2.89,6.96,5.15,MEDIUM,4.85,MEDIUM,1.04
CLG0090,124,6.86,6.56,5,No,2,8,4,Yes,3.93,6.71,5.67,MEDIUM,4.33,MEDIUM,1.29
CLG0046,116,5.48,5.88,1,Yes,3,2,5,No,1.27,5.04,3.81,LOW,6.19,HIGH,2.96
CLG0089,89,6.13,5.85,6,No,2,9,0,No,3.3,3.96,3.72,LOW,6.28,HIGH,4.04
CLG0083,105,9.49,9.63,10,No,5,2,5,No,9.42,5.44,7.04,HIGH,2.96,LOW,2.56
CLG0025,80,9.9,10.0,8,No,6,6,1,No,9.27,4.22,6.06,HIGH,3.94,LOW,3.78
CLG0057,108,8.24,7.77,1,No,10,2,2,No,4.31,4.04,4.49,MEDIUM,5.51,MEDIUM,3.96
CLG0020,106,9.58,9.91,2,Yes,6,6,4,No,7.02,6.62,6.57,HIGH,3.43,LOW,1.38
CLG0006,71,8.21,8.12,7,Yes,0,6,3,No,6.55,4.62,4.98,MEDIUM,5.02,MEDIUM,3.38
CLG0018,82,5.17,5.33,2,Yes,4,7,5,No,1.01,7.47,4.09,LOW,5.91,HIGH,0.53
CLG0049,95,9.98,9.85,9,Yes,2,10,5,Yes,9.54,8.4,8.1,HIGH,1.9,LOW,0.0
CLG0082,95,5.49,5.69,6,No,0,5,2,No,2.8,3.38,3.4,LOW,6.6,HIGH,4.62
CLG0020,81,8.41,8.16,5,Yes,0,3,1,No,6.03,1.69,3.77,LOW,6.23,HIGH,6.31
CLG0034,105,6.26,5.78,7,No,1,2,3,No,3.66,3.04,3.77,LOW,6.23,HIGH,4.96
CLG0010,103,6.96,7.41,10,Yes,9,4,2,No,6.28,4.73,5.46,MEDIUM,4.54,MEDIUM,3.27
CLG0033,97,8.23,7.75,8,Yes,7,1,0,No,6.62,1.4,4.17,LOW,5.83,HIGH,6.6
CLG0055,88,7.18,7.5,9,No,3,2,3,No,6.14,3.44,4.64,MEDIUM,5.36,MEDIUM,4.56
CLG0019,115,6.25,5.92,6,No,9,8,5,Yes,3.43,8.91,6.2,HIGH,3.8,LOW,0.0
CLG0066,124,6.67,6.56,5,No,2,5,1,No,3.82,2.98,4.14,LOW,5.86,HIGH,5.02
CLG0047,92,6.71,7.03,7,No,7,5,5,No,4.85,7.18,5.68,MEDIUM,4.32,MEDIUM,0.82
CLG0049,90,9.8,9.51,2,Yes,1,3,3,No,6.85,3.49,4.97,MEDIUM,5.03,MEDIUM,4.51
CLG0067,107,8.99,9.36,8,No,8,1,0,No,8.26,1.6,5.07,MEDIUM,4.93,MEDIUM,6.4
CLG0030,94,7.29,7.29,4,No,3,6,4,No,4.39,6.02,5.07,MEDIUM,4.93,MEDIUM,1.98
CLG0083,97,6.0,5.87,1,Yes,10,1,4,No,1.57,5.2,3.67,LOW,6.33,HIGH,2.8
CLG0085,111,9.06,9.22,3,Yes,8,4,5,Yes,6.53,6.93,6.58,HIGH,3.42,LOW,1.07
CLG0059,71,5.79,5.63,9,No,0,4,4,No,3.94,4.53,3.9,LOW,6.1,HIGH,3.47
CLG0078,119,6.05,5.9,4,Yes,4,3,0,No,2.63,1.69,3.06,LOW,6.94,HIGH,6.31
CLG0031,101,6.83,7.06,10,No,9,4,5,No,5.94,7.13,6.25,HIGH,3.75,LOW,0.87
CLG0021,93,9.4,9.21,10,No,6,6,2,No,9.06,5.02,6.52,HIGH,3.48,LOW,2.98
CLG0017,98,5.66,5.36,3,Yes,10,6,0,No,1.66,4.22,3.33,LOW,6.67,HIGH,3.78
CLG0053,99,5.61,5.92,4,Yes,3,6,3,No,2.38,5.22,4.03,LOW,5.97,HIGH,2.78
CLG0051,74,7.47,7.78,3,No,4,6,2,No,4.52,4.62,4.22,LOW,5.78,HIGH,3.38
CLG0024,122,6.38,6.38,3,No,10,4,4,No,2.84,6.53,5.13,MEDIUM,4.87,MEDIUM,1.47
CLG0040,100,7.84,7.87,2,Yes,8,7,5,No,4.48,8.27,6.11,HIGH,3.89,LOW,0.0
CLG0098,106,7.26,7.46,6,No,5,7,0,No,5.16,3.67,4.64,MEDIUM,5.36,MEDIUM,4.33
CLG0047,114,7.17,7.18,10,No,5,2,1,No,6.24,2.24,4.64,MEDIUM,5.36,MEDIUM,5.76
CLG0020,84,5.56,5.48,6,Yes,1,6,4,No,2.69,5.62,4.06,LOW,5.94,HIGH,2.38
CLG0016,107,5.71,6.2,10,No,0,5,1,No,4.64,2.58,4.02,LOW,5.98,HIGH,5.42
CLG0058,95,9.11,8.76,4,No,3,10,5,Yes,6.56,8.6,6.99,HIGH,3.01,LOW,0.0
CLG0049,112,9.43,9.52,8,Yes,9,1,2,Yes,8.64,3.4,6.03,HIGH,3.97,LOW,4.6
CLG0042,68,6.17,6.56,6,No,2,3,4,No,3.85,4.49,3.8,LOW,6.2,HIGH,3.51
CLG0012,98,5.57,5.76,8,No,10,9,5,No,3.57,9.56,6.23,HIGH,3.77,LOW,0.0
CLG0041,90,5.27,5.65,6,Yes,6,9,0,No,2.64,4.76,3.8,LOW,6.2,HIGH,3.24
CLG0058,106,8.04,7.88,9,Yes,6,10,1,No,6.94,6.0,6.29,HIGH,3.71,LOW,2.0
CLG0060,107,8.58,8.35,3,No,5,9,0,No,5.61,4.56,5.2,MEDIUM,4.8,MEDIUM,3.44
CLG0024,89,6.86,7.21,3,Yes,4,10,4,No,3.74,8.0,5.52,MEDIUM,4.48,MEDIUM,0.0
CLG0013,89,8.4,8.29,2,No,2,5,0,No,5.12,2.18,3.74,LOW,6.26,HIGH,5.82
CLG0034,98,8.56,8.77,10,No,3,6,4,No,8.23,6.02,6.67,HIGH,3.33,LOW,1.98
CLG0061,86,9.68,9.33,6,No,4,9,3,Yes,7.98,6.76,6.67,HIGH,3.33,LOW,1.24
CLG0027,112,5.32,5.58,7,No,3,4,0,No,2.95,1.93,3.17,LOW,6.83,HIGH,6.07
CLG0085,94,5.96,6.01,7,Yes,2,4,3,No,3.65,4.13,4.02,LOW,5.98,HIGH,3.87
CLG0067,56,5.34,5.11,5,No,1,9,1,No,1.95,4.56,2.86,LOW,7.14,HIGH,3.44
CLG0014,94,9.34,9.33,6,No,4,7,5,No,7.78,7.47,7.01,HIGH,2.99,LOW,0.53
CLG0041,84,8.96,9.16,7,No,1,6,0,No,7.76,2.42,4.81,MEDIUM,5.19,MEDIUM,5.58
CLG0057,75,7.87,7.38,2,No,1,10,0,No,4.14,4.2,3.92,LOW,6.08,HIGH,3.8
CLG0030,81,5.42,5.56,10,No,1,6,1,No,4.0,3.22,3.57,LOW,6.43,HIGH,4.78
CLG0045,101,6.37,6.41,7,Yes,1,5,0,No,4.19,1.98,3.49,LOW,6.51,HIGH,6.02
CLG0074,119,6.49,6.21,1,No,7,4,4,No,2.12,5.93,4.55,MEDIUM,5.45,MEDIUM,2.07
CLG0001,104,7.8,8.05,6,Yes,6,3,3,No,5.92,4.49,5.24,MEDIUM,4.76,MEDIUM,3.51
CLG0092,90,6.29,6.09,8,Yes,8,7,2,No,4.24,5.87,4.88,MEDIUM,5.12,MEDIUM,2.13
CLG0083,106,5.36,5.14,1,Yes,2,5,4,No,0.66,5.38,3.53,LOW,6.47,HIGH,2.62
CLG0094,93,8.65,8.62,1,Yes,0,2,2,No,5.18,2.04,3.78,LOW,6.22,HIGH,5.96
CLG0084,89,6.5,6.68,6,No,5,3,1,No,4.13,2.69,3.55,LOW,6.45,HIGH,5.31
CLG0052,82,7.26,7.69,5,Yes,8,5,1,No,5.0,4.18,4.37,MEDIUM,5.63,MEDIUM,3.82
CLG0020,73,5.64,5.28,3,No,0,9,0,No,1.59,3.56,2.61,LOW,7.39,HIGH,4.44
CLG0023,94,9.01,8.91,10,No,0,6,4,No,8.61,5.42,6.52,HIGH,3.48,LOW,2.58
CLG0095,102,7.83,7.4,10,No,3,2,5,No,6.79,5.04,5.77,MEDIUM,4.23,MEDIUM,2.96
CLG0096,98,9.51,9.77,7,No,9,8,2,Yes,8.54,6.51,6.99,HIGH,3.01,LOW,1.49
CLG0090,93,7.48,7.43,7,No,0,6,3,No,5.61,4.62,4.98,MEDIUM,5.02,MEDIUM,3.38
CLG0078,85,9.71,9.92,7,No,8,6,5,No,8.77,7.82,7.39,HIGH,2.61,LOW,0.18
CLG0006,109,9.46,9.28,6,No,5,8,4,Yes,7.82,7.31,7.21,HIGH,2.79,LOW,0.69
CLG0033,80,7.88,8.22,4,Yes,4,7,5,No,5.42,7.47,5.82,MEDIUM,4.18,MEDIUM,0.53
CLG0008,111,9.67,9.7,9,No,10,5,1,No,9.25,4.58,6.73,HIGH,3.27,LOW,3.42
CLG0063,84,6.62,7.06,9,No,4,9,4,No,5.48,7.56,5.95,HIGH,4.05,LOW,0.44
CLG0004,88,6.83,6.41,7,No,10,1,3,No,4.47,4.4,4.35,MEDIUM,5.65,MEDIUM,3.6
CLG0013,77,5.23,5.24,7,Yes,10,4,4,No,2.65,6.53,4.29,MEDIUM,5.71,MEDIUM,1.47
CLG0035,92,7.95,8.22,8,No,10,10,0,No,6.8,6.0,5.99,HIGH,4.01,LOW,2.0
CLG0093,114,8.61,8.71,5,Yes,1,9,5,Yes,6.55,7.76,6.97,HIGH,3.03,LOW,0.24
CLG0089,107,8.87,8.39,9,No,2,2,3,No,7.81,3.24,5.55,MEDIUM,4.45,MEDIUM,4.76
CLG0034,114,5.75,6.22,6,No,6,3,2,No,3.35,3.69,4.06,LOW,5.94,HIGH,4.31
CLG0056,107,7.22,7.02,7,Yes,3,3,1,No,5.15,2.29,4.1,LOW,5.9,HIGH,5.71
CLG0011,83,5.88,5.63,7,No,5,6,4,No,3.33,6.42,4.62,MEDIUM,5.38,MEDIUM,1.58
CLG0038,95,8.31,8.3,9,Yes,7,3,3,No,7.41,4.69,5.76,MEDIUM,4.24,MEDIUM,3.31
CLG0093,88,5.79,5.83,7,No,0,3,0,No,3.42,0.89,2.53,LOW,7.47,HIGH,7.11
CLG0045,119,9.52,9.79,3,No,10,5,0,No,7.22,3.78,5.73,MEDIUM,4.27,MEDIUM,4.22
CLG0086,82,6.15,6.04,6,Yes,5,3,2,No,3.46,3.49,3.48,LOW,6.52,HIGH,4.51
CLG0058,113,6.46,6.4,6,No,0,5,1,No,3.91,2.58,3.83,LOW,6.17,HIGH,5.42
CLG0034,113,9.25,9.28,7,Yes,7,3,0,No,8.02,2.29,5.35,MEDIUM,4.65,MEDIUM,5.71
CLG0075,127,7.29,7.18,6,Yes,3,2,1,No,4.97,1.84,4.19,LOW,5.81,HIGH,6.16
CLG0092,93,5.12,5.53,4,No,4,8,3,No,1.8,6.31,4.13,LOW,5.87,HIGH,1.69
CLG0072,110,7.47,7.82,6,Yes,9,3,4,No,5.55,5.89,5.76,MEDIUM,4.24,MEDIUM,2.11
CLG0024,134,5.42,5.37,3,No,1,6,2,No,1.53,4.02,3.81,LOW,6.19,HIGH,3.98
CLG0074,90,9.93,9.43,1,No,2,2,0,No,6.54,0.84,3.79,LOW,6.21,HIGH,7.16
CLG0079,76,7.94,8.34,1,Yes,6,1,4,No,4.55,4.4,4.18,LOW,5.82,HIGH,3.6
CLG0063,71,6.28,5.9,5,No,6,8,0,No,3.1,4.31,3.48,LOW,6.52,HIGH,3.69
CLG0039,110,7.82,7.56,8,No,10,3,2,No,6.24,4.49,5.47,MEDIUM,4.53,MEDIUM,3.51
CLG0021,71,5.38,5.03,3,No,7,2,0,No,1.25,1.84,1.75,LOW,8.25,HIGH,6.16
CLG0100,94,9.0,8.68,2,No,2,2,2,No,5.77,2.44,4.19,LOW,5.81,HIGH,5.56
CLG0036,106,9.63,9.93,8,No,1,5,4,No,9.06,5.18,6.81,HIGH,3.19,LOW,2.82
CLG0048,102,9.37,9.45,9,No,1,6,3,No,8.89,4.82,6.53,HIGH,3.47,LOW,3.18
CLG0084,106,6.71,7.17,9,No,5,2,2,No,5.62,3.04,4.58,MEDIUM,5.42,MEDIUM,4.96
CLG0013,103,6.63,6.36,2,No,1,6,3,No,2.64,4.82,4.04,LOW,5.96,HIGH,3.18
CLG0002,119,5.18,5.17,8,No,10,1,1,No,2.9,2.8,3.61,LOW,6.39,HIGH,5.2
CLG0027,85,8.26,8.74,2,No,3,9,4,Yes,5.37,7.36,5.84,MEDIUM,4.16,MEDIUM,0.64
CLG0007,89,7.67,8.0,7,No,8,4,2,No,6.14,4.53,5.09,MEDIUM,4.91,MEDIUM,3.47
CLG0090,88,7.3,7.53,8,No,9,5,4,No,5.9,6.78,5.88,MEDIUM,4.12,MEDIUM,1.22
CLG0094,112,9.54,9.23,1,No,2,3,5,Yes,6.16,5.29,5.79,MEDIUM,4.21,MEDIUM,2.71
CLG0019,113,5.84,6.11,8,Yes,0,6,3,No,3.99,4.62,4.67,MEDIUM,5.33,MEDIUM,3.38
CLG0040,106,5.05,4.9,3,Yes,1,1,3,No,0.96,2.6,2.54,LOW,7.46,HIGH,5.4
CLG0021,117,5.37,5.4,1,No,9,7,4,No,0.85,7.67,4.71,MEDIUM,5.29,MEDIUM,0.33
CLG0058,82,6.12,6.23,7,No,9,8,4,No,3.91,8.11,5.51,MEDIUM,4.49,MEDIUM,0.0
CLG0026,125,5.17,5.28,10,No,6,3,5,No,3.64,6.09,5.33,MEDIUM,4.67,MEDIUM,1.91
CLG0074,122,7.51,7.74,3,No,8,2,3,No,4.52,4.44,4.97,MEDIUM,5.03,MEDIUM,3.56
CLG0036,111,6.57,6.73,8,Yes,8,4,5,No,4.88,6.93,5.92,MEDIUM,4.08,MEDIUM,1.07
CLG0044,126,5.9,5.47,9,Yes,3,8,5,Yes,3.89,7.71,6.09,HIGH,3.91,LOW,0.29
CLG0064,75,8.75,8.71,2,No,7,8,4,Yes,5.64,7.71,5.92,MEDIUM,4.08,MEDIUM,0.29
CLG0027,92,6.02,6.18,1,Yes,0,8,5,No,1.81,7.11,4.44,MEDIUM,5.56,MEDIUM,0.89
CLG0008,88,8.44,8.24,8,No,10,2,3,No,7.11,4.84,5.58,MEDIUM,4.42,MEDIUM,3.16
CLG0090,110,6.75,6.56,10,Yes,10,4,1,No,5.53,4.13,5.04,MEDIUM,4.96,MEDIUM,3.87
CLG0001,84,7.56,7.18,6,No,5,10,3,No,5.14,7.4,5.75,MEDIUM,4.25,MEDIUM,0.6
CLG0023,111,9.67,9.59,10,Yes,7,1,5,Yes,9.5,5.4,7.16,HIGH,2.84,LOW,2.6
CLG0073,120,5.19,5.68,1,Yes,1,7,0,No,0.95,2.87,2.88,LOW,7.12,HIGH,5.13
CLG0031,110,7.5,7.29,3,Yes,7,10,3,No,4.18,7.8,5.97,HIGH,4.03,LOW,0.2
CLG0007,104,9.27,9.3,9,No,3,6,1,No,8.72,3.62,6.01,HIGH,3.99,LOW,4.38
CLG0009,85,7.94,8.18,9,No,1,7,3,No,7.1,5.27,5.7,MEDIUM,4.3,MEDIUM,2.73
CLG0071,87,6.38,5.89,6,Yes,3,10,4,No,3.48,7.8,5.3,MEDIUM,4.7,MEDIUM,0.2
CLG0092,118,6.99,7.39,3,Yes,7,5,5,No,3.95,7.18,5.77,MEDIUM,4.23,MEDIUM,0.82
CLG0098,111,8.4,8.29,8,No,3,6,1,No,7.12,3.62,5.49,MEDIUM,4.51,MEDIUM,4.38
CLG0053,99,9.45,9.82,6,No,7,6,2,No,8.2,5.22,6.36,HIGH,3.64,LOW,2.78
CLG0016,93,5.21,4.75,1,Yes,6,6,3,No,0.28,5.82,3.33,LOW,6.67,HIGH,2.18
CLG0074,69,5.36,5.01,6,No,4,9,4,No,2.23,7.56,4.39,MEDIUM,5.61,MEDIUM,0.44
CLG0024,83,6.63,6.45,5,Yes,7,4,2,No,3.71,4.33,3.93,LOW,6.07,HIGH,3.67
CLG0074,128,6.16,6.01,8,No,1,2,2,No,4.11,2.24,4.03,LOW,5.97,HIGH,5.76
CLG0046,80,6.32,6.67,2,Yes,2,9,2,No,2.69,5.56,3.97,LOW,6.03,HIGH,2.44
CLG0029,102,6.11,5.62,7,No,3,10,0,No,3.46,4.6,4.27,MEDIUM,5.73,MEDIUM,3.4
CLG0089,115,5.98,6.12,6,No,9,7,5,No,3.41,8.47,6.02,HIGH,3.98,LOW,0.0
CLG0030,81,5.65,5.28,1,No,4,5,4,No,0.93,5.78,3.37,LOW,6.63,HIGH,2.22
CLG0051,102,9.67,9.99,8,No,4,6,0,No,9.13,3.02,5.9,MEDIUM,4.1,MEDIUM,4.98
CLG0083,114,5.72,6.0,6,Yes,0,7,4,No,3.17,5.87,4.86,MEDIUM,5.14,MEDIUM,2.13
CLG0031,100,6.02,6.02,3,Yes,0,5,4,No,2.36,4.98,3.94,LOW,6.06,HIGH,3.02
CLG0030,143,6.23,5.94,5,Yes,10,5,5,No,3.1,7.78,6.1,HIGH,3.9,LOW,0.22
CLG0034,74,9.67,9.8,7,No,0,6,1,No,8.66,3.02,5.24,MEDIUM,4.76,MEDIUM,4.98
CLG0092,115,8.78,8.44,9,No,4,8,2,Yes,7.79,5.51,6.58,HIGH,3.42,LOW,2.49
CLG0019,97,8.95,8.64,4,Yes,1,2,3,No,6.37,3.04,4.72,MEDIUM,5.28,MEDIUM,4.96
CLG0075,111,5.52,5.65,2,No,2,10,1,No,1.46,5.2,3.86,LOW,6.14,HIGH,2.8
CLG0028,106,9.18,9.67,3,Yes,7,9,3,Yes,6.93,7.36,6.83,HIGH,3.17,LOW,0.64
CLG0006,89,7.04,7.43,7,Yes,9,10,5,No,5.34,9.8,6.88,HIGH,3.12,LOW,0.0
CLG0017,103,6.31,6.4,8,Yes,7,5,2,No,4.48,4.78,4.76,MEDIUM,5.24,MEDIUM,3.22
CLG0091,72,7.88,7.92,5,Yes,9,4,4,No,5.54,6.33,5.28,MEDIUM,4.72,MEDIUM,1.67
CLG0036,109,9.11,9.61,3,Yes,1,8,5,Yes,6.85,7.31,6.83,HIGH,3.17,LOW,0.69
CLG0001,104,8.89,8.94,1,No,7,4,1,No,5.56,3.53,4.71,MEDIUM,5.29,MEDIUM,4.47
CLG0016,109,9.45,9.37,10,No,10,2,0,No,9.21,2.44,5.82,MEDIUM,4.18,MEDIUM,5.56
CLG0068,115,9.64,10.0,1,No,8,5,4,Yes,6.78,6.58,6.61,HIGH,3.39,LOW,1.42
CLG0047,105,6.19,5.92,2,No,9,5,5,No,2.06,7.58,4.95,MEDIUM,5.05,MEDIUM,0.42
CLG0023,102,7.12,6.72,5,No,9,4,0,No,4.2,3.13,3.97,LOW,6.03,HIGH,4.87
CLG0096,86,5.07,5.2,3,Yes,5,3,4,No,1.19,5.09,3.28,LOW,6.72,HIGH,2.91
CLG0067,89,9.4,9.0,7,No,0,5,4,No,7.91,4.98,5.98,HIGH,4.02,LOW,3.02
CLG0062,117,5.77,5.64,2,No,10,9,2,Yes,1.6,7.16,4.8,MEDIUM,5.2,MEDIUM,0.84
CLG0085,121,9.31,9.23,2,No,10,9,1,Yes,6.36,6.36,6.46,HIGH,3.54,LOW,1.64
CLG0088,96,6.65,6.7,3,No,2,9,5,No,3.24,7.96,5.42,MEDIUM,4.58,MEDIUM,0.04
CLG0015,100,6.84,7.33,1,No,4,6,5,No,3.15,7.02,5.08,MEDIUM,4.92,MEDIUM,0.98
CLG0075,86,5.2,4.92,2,No,2,8,5,No,0.73,7.51,4.07,LOW,5.93,HIGH,0.49
CLG0067,117,6.63,6.51,5,Yes,2,1,3,No,3.75,2.8,3.92,LOW,6.08,HIGH,5.2
CLG0083,109,9.44,9.07,3,No,8,1,2,No,6.65,3.2,5.1,MEDIUM,4.9,MEDIUM,4.8
CLG0043,129,5.13,5.24,10,Yes,4,7,3,No,3.59,5.87,5.29,MEDIUM,4.71,MEDIUM,2.13
CLG0008,86,7.03,7.26,6,Yes,7,5,4,No,4.88,6.38,5.27,MEDIUM,4.73,MEDIUM,1.62
CLG0098,94,5.16,5.14,2,No,6,2,0,No,0.87,1.64,1.91,LOW,8.09,HIGH,6.36
CLG0098,103,6.85,6.6,8,No,3,4,3,No,4.95,4.33,4.77,MEDIUM,5.23,MEDIUM,3.67
CLG0044,109,5.86,5.98,4,No,2,4,0,No,2.57,1.73,2.88,LOW,7.12,HIGH,6.27
CLG0026,96,6.26,6.3,3,No,2,6,3,No,2.71,5.02,4.03,LOW,5.97,HIGH,2.98
CLG0067,86,9.39,9.06,5,Yes,10,8,0,No,7.28,5.11,5.73,MEDIUM,4.27,MEDIUM,2.89
CLG0032,113,7.18,7.09,8,No,1,3,2,No,5.51,2.69,4.51,MEDIUM,5.49,MEDIUM,5.31
CLG0064,110,6.37,6.31,9,Yes,4,7,3,No,4.79,5.87,5.44,MEDIUM,4.56,MEDIUM,2.13
CLG0043,86,7.95,8.43,1,No,1,2,2,No,4.62,2.24,3.51,LOW,6.49,HIGH,5.76
CLG0074,120,5.71,6.06,4,No,1,9,2,Yes,2.54,5.36,4.51,MEDIUM,5.49,MEDIUM,2.64
CLG0074,117,6.3,6.53,6,No,3,7,0,No,3.9,3.27,4.17,LOW,5.83,HIGH,4.73
CLG0062,102,7.73,8.12,6,No,5,1,3,No,5.93,3.4,4.77,MEDIUM,5.23,MEDIUM,4.6
CLG0011,101,6.19,6.43,9,Yes,5,4,3,No,4.77,4.73,4.83,MEDIUM,5.17,MEDIUM,3.27
CLG0078,108,8.4,8.8,1,No,7,2,1,No,5.16,2.64,4.27,MEDIUM,5.73,MEDIUM,5.36
CLG0095,87,7.46,7.01,5,No,10,10,0,No,4.62,6.0,5.03,MEDIUM,4.97,MEDIUM,2.0
CLG0009,100,8.86,8.82,10,Yes,5,5,3,No,8.45,5.18,6.46,HIGH,3.54,LOW,2.82
CLG0048,67,9.74,9.99,1,No,5,9,4,Yes,6.84,7.76,6.28,HIGH,3.72,LOW,0.24
CLG0006,113,5.58,5.66,6,No,3,3,1,No,2.84,2.29,3.28,LOW,6.72,HIGH,5.71
CLG0054,76,6.67,6.35,9,Yes,4,5,3,No,4.99,4.98,4.59,MEDIUM,5.41,MEDIUM,3.02
CLG0062,122,6.6,6.44,4,No,10,10,0,No,3.35,6.0,5.12,MEDIUM,4.88,MEDIUM,2.0
CLG0054,95,5.76,5.58,10,No,6,2,5,No,4.22,5.64,4.87,MEDIUM,5.13,MEDIUM,2.36
CLG0099,96,9.05,8.81,10,Yes,9,4,4,No,8.56,6.33,6.9,HIGH,3.1,LOW,1.67
CLG0098,90,8.8,8.64,9,No,10,2,3,No,7.95,4.84,5.95,HIGH,4.05,LOW,3.16
CLG0056,95,7.42,7.43,3,No,8,8,2,No,4.24,6.31,5.14,MEDIUM,4.86,MEDIUM,1.69
CLG0082,121,7.69,8.04,7,No,3,7,2,Yes,6.18,4.87,5.79,MEDIUM,4.21,MEDIUM,3.13
CLG0087,62,5.3,5.54,5,No,9,7,4,No,2.25,7.67,4.33,MEDIUM,5.67,MEDIUM,0.33
CLG0030,119,7.78,8.12,10,No,0,7,4,Yes,7.29,5.87,6.6,HIGH,3.4,LOW,2.13
CLG0003,105,8.96,9.34,1,No,5,9,4,Yes,5.89,7.76,6.55,HIGH,3.45,LOW,0.24
CLG0061,81,7.87,7.79,7,Yes,1,2,4,No,6.1,3.84,4.66,MEDIUM,5.34,MEDIUM,4.16
CLG0015,83,6.33,6.18,8,No,10,6,0,No,4.33,4.22,4.14,LOW,5.86,HIGH,3.78
CLG0003,125,8.34,7.9,6,Yes,6,4,2,No,6.13,4.13,5.54,MEDIUM,4.46,MEDIUM,3.87
CLG0015,85,6.81,7.24,1,No,5,10,3,No,3.06,7.4,4.94,MEDIUM,5.06,MEDIUM,0.6
CLG0067,82,7.72,7.29,9,No,8,6,3,No,6.31,6.22,5.71,MEDIUM,4.29,MEDIUM,1.78
CLG0029,117,7.44,7.68,7,Yes,5,9,2,Yes,5.76,6.16,6.07,HIGH,3.93,LOW,1.84
CLG0031,105,6.91,6.79,6,No,5,1,3,No,4.46,3.4,4.24,LOW,5.76,HIGH,4.6
CLG0071,85,8.59,9.04,4,No,3,2,5,No,6.45,5.04,5.35,MEDIUM,4.65,MEDIUM,2.96
CLG0071,103,9.42,9.34,3,No,8,6,2,No,6.84,5.42,5.96,HIGH,4.04,LOW,2.58
CLG0055,84,5.03,5.35,4,Yes,2,7,5,No,1.61,7.07,4.21,LOW,5.79,HIGH,0.93
CLG0075,116,9.67,9.45,1,No,0,3,5,Yes,6.4,4.89,5.8,MEDIUM,4.2,MEDIUM,3.11
CLG0092,115,7.56,7.36,9,No,10,1,1,No,6.27,2.8,4.89,MEDIUM,5.11,MEDIUM,5.2
CLG0100,107,8.5,8.6,2,No,9,7,2,No,5.41,6.07,5.72,MEDIUM,4.28,MEDIUM,1.93
CLG0043,105,9.28,9.78,2,No,7,2,3,No,6.74,4.24,5.49,MEDIUM,4.51,MEDIUM,3.76
CLG0025,126,7.34,7.36,3,No,7,6,1,No,4.14,4.42,4.88,MEDIUM,5.12,MEDIUM,3.58
CLG0081,99,9.17,9.61,1,No,10,4,3,No,6.22,5.73,5.77,MEDIUM,4.23,MEDIUM,2.27
CLG0055,82,5.89,6.18,10,No,0,10,0,No,4.74,4.0,4.2,LOW,5.8,HIGH,4.0
CLG0050,106,5.8,6.1,3,Yes,8,4,5,No,2.29,6.93,4.8,MEDIUM,5.2,MEDIUM,1.07
CLG0038,131,8.29,8.23,4,No,1,9,3,Yes,5.68,6.16,6.27,HIGH,3.73,LOW,1.84
CLG0060,84,9.35,9.24,9,No,5,7,1,No,8.72,4.47,6.01,HIGH,3.99,LOW,3.53
CLG0085,94,9.46,9.15,5,No,8,1,2,No,7.39,3.2,5.14,MEDIUM,4.86,MEDIUM,4.8
CLG0052,106,8.22,8.68,6,No,5,4,3,No,6.63,4.73,5.66,MEDIUM,4.34,MEDIUM,3.27
CLG0084,99,7.63,8.09,1,No,6,10,2,Yes,4.18,6.8,5.38,MEDIUM,4.62,MEDIUM,1.2
CLG0074,85,6.66,6.91,3,Yes,8,6,3,No,3.4,6.22,4.6,MEDIUM,5.4,MEDIUM,1.78
CLG0070,116,9.9,9.7,7,Yes,4,2,4,Yes,8.72,4.44,6.55,HIGH,3.45,LOW,3.56
CLG0076,134,6.6,6.35,7,No,0,4,5,No,4.29,5.33,5.44,MEDIUM,4.56,MEDIUM,2.67
CLG0081,102,8.72,9.21,10,Yes,8,2,3,No,8.65,4.44,6.28,HIGH,3.72,LOW,3.56
CLG0045,86,7.66,7.23,1,Yes,9,1,5,No,3.57,5.8,4.52,MEDIUM,5.48,MEDIUM,2.2
CLG0097,76,8.04,8.38,9,No,6,1,4,No,7.3,4.4,5.28,MEDIUM,4.72,MEDIUM,3.6
CLG0100,103,6.97,6.83,1,No,7,9,3,No,2.86,7.36,5.15,MEDIUM,4.85,MEDIUM,0.64
CLG0019,116,9.82,9.74,7,No,1,9,3,Yes,8.7,6.16,7.23,HIGH,2.77,LOW,1.84
CLG0005,107,7.86,8.19,2,No,4,4,4,No,4.72,5.33,5.15,MEDIUM,4.85,MEDIUM,2.67
CLG0042,99,9.69,9.28,9,No,7,8,5,Yes,8.95,8.51,7.98,HIGH,2.02,LOW,0.0
CLG0093,91,5.04,4.89,9,Yes,6,10,5,No,2.95,9.2,5.71,MEDIUM,4.29,MEDIUM,0.0
CLG0030,83,7.86,8.31,9,No,6,7,0,No,7.14,3.87,5.12,MEDIUM,4.88,MEDIUM,4.13
CLG0065,112,8.59,8.79,4,No,3,5,2,Yes,6.27,3.98,5.31,MEDIUM,4.69,MEDIUM,4.02
CLG0076,113,8.73,8.98,6,No,1,10,1,Yes,7.16,5.0,6.09,HIGH,3.91,LOW,3.0
CLG0079,76,9.52,9.78,2,No,9,2,5,No,6.88,6.24,5.85,MEDIUM,4.15,MEDIUM,1.76
CLG0005,123,5.02,4.58,3,Yes,2,9,5,Yes,0.71,7.96,4.87,MEDIUM,5.13,MEDIUM,0.04
CLG0038,108,5.0,4.7,6,No,8,7,3,No,1.78,6.67,4.53,MEDIUM,5.47,MEDIUM,1.33
CLG0011,120,7.36,7.35,1,No,3,4,1,No,3.47,2.73,3.83,LOW,6.17,HIGH,5.27
CLG0084,79,5.15,5.02,7,Yes,0,10,0,No,2.44,4.0,3.23,LOW,6.77,HIGH,4.0
CLG0029,79,9.87,9.78,2,No,9,2,3,No,7.09,4.64,5.34,MEDIUM,4.66,MEDIUM,3.36
CLG0014,97,6.11,6.39,8,No,3,2,4,No,4.35,4.24,4.39,MEDIUM,5.61,MEDIUM,3.76
CLG0090,107,7.36,6.87,5,No,7,3,4,No,4.46,5.49,5.11,MEDIUM,4.89,MEDIUM,2.51
CLG0098,126,5.31,5.47,7,Yes,7,6,3,No,2.87,6.02,5.01,MEDIUM,4.99,MEDIUM,1.98
CLG0074,110,7.61,7.11,8,No,9,1,4,No,5.78,5.0,5.49,MEDIUM,4.51,MEDIUM,3.0
CLG0091,96,6.9,6.46,3,Yes,9,5,0,No,3.21,3.58,3.66,LOW,6.34,HIGH,4.42
CLG0089,84,5.22,5.13,6,Yes,1,10,2,No,2.23,5.8,3.95,LOW,6.05,HIGH,2.2
CLG0010,118,6.68,7.02,9,No,9,3,2,No,5.49,4.29,5.23,MEDIUM,4.77,MEDIUM,3.71
CLG0039,85,6.96,6.6,4,No,3,7,0,No,3.69,3.27,3.54,LOW,6.46,HIGH,4.73
CLG0060,124,9.95,10.0,10,No,6,7,4,Yes,9.97,7.07,8.23,HIGH,1.77,LOW,0.93
CLG0096,95,6.04,6.22,7,No,7,10,2,No,3.85,7.0,5.26,MEDIUM,4.74,MEDIUM,1.0
CLG0098,123,7.72,7.45,1,No,0,5,4,No,3.76,4.98,4.9,MEDIUM,5.1,MEDIUM,3.02
CLG0023,110,9.94,9.95,7,No,7,9,4,Yes,8.93,8.16,8.02,HIGH,1.98,LOW,0.0
CLG0097,97,8.96,9.37,9,No,0,10,1,No,8.58,4.8,6.31,HIGH,3.69,LOW,3.2
CLG0096,92,9.97,9.98,10,Yes,5,8,5,Yes,9.97,8.11,8.1,HIGH,1.9,LOW,0.0
CLG0022,94,9.84,9.5,8,No,4,9,2,Yes,8.87,5.96,6.84,HIGH,3.16,LOW,2.04
CLG0086,106,7.45,7.58,4,Yes,9,6,4,No,4.7,7.22,5.88,MEDIUM,4.12,MEDIUM,0.78
CLG0087,101,8.48,8.57,3,Yes,6,8,1,No,5.71,5.11,5.35,MEDIUM,4.65,MEDIUM,2.89
CLG0083,91,5.55,5.08,7,Yes,5,10,0,No,2.73,5.0,3.95,LOW,6.05,HIGH,3.0
CLG0023,97,7.21,6.8,1,No,9,2,5,No,2.98,6.24,4.65,MEDIUM,5.35,MEDIUM,1.76
CLG0022,101,9.05,8.71,8,Yes,0,5,2,No,7.82,3.38,5.51,MEDIUM,4.49,MEDIUM,4.62
CLG0062,68,7.53,7.17,1,Yes,5,8,0,No,3.44,4.11,3.48,LOW,6.52,HIGH,3.89
CLG0094,106,8.51,8.27,7,No,2,2,0,No,6.84,0.84,4.18,LOW,5.82,HIGH,7.16
CLG0019,85,8.73,8.68,6,No,5,2,5,No,6.94,5.44,5.7,MEDIUM,4.3,MEDIUM,2.56
CLG0022,82,6.27,6.14,10,No,6,3,5,No,4.93,6.09,5.11,MEDIUM,4.89,MEDIUM,1.91
CLG0001,74,9.38,9.77,8,No,5,2,3,No,8.79,3.84,5.62,MEDIUM,4.38,MEDIUM,4.16
CLG0034,73,7.3,7.41,6,No,8,4,2,No,5.15,4.53,4.42,MEDIUM,5.58,MEDIUM,3.47
CLG0026,79,6.05,6.43,5,No,8,4,0,No,3.35,2.93,3.16,LOW,6.84,HIGH,5.07
CLG0004,89,9.33,9.36,9,Yes,7,1,5,No,8.8,5.4,6.5,HIGH,3.5,LOW,2.6
CLG0048,129,7.09,6.68,4,No,4,6,0,No,3.82,3.02,4.24,LOW,5.76,HIGH,4.98
CLG0045,92,8.75,8.71,7,Yes,9,7,0,No,7.3,4.47,5.58,MEDIUM,4.42,MEDIUM,3.53
CLG0012,102,7.74,8.06,6,No,2,7,4,No,5.89,6.27,5.91,MEDIUM,4.09,MEDIUM,1.73
CLG0092,106,6.91,6.6,10,No,3,5,2,No,5.66,3.98,4.97,MEDIUM,5.03,MEDIUM,4.02
CLG0037,101,9.05,8.64,6,No,10,4,2,No,7.1,4.93,5.84,MEDIUM,4.16,MEDIUM,3.07
CLG0003,98,7.92,7.75,5,No,9,2,2,No,5.44,3.84,4.69,MEDIUM,5.31,MEDIUM,4.16
CLG0028,82,6.95,6.84,2,No,7,5,2,No,3.19,4.78,3.89,LOW,6.11,HIGH,3.22
CLG0093,121,5.55,5.36,4,No,8,4,2,No,1.93,4.53,3.95,LOW,6.05,HIGH,3.47
CLG0084,127,9.48,9.12,1,No,7,8,0,Yes,6.04,4.51,5.69,MEDIUM,4.31,MEDIUM,3.49
CLG0002,74,5.18,4.93,9,No,9,10,1,No,3.06,6.6,4.43,MEDIUM,5.57,MEDIUM,1.4
CLG0056,84,9.32,9.5,9,Yes,2,1,3,No,8.89,2.8,5.41,MEDIUM,4.59,MEDIUM,5.2
CLG0065,95,6.8,6.69,8,No,6,7,2,No,4.99,5.47,5.11,MEDIUM,4.89,MEDIUM,2.53
CLG0046,85,8.2,8.33,4,No,10,5,4,No,5.7,6.98,5.82,MEDIUM,4.18,MEDIUM,1.02
CLG0100,107,9.61,9.65,5,No,7,10,1,No,7.84,6.2,6.74,HIGH,3.26,LOW,1.8
CLG0044,89,5.76,5.81,1,Yes,2,5,4,No,1.39,5.38,3.53,LOW,6.47,HIGH,2.62
CLG0018,132,7.83,7.58,4,No,0,1,0,No,4.93,0.0,3.53,LOW,6.47,HIGH,8.0
CLG0073,117,8.82,8.84,4,No,6,9,5,Yes,6.44,8.76,7.38,HIGH,2.62,LOW,0.0
CLG0037,103,8.79,8.31,5,No,2,7,3,No,6.37,5.47,5.8,MEDIUM,4.2,MEDIUM,2.53
CLG0054,115,7.63,7.56,2,Yes,0,2,0,No,4.12,0.44,3.09,LOW,6.91,HIGH,7.56
CLG0025,116,8.12,8.19,2,No,6,5,0,No,4.88,2.98,4.43,MEDIUM,5.57,MEDIUM,5.02
CLG0083,91,8.79,8.47,2,No,10,8,5,Yes,5.49,9.11,6.69,HIGH,3.31,LOW,0.0
CLG0062,87,9.21,8.97,8,Yes,6,7,2,No,8.1,5.47,6.21,HIGH,3.79,LOW,2.53
CLG0025,101,8.81,8.53,2,No,3,2,5,No,5.54,5.04,5.26,MEDIUM,4.74,MEDIUM,2.96
CLG0052,112,6.77,6.34,6,Yes,1,7,5,No,4.05,6.87,5.58,MEDIUM,4.42,MEDIUM,1.13
CLG0063,102,9.98,9.83,2,Yes,9,6,4,No,7.2,7.22,6.81,HIGH,3.19,LOW,0.78
CLG0015,76,7.17,7.65,8,Yes,4,8,2,No,5.91,5.51,5.17,MEDIUM,4.83,MEDIUM,2.49
CLG0046,87,5.12,4.97,1,Yes,10,9,0,No,0.39,5.56,3.17,LOW,6.83,HIGH,2.44
CLG0056,98,6.81,6.77,2,No,10,7,3,No,3.05,7.07,5.02,MEDIUM,4.98,MEDIUM,0.93
CLG0026,98,5.64,5.79,5,No,8,8,1,No,2.63,5.51,4.23,LOW,5.77,HIGH,2.49
CLG0064,129,5.61,5.76,6,No,5,10,0,No,2.93,5.0,4.68,MEDIUM,5.32,MEDIUM,3.0
CLG0020,79,6.41,6.86,9,No,9,7,0,No,5.21,4.47,4.52,MEDIUM,5.48,MEDIUM,3.53
CLG0067,107,5.27,5.63,6,No,8,7,0,No,2.63,4.27,3.89,LOW,6.11,HIGH,3.73
CLG0025,122,8.44,8.73,8,Yes,0,1,4,Yes,7.47,3.2,5.65,MEDIUM,4.35,MEDIUM,4.8
CLG0021,134,5.37,5.82,7,No,1,5,1,No,3.16,2.78,3.97,LOW,6.03,HIGH,5.22
CLG0034,93,6.02,5.75,1,No,10,10,3,No,1.5,8.4,4.85,MEDIUM,5.15,MEDIUM,0.0
CLG0088,107,5.46,5.58,2,Yes,5,5,0,No,1.37,2.78,2.79,LOW,7.21,HIGH,5.22
CLG0025,108,5.32,5.71,4,Yes,2,4,1,No,2.05,2.53,2.98,LOW,7.02,HIGH,5.47
CLG0065,102,6.34,6.46,1,No,1,1,0,No,2.21,0.2,2.01,LOW,7.99,HIGH,7.8
CLG0029,98,7.86,8.34,8,No,5,7,5,No,6.83,7.67,6.77,HIGH,3.23,LOW,0.33
CLG0032,106,9.82,9.42,4,Yes,6,8,1,No,7.47,5.11,6.14,HIGH,3.86,LOW,2.89
CLG0001,62,9.38,9.32,7,No,3,5,1,No,8.13,3.18,4.88,MEDIUM,5.12,MEDIUM,4.82
CLG0035,110,9.38,9.86,7,Yes,9,4,4,No,8.53,6.33,7.12,HIGH,2.88,LOW,1.67
CLG0056,101,5.88,5.76,8,No,8,9,4,No,3.76,8.36,5.87,MEDIUM,4.13,MEDIUM,0.0
CLG0016,96,6.32,6.56,9,No,10,3,1,No,4.94,3.69,4.39,MEDIUM,5.61,MEDIUM,4.31
CLG0032,130,5.38,4.91,9,No,2,3,2,No,3.17,2.89,3.95,LOW,6.05,HIGH,5.11
CLG0079,89,8.89,9.08,7,No,1,4,0,No,7.66,1.53,4.5,MEDIUM,5.5,MEDIUM,6.47
CLG0005,93,5.35,5.78,9,Yes,10,7,4,No,3.79,7.87,5.55,MEDIUM,4.45,MEDIUM,0.13
CLG0010,129,7.78,7.66,5,No,4,2,5,No,5.29,5.24,5.72,MEDIUM,4.28,MEDIUM,2.76
CLG0086,87,6.24,5.76,10,Yes,8,8,1,No,4.64,5.51,4.85,MEDIUM,5.15,MEDIUM,2.49
CLG0072,91,6.22,5.75,4,Yes,0,2,5,No,2.62,4.44,3.68,LOW,6.32,HIGH,3.56
CLG0079,97,9.95,10.0,3,No,5,4,2,No,7.64,3.93,5.59,MEDIUM,4.41,MEDIUM,4.07
CLG0020,112,8.78,9.0,6,Yes,7,2,1,No,7.2,2.64,5.15,MEDIUM,4.85,MEDIUM,5.36
CLG0089,103,9.18,8.79,10,No,6,9,3,Yes,8.62,7.16,7.37,HIGH,2.63,LOW,0.84
CLG0012,80,7.86,7.41,9,No,5,4,1,No,6.49,3.13,4.51,MEDIUM,5.49,MEDIUM,4.87
CLG0090,92,9.36,9.66,4,Yes,2,5,3,No,7.37,4.58,5.65,MEDIUM,4.35,MEDIUM,3.42
CLG0068,90,8.23,8.54,2,Yes,8,9,4,Yes,5.2,8.36,6.26,HIGH,3.74,LOW,0.0
CLG0063,98,9.73,9.35,3,No,4,2,4,No,7.03,4.44,5.56,MEDIUM,4.44,MEDIUM,3.56
CLG0026,106,6.41,6.21,3,Yes,0,4,1,No,2.74,2.13,3.06,LOW,6.94,HIGH,5.87
CLG0060,106,7.98,8.26,2,No,8,6,4,No,4.85,7.02,5.86,MEDIUM,4.14,MEDIUM,0.98
CLG0074,73,8.45,8.48,9,Yes,9,1,1,No,7.62,2.6,4.64,MEDIUM,5.36,MEDIUM,5.4
CLG0061,115,6.96,7.42,4,Yes,8,1,5,No,4.29,5.6,5.22,MEDIUM,4.78,MEDIUM,2.4
CLG0015,103,9.4,9.38,3,No,0,7,1,No,6.85,3.47,5.19,MEDIUM,4.81,MEDIUM,4.53
CLG0005,120,9.9,10.0,10,No,6,6,3,Yes,9.94,5.82,7.65,HIGH,2.35,LOW,2.18
CLG0032,106,7.47,7.48,6,No,8,4,0,No,5.3,2.93,4.4,MEDIUM,5.6,MEDIUM,5.07
CLG0096,116,6.95,7.39,8,No,1,5,1,No,5.59,2.78,4.63,MEDIUM,5.37,MEDIUM,5.22
CLG0022,106,7.36,7.26,8,No,9,5,0,No,5.74,3.58,4.84,MEDIUM,5.16,MEDIUM,4.42
CLG0022,120,9.26,8.99,10,No,5,9,2,Yes,8.82,6.16,7.34,HIGH,2.66,LOW,1.84
CLG0012,107,8.23,8.06,6,No,9,5,4,No,6.18,6.78,6.31,HIGH,3.69,LOW,1.22
CLG0064,98,5.22,5.57,5,Yes,0,2,2,No,2.22,2.04,2.68,LOW,7.32,HIGH,5.96
CLG0075,134,7.71,7.71,7,No,2,7,2,No,5.95,4.67,5.84,MEDIUM,4.16,MEDIUM,3.33
CLG0088,113,5.09,4.94,3,Yes,10,10,1,No,1.01,6.8,4.35,MEDIUM,5.65,MEDIUM,1.2
CLG0080,108,8.89,8.93,10,No,4,9,2,Yes,8.55,5.96,6.95,HIGH,3.05,LOW,2.04
CLG0016,80,6.64,6.27,2,No,6,7,1,No,2.58,4.67,3.57,LOW,6.43,HIGH,3.33
CLG0065,80,7.36,6.87,8,No,10,8,4,No,5.46,8.31,6.17,HIGH,3.83,LOW,0.0
CLG0051,104,8.99,8.77,9,No,4,10,4,Yes,8.16,8.0,7.54,HIGH,2.46,LOW,0.0
CLG0087,102,5.23,5.34,6,No,7,3,2,No,2.39,3.89,3.55,LOW,6.45,HIGH,4.11
CLG0092,90,5.79,6.0,4,No,4,9,1,No,2.54,5.16,3.92,LOW,6.08,HIGH,2.84
CLG0032,102,6.99,7.32,6,No,5,7,3,No,4.9,6.07,5.43,MEDIUM,4.57,MEDIUM,1.93
CLG0053,123,6.15,6.58,7,Yes,1,10,3,Yes,4.18,6.6,5.71,MEDIUM,4.29,MEDIUM,1.4
CLG0100,110,6.69,6.6,8,Yes,4,4,0,No,4.86,2.13,3.98,LOW,6.02,HIGH,5.87
CLG0003,82,9.99,10.0,3,No,6,10,0,No,7.66,5.2,5.84,MEDIUM,4.16,MEDIUM,2.8
CLG0013,98,9.13,8.7,6,No,0,7,5,No,7.19,6.67,6.52,HIGH,3.48,LOW,1.33
CLG0092,87,9.42,8.98,10,No,9,3,0,No,8.9,2.69,5.42,MEDIUM,4.58,MEDIUM,5.31
CLG0092,94,9.69,9.31,6,No,8,10,2,Yes,7.98,7.2,6.98,HIGH,3.02,LOW,0.8
CLG0058,93,6.7,6.65,10,Yes,8,7,1,No,5.57,5.07,5.14,MEDIUM,4.86,MEDIUM,2.93
CLG0045,92,6.49,6.2,7,No,7,3,0,No,4.11,2.29,3.43,LOW,6.57,HIGH,5.71
CLG0024,81,6.17,5.96,4,No,10,2,1,No,2.74,3.24,3.08,LOW,6.92,HIGH,4.76
CLG0051,98,9.15,9.3,6,Yes,8,1,2,No,7.64,3.2,5.31,MEDIUM,4.69,MEDIUM,4.8
CLG0013,91,8.4,8.26,2,No,4,6,1,No,5.1,3.82,4.42,MEDIUM,5.58,MEDIUM,4.18
CLG0024,56,6.18,6.24,8,Yes,6,3,5,No,4.29,6.09,4.41,MEDIUM,5.59,MEDIUM,1.91
CLG0005,130,6.88,6.79,3,No,0,10,1,No,3.44,4.8,4.82,MEDIUM,5.18,MEDIUM,3.2
CLG0081,116,7.53,7.2,9,No,6,2,2,No,6.13,3.24,5.03,MEDIUM,4.97,MEDIUM,4.76
CLG0050,94,7.64,7.21,8,Yes,8,3,5,No,5.87,6.49,5.85,MEDIUM,4.15,MEDIUM,1.51
CLG0076,100,9.44,9.18,6,Yes,2,8,3,Yes,7.73,5.91,6.46,HIGH,3.54,LOW,2.09
CLG0049,82,6.9,6.46,10,No,8,3,1,No,5.55,3.29,4.24,LOW,5.76,HIGH,4.71
CLG0018,125,9.54,9.66,2,No,4,4,1,No,6.81,2.93,5.33,MEDIUM,4.67,MEDIUM,5.07
CLG0033,128,7.21,7.51,8,No,8,2,4,No,5.84,5.24,5.92,MEDIUM,4.08,MEDIUM,2.76
CLG0058,102,8.73,8.57,6,No,7,8,4,Yes,6.86,7.71,6.87,HIGH,3.13,LOW,0.29
CLG0031,115,9.65,9.54,1,No,10,6,5,Yes,6.45,8.22,7.13,HIGH,2.87,LOW,0.0
CLG0034,102,9.54,9.86,6,No,6,9,0,No,8.29,4.76,6.26,HIGH,3.74,LOW,3.24
CLG0094,79,5.28,5.0,5,No,9,8,0,No,1.84,4.91,3.35,LOW,6.65,HIGH,3.09
CLG0096,93,6.03,5.65,6,Yes,5,4,2,No,3.1,3.93,3.7,LOW,6.3,HIGH,4.07
CLG0074,101,7.38,7.38,1,No,1,8,2,No,3.51,4.91,4.39,MEDIUM,5.61,MEDIUM,3.09
CLG0031,93,7.16,7.31,4,Yes,6,1,4,No,4.33,4.4,4.38,MEDIUM,5.62,MEDIUM,3.6
CLG0099,96,8.2,8.3,7,No,1,9,4,Yes,6.67,6.96,6.39,HIGH,3.61,LOW,1.04
CLG0079,98,9.72,9.93,5,No,5,5,0,No,8.11,2.78,5.33,MEDIUM,4.67,MEDIUM,5.22
CLG0027,98,5.56,5.12,6,No,5,4,4,No,2.43,5.53,4.16,LOW,5.84,HIGH,2.47
CLG0059,100,7.26,7.19,2,Yes,8,5,1,No,3.63,4.18,4.13,LOW,5.87,HIGH,3.82
CLG0027,84,5.96,5.7,8,No,9,1,1,No,3.76,2.6,3.28,LOW,6.72,HIGH,5.4
CLG0001,89,9.47,9.73,10,Yes,10,2,4,No,9.48,5.64,6.87,HIGH,3.13,LOW,2.36
CLG0076,80,9.82,10.0,4,No,3,2,2,No,7.89,2.64,4.88,MEDIUM,5.12,MEDIUM,5.36
CLG0068,114,7.39,7.17,6,Yes,8,9,0,No,5.03,5.16,5.32,MEDIUM,4.68,MEDIUM,2.84
CLG0023,68,5.52,5.12,3,Yes,1,6,1,No,1.4,3.22,2.31,LOW,7.69,HIGH,4.78
CLG0098,117,8.93,8.68,9,Yes,4,3,5,Yes,8.06,5.69,6.8,HIGH,3.2,LOW,2.31
CLG0052,120,8.49,8.09,8,No,2,4,2,Yes,7.03,3.33,5.49,MEDIUM,4.51,MEDIUM,4.67
CLG0057,95,6.77,6.59,6,No,5,1,5,No,4.23,5.0,4.62,MEDIUM,5.38,MEDIUM,3.0
CLG0087,60,9.44,9.48,9,No,1,7,4,No,8.95,6.07,6.33,HIGH,3.67,LOW,1.93
CLG0051,94,9.88,10.0,10,No,9,7,5,No,9.93,8.47,8.27,HIGH,1.73,LOW,0.0
CLG0083,99,7.79,7.69,9,No,8,8,0,No,6.65,4.71,5.54,MEDIUM,4.46,MEDIUM,3.29
CLG0084,84,7.83,7.55,2,No,3,1,0,No,4.24,0.6,2.67,LOW,7.33,HIGH,7.4
CLG0063,92,6.49,6.16,9,No,6,9,2,No,4.75,6.36,5.32,MEDIUM,4.68,MEDIUM,1.64
CLG0084,122,7.92,7.59,8,No,4,2,2,No,6.32,2.84,5.05,MEDIUM,4.95,MEDIUM,5.16
CLG0093,109,7.2,6.89,2,No,7,1,2,No,3.37,3.0,3.71,LOW,6.29,HIGH,5.0
CLG0077,86,6.51,6.77,9,No,3,1,5,No,5.21,4.6,4.69,MEDIUM,5.31,MEDIUM,3.4
CLG0028,76,5.34,4.9,5,Yes,6,8,4,No,1.8,7.51,4.32,MEDIUM,5.68,MEDIUM,0.49
CLG0024,95,6.26,6.76,9,Yes,10,3,4,No,5.05,6.09,5.38,MEDIUM,4.62,MEDIUM,1.91
CLG0022,96,5.99,6.01,3,No,4,6,2,No,2.34,4.62,3.72,LOW,6.28,HIGH,3.38
CLG0086,107,7.71,7.75,4,Yes,2,6,4,No,4.98,5.82,5.45,MEDIUM,4.55,MEDIUM,2.18
CLG0040,91,8.01,7.87,1,Yes,7,2,0,No,4.25,1.84,3.29,LOW,6.71,HIGH,6.16
CLG0075,107,8.04,8.23,5,No,5,2,3,No,5.86,3.84,5.01,MEDIUM,4.99,MEDIUM,4.16
CLG0008,129,6.94,6.91,7,No,3,1,4,No,4.9,3.8,4.98,MEDIUM,5.02,MEDIUM,4.2
CLG0096,112,7.11,6.94,7,No,8,9,0,No,5.02,5.16,5.29,MEDIUM,4.71,MEDIUM,2.84
CLG0088,99,9.17,8.94,6,Yes,8,1,3,No,7.39,4.0,5.55,MEDIUM,4.45,MEDIUM,4.0
CLG0012,97,7.38,7.81,6,No,1,6,3,No,5.49,4.82,5.08,MEDIUM,4.92,MEDIUM,3.18
CLG0049,94,9.94,9.73,8,No,9,9,2,Yes,9.1,6.96,7.33,HIGH,2.67,LOW,1.04
CLG0021,117,7.2,7.14,10,No,8,6,5,No,6.22,7.82,6.92,HIGH,3.08,LOW,0.18
CLG0067,90,8.25,8.1,9,Yes,3,6,2,No,7.22,4.42,5.49,MEDIUM,4.51,MEDIUM,3.58
CLG0039,100,5.25,4.84,4,No,8,4,0,No,1.37,2.93,2.73,LOW,7.27,HIGH,5.07
CLG0062,100,8.27,7.96,4,Yes,9,5,2,No,5.47,5.18,5.27,MEDIUM,4.73,MEDIUM,2.82
CLG0082,92,9.26,8.95,8,Yes,7,1,3,No,8.12,3.8,5.64,MEDIUM,4.36,MEDIUM,4.2
CLG0058,79,9.71,9.9,5,Yes,9,3,0,No,8.09,2.69,4.96,MEDIUM,5.04,MEDIUM,5.31
CLG0062,104,9.99,9.9,10,Yes,2,6,0,No,9.92,2.62,6.09,HIGH,3.91,LOW,5.38
CLG0070,99,6.41,6.69,9,No,9,2,5,No,5.09,6.24,5.52,MEDIUM,4.48,MEDIUM,1.76
CLG0036,107,7.88,8.09,6,No,6,1,5,No,6.0,5.2,5.61,MEDIUM,4.39,MEDIUM,2.8
CLG0045,91,7.25,6.94,9,Yes,1,1,0,No,5.77,0.2,3.24,LOW,6.76,HIGH,7.8
CLG0079,118,7.82,7.88,4,No,1,1,5,No,5.14,4.2,5.05,MEDIUM,4.95,MEDIUM,3.8
CLG0015,86,5.79,6.03,1,Yes,3,10,5,No,1.57,8.6,4.84,MEDIUM,5.16,MEDIUM,0.0
CLG0062,125,9.28,9.41,4,No,9,10,2,Yes,7.14,7.4,7.25,HIGH,2.75,LOW,0.6
CLG0038,73,9.55,9.65,9,Yes,6,1,5,No,9.14,5.2,6.28,HIGH,3.72,LOW,2.8
CLG0064,106,7.25,7.49,7,Yes,3,6,2,No,5.51,4.42,5.08,MEDIUM,4.92,MEDIUM,3.58
CLG0088,107,6.4,5.96,6,Yes,1,10,2,No,3.55,5.8,4.87,MEDIUM,5.13,MEDIUM,2.2
CLG0071,88,5.7,5.93,2,No,1,4,4,No,1.77,4.73,3.4,LOW,6.6,HIGH,3.27
CLG0009,106,8.42,8.19,4,Yes,4,4,5,No,5.73,6.13,5.86,MEDIUM,4.14,MEDIUM,1.87
CLG0075,119,6.56,6.63,1,No,2,4,5,No,2.47,5.73,4.61,MEDIUM,5.39,MEDIUM,2.27
CLG0080,66,9.55,9.29,3,Yes,2,8,4,Yes,6.88,6.71,5.86,MEDIUM,4.14,MEDIUM,1.29
CLG0071,107,8.36,8.7,2,No,0,7,4,No,5.4,5.87,5.64,MEDIUM,4.36,MEDIUM,2.13
CLG0025,62,8.23,8.21,4,Yes,2,5,0,No,5.63,2.18,3.48,LOW,6.52,HIGH,5.82
CLG0078,85,7.8,7.94,4,Yes,3,7,2,No,5.17,4.87,4.77,MEDIUM,5.23,MEDIUM,3.13
CLG0065,124,5.23,5.52,9,No,5,8,4,Yes,3.52,7.31,5.75,MEDIUM,4.25,MEDIUM,0.69
CLG0020,91,9.66,10.0,7,No,10,10,0,No,8.8,6.0,6.77,HIGH,3.23,LOW,2.0
CLG0028,82,8.14,8.37,3,No,5,8,3,Yes,5.36,6.51,5.45,MEDIUM,4.55,MEDIUM,1.49
CLG0049,97,9.97,9.62,7,No,4,7,4,No,8.7,6.67,7.11,HIGH,2.89,LOW,1.33
CLG0034,131,7.69,8.04,8,Yes,3,7,0,No,6.51,3.27,5.45,MEDIUM,4.55,MEDIUM,4.73
CLG0073,72,8.55,8.67,7,Yes,5,9,1,No,7.16,5.36,5.54,MEDIUM,4.46,MEDIUM,2.64
CLG0020,84,5.28,5.39,8,No,4,5,4,No,3.12,5.78,4.3,MEDIUM,5.7,MEDIUM,2.22
CLG0095,122,8.16,8.58,9,No,9,8,3,Yes,7.52,7.31,7.32,HIGH,2.68,LOW,0.69
CLG0085,127,8.82,8.57,1,No,0,2,0,No,5.24,0.44,3.74,LOW,6.26,HIGH,7.56
CLG0022,98,8.89,8.63,10,No,1,8,5,Yes,8.33,7.31,7.23,HIGH,2.77,LOW,0.69
CLG0077,81,8.85,8.86,6,No,8,1,5,No,7.14,5.6,5.78,MEDIUM,4.22,MEDIUM,2.4
CLG0044,131,6.13,6.38,4,No,9,9,4,Yes,3.03,8.56,6.17,HIGH,3.83,LOW,0.0
CLG0047,123,9.88,9.83,1,No,3,1,4,Yes,6.8,3.8,5.64,MEDIUM,4.36,MEDIUM,4.2
CLG0025,110,9.98,10.0,2,Yes,5,8,1,No,7.32,4.91,6.07,HIGH,3.93,LOW,3.09
CLG0022,87,5.38,5.33,10,Yes,4,3,0,No,3.81,1.69,2.99,LOW,7.01,HIGH,6.31
CLG0061,99,9.68,9.79,4,No,1,4,0,No,7.65,1.53,4.66,MEDIUM,5.34,MEDIUM,6.47
CLG0052,97,6.45,6.77,1,No,0,10,0,No,2.5,4.0,3.56,LOW,6.44,HIGH,4.0
CLG0020,104,8.45,8.13,6,No,0,7,2,No,6.37,4.27,5.33,MEDIUM,4.67,MEDIUM,3.73
CLG0096,121,6.69,6.89,1,No,0,10,5,Yes,2.74,8.0,5.66,MEDIUM,4.34,MEDIUM,0.0
CLG0080,113,9.84,10.0,9,No,5,3,1,No,9.57,2.69,6.13,HIGH,3.87,LOW,5.31
CLG0020,83,5.51,5.46,10,Yes,9,9,5,No,3.98,9.36,6.05,HIGH,3.95,LOW,0.0
CLG0086,120,7.49,7.31,3,Yes,6,3,0,No,4.19,2.09,3.86,LOW,6.14,HIGH,5.91
CLG0045,104,7.14,6.65,1,Yes,6,8,1,No,2.83,5.11,4.25,LOW,5.75,HIGH,2.89
CLG0037,110,6.63,6.93,6,No,8,8,2,No,4.4,6.31,5.46,MEDIUM,4.54,MEDIUM,1.69
CLG0015,121,8.23,8.06,6,No,2,3,0,No,6.18,1.29,4.36,MEDIUM,5.64,MEDIUM,6.71
CLG0076,83,5.66,5.52,7,No,8,3,1,No,3.11,3.29,3.28,LOW,6.72,HIGH,4.71
CLG0009,99,8.58,8.42,7,No,0,10,1,No,6.99,4.8,5.71,MEDIUM,4.29,MEDIUM,3.2
CLG0044,92,9.9,9.9,10,Yes,1,5,2,No,9.87,3.58,6.25,HIGH,3.75,LOW,4.42
CLG0015,76,9.02,9.22,4,Yes,6,8,1,No,6.84,5.11,5.38,MEDIUM,4.62,MEDIUM,2.89
CLG0044,105,9.3,9.57,5,No,1,6,2,No,7.6,4.02,5.74,MEDIUM,4.26,MEDIUM,3.98
CLG0086,137,6.8,6.69,3,Yes,9,5,4,No,3.32,6.78,5.68,MEDIUM,4.32,MEDIUM,1.22
CLG0012,72,6.62,6.78,6,No,10,5,1,No,4.28,4.58,4.07,LOW,5.93,HIGH,3.42
CLG0027,99,7.59,7.81,7,Yes,3,6,2,No,5.95,4.42,5.14,MEDIUM,4.86,MEDIUM,3.58
CLG0019,109,5.23,5.03,9,Yes,1,8,5,No,3.16,7.31,5.35,MEDIUM,4.65,MEDIUM,0.69
CLG0025,101,9.73,9.33,9,Yes,10,6,3,No,9.01,6.62,7.28,HIGH,2.72,LOW,1.38
CLG0074,98,5.72,6.11,5,No,1,7,0,No,2.92,2.87,3.29,LOW,6.71,HIGH,5.13
CLG0099,80,9.52,9.7,4,Yes,10,9,0,No,7.49,5.56,5.89,MEDIUM,4.11,MEDIUM,2.44
CLG0064,103,5.42,5.57,7,Yes,0,7,0,No,3.01,2.67,3.33,LOW,6.67,HIGH,5.33
CLG0012,88,9.11,8.67,3,Yes,8,9,2,Yes,6.16,6.76,5.97,HIGH,4.03,LOW,1.24
CLG0050,67,5.76,6.08,4,Yes,9,10,2,No,2.58,7.4,4.44,MEDIUM,5.56,MEDIUM,0.6
CLG0072,117,5.19,5.26,9,No,2,1,0,No,3.31,0.4,2.78,LOW,7.22,HIGH,7.6
CLG0011,114,8.6,8.95,5,No,0,3,2,Yes,6.72,2.49,4.93,MEDIUM,5.07,MEDIUM,5.51
CLG0083,100,6.4,6.87,10,No,9,6,5,No,5.55,8.02,6.44,HIGH,3.56,LOW,0.0
CLG0023,103,8.57,9.03,7,Yes,5,3,1,No,7.43,2.69,5.11,MEDIUM,4.89,MEDIUM,5.31
CLG0088,116,7.78,8.14,2,No,7,2,1,No,4.64,2.64,4.19,LOW,5.81,HIGH,5.36
CLG0015,103,5.54,5.05,9,No,6,5,1,No,3.36,3.78,3.92,LOW,6.08,HIGH,4.22
CLG0063,113,9.66,10.0,5,Yes,6,1,4,Yes,8.13,4.4,6.24,HIGH,3.76,LOW,3.6
CLG0020,95,7.26,6.84,5,No,1,5,0,No,4.37,1.98,3.46,LOW,6.54,HIGH,6.02
CLG0089,119,8.67,9.02,4,Yes,10,8,3,Yes,6.48,7.51,6.93,HIGH,3.07,LOW,0.49
CLG0078,104,7.51,7.29,8,No,3,9,0,No,5.85,4.16,5.08,MEDIUM,4.92,MEDIUM,3.84
CLG0010,102,8.02,8.13,4,No,5,10,1,No,5.44,5.8,5.54,MEDIUM,4.46,MEDIUM,2.2
CLG0061,80,6.51,6.05,2,Yes,1,6,0,No,2.35,2.42,2.57,LOW,7.43,HIGH,5.58
CLG0093,104,6.0,6.27,5,No,4,4,4,No,3.2,5.33,4.49,MEDIUM,5.51,MEDIUM,2.67
CLG0047,87,7.71,7.32,3,No,4,3,1,No,4.33,2.49,3.51,LOW,6.49,HIGH,5.51
CLG0049,90,7.2,7.11,4,No,2,8,4,No,4.2,6.71,5.2,MEDIUM,4.8,MEDIUM,1.29
CLG0049,87,6.95,7.27,3,Yes,1,2,4,No,3.84,3.84,3.86,LOW,6.14,HIGH,4.16
CLG0076,84,8.36,8.56,7,No,10,8,4,Yes,6.96,8.31,6.84,HIGH,3.16,LOW,0.0
CLG0033,131,8.45,7.96,6,No,6,7,1,No,6.24,4.67,5.9,MEDIUM,4.1,MEDIUM,3.33
CLG0087,119,5.23,5.13,2,No,7,2,4,No,0.9,5.04,3.71,LOW,6.29,HIGH,2.96
CLG0078,128,6.69,6.23,8,No,3,2,4,No,4.59,4.24,5.02,MEDIUM,4.98,MEDIUM,3.76
CLG0023,81,7.06,7.23,5,Yes,3,2,3,No,4.54,3.44,3.88,LOW,6.12,HIGH,4.56
CLG0053,101,5.48,5.95,6,No,10,1,0,No,2.99,2.0,3.02,LOW,6.98,HIGH,6.0
CLG0037,80,6.18,6.34,8,No,8,7,3,No,4.36,6.67,5.08,MEDIUM,4.92,MEDIUM,1.33
CLG0022,89,5.26,4.98,7,Yes,3,8,0,No,2.48,3.71,3.3,LOW,6.7,HIGH,4.29
CLG0093,86,9.98,9.84,3,No,9,7,1,No,7.54,5.27,5.89,MEDIUM,4.11,MEDIUM,2.73
CLG0100,118,8.68,9.16,2,Yes,2,4,3,Yes,5.93,4.13,5.34,MEDIUM,4.66,MEDIUM,3.87
CLG0002,94,5.44,5.16,3,No,10,9,2,No,1.38,7.16,4.32,MEDIUM,5.68,MEDIUM,0.84
CLG0020,116,5.1,5.16,8,No,0,2,1,No,2.85,1.24,2.92,LOW,7.08,HIGH,6.76
CLG0005,109,8.6,8.5,4,No,2,5,1,No,6.06,2.98,4.78,MEDIUM,5.22,MEDIUM,5.02
CLG0091,134,7.2,7.47,8,No,4,2,0,No,5.8,1.24,4.41,MEDIUM,5.59,MEDIUM,6.76
CLG0003,77,8.93,9.3,4,No,1,3,0,No,6.85,1.09,3.79,LOW,6.21,HIGH,6.91
CLG0082,118,9.62,9.46,7,No,4,2,4,Yes,8.38,4.44,6.44,HIGH,3.56,LOW,3.56
CLG0077,117,8.0,8.16,6,No,8,8,2,Yes,6.12,6.31,6.27,HIGH,3.73,LOW,1.69
CLG0086,85,5.94,5.99,10,Yes,9,10,5,No,4.63,9.8,6.52,HIGH,3.48,LOW,0.0
CLG0077,115,8.91,8.69,1,No,10,6,1,No,5.39,5.02,5.43,MEDIUM,4.57,MEDIUM,2.98
CLG0012,105,9.78,9.55,8,No,5,5,1,No,8.87,3.58,6.07,HIGH,3.93,LOW,4.42
CLG0032,96,7.9,7.94,6,Yes,2,5,3,No,5.9,4.58,5.13,MEDIUM,4.87,MEDIUM,3.42
CLG0058,87,8.41,8.06,2,No,4,9,0,No,4.96,4.36,4.51,MEDIUM,5.49,MEDIUM,3.64
CLG0100,89,6.69,7.0,5,No,0,2,3,No,4.15,2.84,3.62,LOW,6.38,HIGH,5.16
CLG0071,130,6.91,6.48,2,No,7,1,0,No,2.9,1.4,3.24,LOW,6.76,HIGH,6.6
CLG0070,100,8.67,8.26,10,No,8,6,0,No,7.93,3.82,5.71,MEDIUM,4.29,MEDIUM,4.18
CLG0040,111,9.64,9.48,7,No,4,8,3,Yes,8.4,6.31,7.08,HIGH,2.92,LOW,1.69
CLG0006,88,8.14,7.76,10,Yes,8,8,3,No,7.24,7.11,6.54,HIGH,3.46,LOW,0.89
CLG0063,88,8.95,8.93,6,Yes,7,6,3,No,7.25,6.02,6.11,HIGH,3.89,LOW,1.98
CLG0025,116,5.86,5.76,7,No,7,3,5,No,3.41,6.29,5.16,MEDIUM,4.84,MEDIUM,1.71
CLG0091,79,6.06,6.28,6,No,1,3,0,No,3.58,1.09,2.52,LOW,7.48,HIGH,6.91
CLG0069,93,7.66,8.11,10,No,4,2,2,No,7.21,2.84,4.91,MEDIUM,5.09,MEDIUM,5.16
CLG0083,100,5.88,6.13,1,No,7,2,3,No,1.69,4.24,3.38,LOW,6.62,HIGH,3.76
CLG0073,101,8.17,7.85,3,Yes,2,2,0,No,4.99,0.84,3.36,LOW,6.64,HIGH,7.16
CLG0050,97,6.46,6.9,10,No,0,7,3,No,5.6,5.07,5.23,MEDIUM,4.77,MEDIUM,2.93
CLG0040,105,8.96,8.85,2,Yes,10,10,5,Yes,5.87,10.0,7.44,HIGH,2.56,LOW,0.0
CLG0001,110,9.04,9.01,1,No,3,9,2,Yes,5.7,5.76,5.76,MEDIUM,4.24,MEDIUM,2.24
CLG0046,111,7.32,7.24,1,No,3,10,2,Yes,3.37,6.2,5.02,MEDIUM,4.98,MEDIUM,1.8
CLG0073,85,5.9,5.68,4,No,9,7,4,No,2.38,7.67,4.77,MEDIUM,5.23,MEDIUM,0.33
CLG0039,95,8.23,8.63,1,Yes,3,8,4,Yes,4.93,6.91,5.66,MEDIUM,4.34,MEDIUM,1.09
CLG0010,117,9.96,9.79,2,Yes,3,5,2,Yes,7.16,3.98,5.76,MEDIUM,4.24,MEDIUM,4.02
CLG0049,113,8.11,8.19,1,Yes,8,2,3,Yes,4.54,4.44,4.82,MEDIUM,5.18,MEDIUM,3.56
CLG0014,79,5.18,4.92,6,Yes,10,8,4,No,2.05,8.31,4.79,MEDIUM,5.21,MEDIUM,0.0
CLG0046,105,5.09,5.39,4,Yes,0,5,5,No,1.68,5.78,4.08,LOW,5.92,HIGH,2.22
CLG0040,70,6.6,6.87,8,No,8,9,0,No,5.0,5.16,4.56,MEDIUM,5.44,MEDIUM,2.84
CLG0089,100,5.98,5.78,5,Yes,6,6,2,No,2.83,5.02,4.15,LOW,5.85,HIGH,2.98
CLG0019,128,9.07,9.25,10,No,4,7,3,Yes,8.89,5.87,7.39,HIGH,2.61,LOW,2.13
CLG0017,85,9.22,9.42,5,Yes,1,1,5,No,7.44,4.2,5.41,MEDIUM,4.59,MEDIUM,3.8
CLG0082,87,6.29,6.35,8,No,9,8,0,No,4.43,4.91,4.52,MEDIUM,5.48,MEDIUM,3.09
CLG0046,111,6.63,6.73,10,Yes,9,7,2,No,5.58,6.07,5.86,MEDIUM,4.14,MEDIUM,1.93
CLG0073,76,6.18,6.25,6,No,9,7,2,No,3.63,6.07,4.48,MEDIUM,5.52,MEDIUM,1.93
CLG0065,90,9.54,9.12,6,No,3,7,3,No,7.75,5.67,6.21,HIGH,3.79,LOW,2.33
CLG0070,108,7.51,7.68,3,No,10,7,3,No,4.47,7.07,5.76,MEDIUM,4.24,MEDIUM,0.93
CLG0038,90,8.28,8.25,6,No,3,1,1,No,6.35,1.4,3.94,LOW,6.06,HIGH,6.6
CLG0017,96,7.08,7.02,10,No,3,9,3,No,6.06,6.56,5.99,HIGH,4.01,LOW,1.44
CLG0073,111,8.16,8.52,7,No,10,7,0,No,6.81,4.67,5.79,MEDIUM,4.21,MEDIUM,3.33
CLG0011,106,6.93,6.45,2,Yes,1,7,4,No,2.89,6.07,4.7,MEDIUM,5.3,MEDIUM,1.93
CLG0053,104,6.7,6.45,3,No,7,1,3,No,3.09,3.8,3.83,LOW,6.17,HIGH,4.2
CLG0018,94,8.17,7.79,6,No,3,6,3,No,5.95,5.22,5.37,MEDIUM,4.63,MEDIUM,2.78
CLG0007,105,7.96,7.5,10,No,8,10,4,No,6.94,8.8,7.39,HIGH,2.61,LOW,0.0
CLG0035,98,6.47,6.25,9,No,1,8,4,No,4.8,6.51,5.5,MEDIUM,4.5,MEDIUM,1.49
CLG0044,106,5.75,6.24,9,Yes,6,5,5,No,4.36,6.98,5.65,MEDIUM,4.35,MEDIUM,1.02
CLG0071,92,6.84,6.61,8,No,4,1,2,No,4.95,2.4,3.81,LOW,6.19,HIGH,5.6
CLG0039,97,7.08,7.24,8,No,4,5,2,No,5.56,4.18,4.85,MEDIUM,5.15,MEDIUM,3.82
CLG0011,85,8.14,7.76,9,No,6,2,4,No,6.91,4.84,5.45,MEDIUM,4.55,MEDIUM,3.16
CLG0010,99,9.57,9.67,9,Yes,3,2,4,No,9.17,4.24,6.36,HIGH,3.64,LOW,3.76
CLG0098,87,5.18,5.66,10,No,2,4,4,No,3.93,4.93,4.33,MEDIUM,5.67,MEDIUM,3.07
CLG0088,83,6.22,6.01,9,Yes,8,4,0,No,4.48,2.93,3.68,LOW,6.32,HIGH,5.07
CLG0076,103,5.97,6.32,5,No,2,10,5,No,3.22,8.4,5.71,MEDIUM,4.29,MEDIUM,0.0
CLG0009,103,7.51,8.01,6,No,4,7,1,No,5.71,4.27,5.05,MEDIUM,4.95,MEDIUM,3.73
CLG0086,111,7.15,7.24,5,Yes,1,9,0,No,4.6,3.76,4.54,MEDIUM,5.46,MEDIUM,4.24
CLG0096,93,8.65,8.46,1,No,6,2,1,No,5.06,2.44,3.89,LOW,6.11,HIGH,5.56
CLG0008,106,6.21,6.38,4,No,10,8,2,No,3.07,6.71,5.02,MEDIUM,4.98,MEDIUM,1.29
CLG0048,108,7.97,8.31,1,Yes,6,8,4,Yes,4.54,7.51,5.97,HIGH,4.03,LOW,0.49
CLG0021,106,9.42,9.09,1,No,4,8,0,No,5.99,3.91,5.07,MEDIUM,4.93,MEDIUM,4.09
CLG0080,87,9.55,9.5,3,Yes,7,9,5,Yes,7.03,8.96,7.18,HIGH,2.82,LOW,0.0
CLG0097,102,9.79,9.61,7,Yes,8,9,4,Yes,8.59,8.36,7.82,HIGH,2.18,LOW,0.0
CLG0089,105,8.87,8.65,1,No,3,10,5,Yes,5.33,8.6,6.67,HIGH,3.33,LOW,0.0
CLG0006,100,9.53,9.89,7,Yes,10,7,5,No,8.64,8.67,7.93,HIGH,2.07,LOW,0.0
CLG0059,68,6.17,6.09,10,No,1,5,4,No,4.84,5.18,4.47,MEDIUM,5.53,MEDIUM,2.82
CLG0068,102,5.99,5.83,10,No,1,7,4,No,4.54,6.07,5.29,MEDIUM,4.71,MEDIUM,1.93
CLG0023,133,5.03,5.13,1,Yes,10,7,0,No,0.45,4.67,3.62,LOW,6.38,HIGH,3.33
CLG0073,94,8.53,8.25,9,Yes,3,10,4,Yes,7.5,7.8,7.03,HIGH,2.97,LOW,0.2
CLG0100,89,9.69,9.42,5,Yes,5,10,2,Yes,7.72,6.6,6.55,HIGH,3.45,LOW,1.4
CLG0075,105,5.93,5.95,6,No,5,7,1,No,3.26,4.47,4.19,LOW,5.81,HIGH,3.53
CLG0035,104,8.18,8.09,9,No,1,8,5,Yes,7.18,7.31,6.87,HIGH,3.13,LOW,0.69
CLG0012,117,8.73,8.52,3,No,0,2,3,Yes,5.82,2.84,4.76,MEDIUM,5.24,MEDIUM,5.16
CLG0099,81,9.64,9.19,3,No,1,4,2,No,6.86,3.13,4.68,MEDIUM,5.32,MEDIUM,4.87
CLG0071,110,8.23,8.25,5,Yes,7,9,1,No,5.99,5.76,5.88,MEDIUM,4.12,MEDIUM,2.24
CLG0057,108,9.85,10.0,7,Yes,4,4,3,No,8.91,4.53,6.52,HIGH,3.48,LOW,3.47
CLG0029,97,6.72,7.07,3,Yes,2,2,4,No,3.55,4.04,3.99,LOW,6.01,HIGH,3.96
CLG0085,105,6.75,6.49,4,No,8,7,2,No,3.48,5.87,4.83,MEDIUM,5.17,MEDIUM,2.13
CLG0067,115,7.72,7.82,2,No,6,6,5,No,4.37,7.42,5.98,HIGH,4.02,LOW,0.58
CLG0061,113,6.92,7.28,9,Yes,7,4,5,No,5.83,6.73,6.25,HIGH,3.75,LOW,1.27
CLG0061,82,5.01,4.92,10,No,5,8,3,No,3.28,6.51,4.62,MEDIUM,5.38,MEDIUM,1.49
CLG0088,112,8.66,9.09,9,No,6,6,3,Yes,8.2,5.82,6.82,HIGH,3.18,LOW,2.18
CLG0030,99,8.76,9.16,2,Yes,2,8,3,Yes,5.97,5.91,5.74,MEDIUM,4.26,MEDIUM,2.09
CLG0027,101,8.73,8.44,5,Yes,0,4,4,No,6.43,4.53,5.41,MEDIUM,4.59,MEDIUM,3.47
CLG0093,101,6.73,6.49,1,Yes,0,2,1,No,2.47,1.24,2.51,LOW,7.49,HIGH,6.76
CLG0030,97,7.61,7.29,8,Yes,0,6,1,No,5.91,3.02,4.53,MEDIUM,5.47,MEDIUM,4.98
CLG0100,117,6.8,6.5,6,No,10,9,2,Yes,4.18,7.16,5.84,MEDIUM,4.16,MEDIUM,0.84
CLG0055,98,5.08,5.49,10,Yes,10,9,4,No,3.74,8.76,5.97,HIGH,4.03,LOW,0.0
CLG0023,83,7.81,8.24,10,No,6,9,1,No,7.4,5.56,5.9,MEDIUM,4.1,MEDIUM,2.44
CLG0037,94,5.62,5.17,2,Yes,1,3,2,No,1.17,2.69,2.45,LOW,7.55,HIGH,5.31
CLG0026,102,5.4,5.49,2,No,5,3,1,No,1.27,2.69,2.63,LOW,7.37,HIGH,5.31
CLG0036,118,8.78,8.84,10,No,0,10,0,Yes,8.42,4.0,6.28,HIGH,3.72,LOW,4.0
CLG0092,109,5.05,4.94,5,Yes,9,3,4,No,1.66,5.89,4.18,LOW,5.82,HIGH,2.11
CLG0063,87,9.8,9.93,7,Yes,7,5,0,No,8.83,3.18,5.59,MEDIUM,4.41,MEDIUM,4.82
CLG0037,137,7.58,8.03,9,Yes,4,5,1,No,6.77,3.38,5.7,MEDIUM,4.3,MEDIUM,4.62
CLG0051,103,9.92,9.59,9,Yes,8,5,1,No,9.32,4.18,6.46,HIGH,3.54,LOW,3.82
CLG0068,119,5.29,4.91,6,No,2,8,0,No,2.11,3.51,3.58,LOW,6.42,HIGH,4.49
CLG0093,97,7.92,7.45,2,Yes,1,10,4,No,4.22,7.4,5.61,MEDIUM,4.39,MEDIUM,0.6
CLG0078,108,6.75,6.61,6,Yes,7,8,2,No,4.23,6.11,5.28,MEDIUM,4.72,MEDIUM,1.89
CLG0063,112,9.22,9.06,1,No,10,8,3,Yes,5.84,7.51,6.55,HIGH,3.45,LOW,0.49
CLG0037,118,6.81,6.74,2,No,4,9,5,Yes,3.03,8.36,5.87,MEDIUM,4.13,MEDIUM,0.0
CLG0097,115,6.3,6.3,3,Yes,0,10,0,No,2.74,4.0,3.96,LOW,6.04,HIGH,4.0
CLG0031,113,9.29,9.55,5,No,10,6,5,Yes,7.58,8.22,7.55,HIGH,2.45,LOW,0.0
CLG0078,95,6.87,6.76,10,Yes,5,2,4,No,5.75,4.64,5.08,MEDIUM,4.92,MEDIUM,3.36
CLG0025,91,5.08,4.91,1,Yes,2,9,4,No,0.32,7.16,3.85,LOW,6.15,HIGH,0.84
CLG0073,104,6.95,7.28,10,Yes,7,6,5,No,6.18,7.62,6.6,HIGH,3.4,LOW,0.38
CLG0025,113,8.27,8.62,5,No,5,1,3,Yes,6.28,3.4,5.1,MEDIUM,4.9,MEDIUM,4.6
CLG0046,96,6.27,6.0,5,No,1,5,2,No,3.16,3.58,3.64,LOW,6.36,HIGH,4.42
CLG0089,115,7.16,6.97,4,No,5,7,2,No,4.08,5.27,5.0,MEDIUM,5.0,MEDIUM,2.73
CLG0030,121,5.28,5.61,3,Yes,2,1,1,No,1.62,1.2,2.5,LOW,7.5,HIGH,6.8
CLG0020,86,7.94,7.52,7,No,6,7,1,No,5.95,4.67,5.02,MEDIUM,4.98,MEDIUM,3.33
CLG0023,87,8.78,8.61,7,Yes,0,5,5,No,7.25,5.78,6.0,HIGH,4.0,LOW,2.22
CLG0001,97,7.07,7.02,1,No,0,5,0,No,3.06,1.78,2.89,LOW,7.11,HIGH,6.22
CLG0015,104,7.1,6.79,7,Yes,9,2,5,No,4.91,6.24,5.54,MEDIUM,4.46,MEDIUM,1.76
CLG0021,92,5.44,5.12,3,Yes,3,4,2,No,1.36,3.53,2.83,LOW,7.17,HIGH,4.47
CLG0030,120,6.01,5.93,3,No,6,9,0,No,2.29,4.76,4.17,LOW,5.83,HIGH,3.24
CLG0011,106,5.77,6.02,6,Yes,3,2,1,No,3.21,1.84,3.13,LOW,6.87,HIGH,6.16
CLG0090,100,7.41,7.75,6,No,8,9,0,No,5.46,5.16,5.26,MEDIUM,4.74,MEDIUM,2.84
CLG0052,78,7.65,8.13,4,No,7,8,3,Yes,5.22,6.91,5.48,MEDIUM,4.52,MEDIUM,1.09
CLG0030,80,9.74,9.31,5,Yes,4,4,5,No,7.67,6.13,6.19,HIGH,3.81,LOW,1.87
CLG0009,104,5.37,5.09,3,No,0,2,0,No,1.29,0.44,1.77,LOW,8.23,HIGH,7.56
CLG0069,68,8.0,8.26,3,Yes,2,6,1,No,5.19,3.42,3.91,LOW,6.09,HIGH,4.58
CLG0047,115,7.63,7.67,9,No,7,7,1,No,6.54,4.87,5.83,MEDIUM,4.17,MEDIUM,3.13
CLG0034,97,7.58,7.41,5,No,6,2,3,No,4.98,4.04,4.57,MEDIUM,5.43,MEDIUM,3.96
CLG0033,148,9.37,9.08,1,No,7,8,3,Yes,5.95,6.91,6.97,HIGH,3.03,LOW,1.09
CLG0098,134,6.03,5.81,9,Yes,0,9,2,Yes,4.22,5.16,5.34,MEDIUM,4.66,MEDIUM,2.84
CLG0065,97,5.2,5.13,10,No,1,5,3,No,3.55,4.38,4.13,LOW,5.87,HIGH,3.62
CLG0051,98,8.36,8.04,6,Yes,9,6,3,No,6.25,6.42,6.04,HIGH,3.96,LOW,1.58
CLG0079,114,6.73,7.19,9,No,6,6,2,No,5.65,5.02,5.52,MEDIUM,4.48,MEDIUM,2.98
CLG0031,125,5.09,4.7,7,Yes,4,10,3,Yes,2.17,7.2,5.18,MEDIUM,4.82,MEDIUM,0.8
CLG0056,75,6.26,6.75,10,Yes,4,2,4,No,5.38,4.44,4.51,MEDIUM,5.49,MEDIUM,3.56
CLG0076,73,6.55,6.89,10,Yes,9,1,4,No,5.65,5.0,4.81,MEDIUM,5.19,MEDIUM,3.0
CLG0071,90,8.08,8.0,7,No,8,5,4,No,6.38,6.58,6.02,HIGH,3.98,LOW,1.42
CLG0045,108,5.86,6.1,5,No,0,6,3,No,2.99,4.62,4.19,LOW,5.81,HIGH,3.38
CLG0033,107,7.07,7.24,7,Yes,4,1,1,No,5.22,1.6,3.86,LOW,6.14,HIGH,6.4
CLG0096,116,7.41,7.12,10,No,6,8,1,No,6.34,5.11,5.86,MEDIUM,4.14,MEDIUM,2.89
CLG0051,82,7.3,7.14,4,No,4,5,2,No,4.28,4.18,4.08,LOW,5.92,HIGH,3.82
CLG0005,65,9.87,9.88,6,Yes,9,5,1,No,8.5,4.38,5.56,MEDIUM,4.44,MEDIUM,3.62
CLG0038,112,5.23,5.37,2,No,10,8,1,No,1.08,5.91,4.01,LOW,5.99,HIGH,2.09
CLG0005,87,9.75,9.79,10,Yes,6,8,2,Yes,9.7,5.91,7.03,HIGH,2.97,LOW,2.09
CLG0056,69,7.91,7.88,3,No,0,9,4,No,4.86,6.76,5.13,MEDIUM,4.87,MEDIUM,1.24
CLG0081,102,8.98,8.92,2,No,4,4,2,No,5.93,3.73,4.91,MEDIUM,5.09,MEDIUM,4.27
CLG0071,111,7.15,7.15,10,Yes,5,3,1,No,6.2,2.69,4.75,MEDIUM,5.25,MEDIUM,5.31
CLG0089,98,7.27,7.2,2,No,5,10,1,No,3.64,5.8,4.75,MEDIUM,5.25,MEDIUM,2.2
CLG0025,93,9.4,9.44,7,No,3,2,2,No,8.23,2.64,5.24,MEDIUM,4.76,MEDIUM,5.36
CLG0067,97,9.48,9.87,5,No,4,1,3,No,7.93,3.2,5.41,MEDIUM,4.59,MEDIUM,4.8
CLG0052,94,6.19,6.32,6,No,7,10,1,No,3.68,6.2,4.86,MEDIUM,5.14,MEDIUM,1.8
CLG0036,79,6.0,6.22,3,No,5,5,1,No,2.5,3.58,3.08,LOW,6.92,HIGH,4.42
CLG0092,89,7.48,7.58,10,No,0,6,2,No,6.72,3.82,5.04,MEDIUM,4.96,MEDIUM,4.18
CLG0023,107,9.5,9.64,5,No,4,8,5,Yes,7.77,7.91,7.4,HIGH,2.6,LOW,0.09
CLG0008,104,6.61,6.69,5,Yes,6,6,1,No,3.87,4.22,4.31,MEDIUM,5.69,MEDIUM,3.78
CLG0031,102,8.26,7.79,4,No,7,2,5,No,5.34,5.84,5.51,MEDIUM,4.49,MEDIUM,2.16
CLG0063,85,8.54,9.04,10,Yes,3,8,3,Yes,8.42,6.11,6.56,HIGH,3.44,LOW,1.89
CLG0021,97,8.89,8.42,4,Yes,1,5,3,No,6.18,4.38,5.18,MEDIUM,4.82,MEDIUM,3.62
CLG0099,67,7.82,7.72,8,No,3,3,2,No,6.36,3.09,4.22,LOW,5.78,HIGH,4.91
CLG0050,102,7.01,6.62,6,No,5,6,0,No,4.4,3.22,4.09,LOW,5.91,HIGH,4.78
CLG0029,121,9.84,9.44,2,Yes,5,6,4,Yes,6.83,6.42,6.67,HIGH,3.33,LOW,1.58
CLG0060,77,8.06,8.35,2,Yes,5,3,3,No,4.96,4.29,4.32,MEDIUM,5.68,MEDIUM,3.71
CLG0067,91,8.64,8.57,2,Yes,0,7,3,No,5.47,5.07,5.07,MEDIUM,4.93,MEDIUM,2.93
CLG0044,104,6.72,7.02,6,Yes,10,7,4,No,4.52,7.87,6.03,HIGH,3.97,LOW,0.13
CLG0089,118,8.35,8.12,1,No,6,7,2,Yes,4.63,5.47,5.36,MEDIUM,4.64,MEDIUM,2.53
CLG0002,93,6.29,6.05,3,No,6,8,1,No,2.55,5.11,3.95,LOW,6.05,HIGH,2.89
CLG0098,89,6.23,5.98,1,Yes,4,7,2,No,1.79,5.07,3.56,LOW,6.44,HIGH,2.93
CLG0015,70,8.57,8.69,4,Yes,3,4,0,No,6.18,1.93,3.74,LOW,6.26,HIGH,6.07
CLG0039,101,7.61,7.92,1,No,10,5,5,No,4.04,7.78,5.75,MEDIUM,4.25,MEDIUM,0.22
CLG0040,130,8.42,8.37,9,Yes,2,4,0,No,7.52,1.73,5.22,MEDIUM,4.78,MEDIUM,6.27
CLG0047,104,6.35,6.23,6,Yes,10,2,4,No,3.71,5.64,4.82,MEDIUM,5.18,MEDIUM,2.36
CLG0076,99,7.99,8.46,8,Yes,10,7,5,No,7.0,8.67,7.26,HIGH,2.74,LOW,0.0
CLG0052,104,7.22,6.84,2,Yes,10,3,0,No,3.35,2.89,3.57,LOW,6.43,HIGH,5.11
CLG0088,99,7.98,7.97,6,Yes,7,1,0,No,5.97,1.4,3.94,LOW,6.06,HIGH,6.6
CLG0006,87,6.45,6.36,4,Yes,10,1,4,No,3.2,5.2,4.15,LOW,5.85,HIGH,2.8
CLG0070,112,8.58,8.18,7,No,7,9,4,Yes,6.81,8.16,7.2,HIGH,2.8,LOW,0.0
CLG0048,103,9.03,8.8,8,No,2,3,4,No,7.87,4.49,6.0,HIGH,4.0,LOW,3.51
CLG0058,100,6.3,5.83,6,No,10,7,4,No,3.39,7.87,5.51,MEDIUM,4.49,MEDIUM,0.13
CLG0090,85,6.5,6.88,1,No,10,9,4,No,2.61,8.76,5.3,MEDIUM,4.7,MEDIUM,0.0
CLG0003,119,8.31,8.42,8,No,4,7,3,Yes,7.16,5.87,6.55,HIGH,3.45,LOW,2.13
CLG0096,109,8.48,8.8,1,Yes,7,8,5,Yes,5.21,8.51,6.65,HIGH,3.35,LOW,0.0
CLG0046,91,8.52,8.54,9,No,9,6,5,No,7.71,8.02,7.15,HIGH,2.85,LOW,0.0
CLG0018,115,8.41,8.51,2,No,9,3,1,No,5.29,3.49,4.78,MEDIUM,5.22,MEDIUM,4.51
CLG0056,92,6.96,7.16,10,No,5,1,4,No,6.1,4.2,4.99,MEDIUM,5.01,MEDIUM,3.8
CLG0092,88,6.97,7.38,6,Yes,1,10,1,No,4.93,5.0,4.78,MEDIUM,5.22,MEDIUM,3.0
CLG0033,88,6.27,5.86,8,No,0,8,0,No,4.06,3.11,3.67,LOW,6.33,HIGH,4.89
CLG0017,73,5.78,5.61,5,No,6,6,3,No,2.59,5.82,3.91,LOW,6.09,HIGH,2.18
CLG0032,107,8.46,8.67,2,No,1,2,4,No,5.43,3.84,4.84,MEDIUM,5.16,MEDIUM,4.16
CLG0076,72,5.47,5.93,5,Yes,9,10,5,No,2.63,9.8,5.5,MEDIUM,4.5,MEDIUM,0.0
CLG0085,81,9.69,10.0,1,Yes,9,8,3,Yes,6.81,7.31,6.33,HIGH,3.67,LOW,0.69
CLG0002,68,9.13,9.27,8,No,3,4,2,No,8.28,3.53,5.19,MEDIUM,4.81,MEDIUM,4.47
CLG0026,98,9.29,8.98,8,Yes,10,10,1,No,8.16,6.8,6.96,HIGH,3.04,LOW,1.2
CLG0039,97,9.53,9.15,2,Yes,5,9,5,Yes,6.43,8.56,6.95,HIGH,3.05,LOW,0.0
CLG0063,95,7.04,7.49,6,No,6,9,5,No,5.05,8.76,6.45,HIGH,3.55,LOW,0.0
CLG0017,84,9.23,9.16,8,Yes,6,9,5,Yes,8.26,8.76,7.54,HIGH,2.46,LOW,0.0
CLG0100,82,5.79,5.48,10,Yes,6,4,4,No,4.16,5.73,4.66,MEDIUM,5.34,MEDIUM,2.27
CLG0034,106,5.11,5.54,8,No,3,6,1,No,3.13,3.62,3.81,LOW,6.19,HIGH,4.38
CLG0019,91,8.92,8.52,7,Yes,10,4,1,No,7.27,4.13,5.41,MEDIUM,4.59,MEDIUM,3.87
CLG0062,104,5.37,5.6,3,Yes,9,10,2,No,1.67,7.4,4.7,MEDIUM,5.3,MEDIUM,0.6
CLG0032,86,9.94,10.0,4,No,9,10,1,No,7.96,6.6,6.59,HIGH,3.41,LOW,1.4
CLG0050,102,8.37,7.96,1,Yes,5,5,0,No,4.53,2.78,3.97,LOW,6.03,HIGH,5.22
CLG0086,119,8.77,8.61,9,Yes,2,7,1,No,7.91,3.87,6.05,HIGH,3.95,LOW,4.13
CLG0045,108,6.23,5.88,10,Yes,7,7,2,No,4.72,5.67,5.3,MEDIUM,4.7,MEDIUM,2.33
CLG0054,93,8.37,8.47,10,Yes,0,10,2,Yes,7.9,5.6,6.29,HIGH,3.71,LOW,2.4
CLG0082,103,5.22,5.2,2,No,7,6,5,No,0.95,7.62,4.49,MEDIUM,5.51,MEDIUM,0.38
CLG0088,96,9.19,8.69,10,No,4,10,4,Yes,8.55,8.0,7.56,HIGH,2.44,LOW,0.0
CLG0001,100,5.85,6.33,7,Yes,7,4,0,No,3.82,2.73,3.63,LOW,6.37,HIGH,5.27
CLG0066,95,8.49,8.34,8,Yes,3,5,1,No,7.21,3.18,5.08,MEDIUM,4.92,MEDIUM,4.82
CLG0040,97,6.12,5.88,4,Yes,1,5,5,No,2.65,5.98,4.41,MEDIUM,5.59,MEDIUM,2.02
CLG0024,103,5.34,5.06,10,Yes,3,9,2,No,3.58,5.76,4.8,MEDIUM,5.2,MEDIUM,2.24
CLG0052,85,7.41,7.07,1,No,10,6,2,No,3.3,5.82,4.4,MEDIUM,5.6,MEDIUM,2.18
CLG0002,84,5.85,6.35,5,No,7,4,1,No,3.17,3.53,3.42,LOW,6.58,HIGH,4.47
CLG0061,79,8.65,8.45,10,Yes,9,6,1,No,8.05,4.82,5.8,MEDIUM,4.2,MEDIUM,3.18
CLG0027,75,6.19,6.1,10,Yes,0,7,4,No,4.86,5.87,4.87,MEDIUM,5.13,MEDIUM,2.13
CLG0066,81,6.71,7.08,6,Yes,10,7,4,No,4.55,7.87,5.65,MEDIUM,4.35,MEDIUM,0.13
CLG0087,102,7.84,7.98,7,No,4,10,0,No,6.22,4.8,5.45,MEDIUM,4.55,MEDIUM,3.2
CLG0033,86,6.42,6.29,1,No,10,3,4,No,2.13,6.09,4.06,LOW,5.94,HIGH,1.91
CLG0034,107,6.89,7.29,4,Yes,5,6,4,No,4.15,6.42,5.36,MEDIUM,4.64,MEDIUM,1.58
CLG0062,100,9.08,9.33,5,No,3,7,3,No,7.29,5.67,6.19,HIGH,3.81,LOW,2.33
CLG0032,70,5.9,5.63,5,No,3,1,1,No,2.67,1.4,2.12,LOW,7.88,HIGH,6.6
CLG0003,109,5.41,5.55,7,No,3,4,4,No,2.99,5.13,4.41,MEDIUM,5.59,MEDIUM,2.87
CLG0055,112,6.64,7.06,4,Yes,2,7,3,No,3.83,5.47,4.93,MEDIUM,5.07,MEDIUM,2.53
CLG0027,85,7.12,7.12,10,Yes,9,10,3,No,6.16,8.2,6.5,HIGH,3.5,LOW,0.0
CLG0076,106,7.71,7.94,7,Yes,4,1,5,No,6.12,4.8,5.48,MEDIUM,4.52,MEDIUM,3.2
CLG0008,87,6.86,7.33,8,No,5,8,4,No,5.49,7.31,5.91,MEDIUM,4.09,MEDIUM,0.69
CLG0020,101,8.95,9.14,2,No,2,6,2,No,6.07,4.22,5.14,MEDIUM,4.86,MEDIUM,3.78
CLG0052,81,5.2,4.8,1,No,10,6,4,No,0.31,7.42,3.78,LOW,6.22,HIGH,0.58
CLG0017,73,7.16,6.9,10,Yes,10,3,4,No,6.02,6.09,5.39,MEDIUM,4.61,MEDIUM,1.91
CLG0033,94,6.91,7.01,10,No,2,6,1,No,5.96,3.42,4.66,MEDIUM,5.34,MEDIUM,4.58
CLG0055,98,8.24,8.02,1,No,8,4,2,No,4.49,4.53,4.58,MEDIUM,5.42,MEDIUM,3.47
CLG0075,94,9.83,10.0,1,Yes,1,9,5,Yes,6.9,7.76,6.77,HIGH,3.23,LOW,0.24
CLG0073,82,7.55,7.46,9,No,5,4,0,No,6.34,2.33,4.17,LOW,5.83,HIGH,5.67
CLG0098,94,9.93,9.89,4,No,7,6,4,No,7.88,6.82,6.79,HIGH,3.21,LOW,1.18
CLG0071,104,6.51,6.71,9,No,7,6,4,No,5.16,6.82,5.87,MEDIUM,4.13,MEDIUM,1.18
CLG0016,99,5.15,5.17,7,Yes,0,1,1,No,2.55,0.8,2.33,LOW,7.67,HIGH,7.2
CLG0091,102,5.83,5.71,7,Yes,0,4,0,No,3.36,1.33,2.92,LOW,7.08,HIGH,6.67
CLG0079,89,6.98,6.56,2,Yes,7,9,3,No,3.0,7.36,4.96,MEDIUM,5.04,MEDIUM,0.64
CLG0064,117,6.58,6.68,2,No,0,10,2,Yes,2.85,5.6,4.68,MEDIUM,5.32,MEDIUM,2.4
CLG0088,82,5.49,5.86,5,No,2,6,0,No,2.59,2.62,2.78,LOW,7.22,HIGH,5.38
CLG0040,107,7.16,7.35,10,No,8,4,5,No,6.35,6.93,6.44,HIGH,3.56,LOW,1.07
CLG0058,117,6.69,6.57,1,No,2,7,4,No,2.5,6.27,4.81,MEDIUM,5.19,MEDIUM,1.73
CLG0083,107,5.61,5.24,7,No,1,10,3,No,2.88,6.6,4.92,MEDIUM,5.08,MEDIUM,1.4
CLG0023,96,6.48,6.8,7,No,0,7,1,No,4.54,3.47,4.14,LOW,5.86,HIGH,4.53
CLG0095,92,9.43,9.87,8,No,0,5,4,No,8.9,4.98,6.42,HIGH,3.58,LOW,3.02
CLG0094,115,6.51,6.4,7,Yes,9,4,1,No,4.27,3.93,4.54,MEDIUM,5.46,MEDIUM,4.07
CLG0007,78,8.57,8.8,8,Yes,2,4,2,No,7.6,3.33,5.0,MEDIUM,5.0,MEDIUM,4.67
CLG0059,85,8.06,7.97,3,No,5,7,1,No,5.02,4.47,4.55,MEDIUM,5.45,MEDIUM,3.53
CLG0059,94,7.14,7.14,3,No,6,6,0,No,3.86,3.42,3.82,LOW,6.18,HIGH,4.58
CLG0003,118,6.2,6.54,8,Yes,5,4,0,No,4.52,2.33,4.06,LOW,5.94,HIGH,5.67
CLG0030,105,6.85,6.43,9,No,5,3,2,No,5.16,3.49,4.55,MEDIUM,5.45,MEDIUM,4.51
CLG0010,85,7.96,7.99,10,No,8,2,2,No,7.3,3.64,5.13,MEDIUM,4.87,MEDIUM,4.36
CLG0098,95,6.75,6.46,4,No,3,4,2,No,3.46,3.53,3.72,LOW,6.28,HIGH,4.47
CLG0013,90,6.07,5.91,8,No,4,7,0,No,3.98,3.47,3.82,LOW,6.18,HIGH,4.53
CLG0039,89,5.58,5.72,1,Yes,0,2,4,No,1.21,3.64,2.76,LOW,7.24,HIGH,4.36
CLG0077,114,9.4,8.93,2,Yes,3,9,0,Yes,6.19,4.16,5.39,MEDIUM,4.61,MEDIUM,3.84
CLG0064,79,7.2,7.29,10,No,9,9,5,No,6.33,9.36,6.93,HIGH,3.07,LOW,0.0
CLG0025,124,8.13,7.91,10,No,5,6,1,No,7.35,4.02,5.97,HIGH,4.03,LOW,3.98
CLG0041,112,7.45,7.62,10,Yes,6,9,2,Yes,6.73,6.36,6.45,HIGH,3.55,LOW,1.64
CLG0098,116,9.36,9.0,9,Yes,10,1,3,Yes,8.55,4.4,6.46,HIGH,3.54,LOW,3.6
CLG0040,93,7.73,7.97,2,No,1,6,0,No,4.48,2.42,3.65,LOW,6.35,HIGH,5.58
CLG0062,97,7.4,7.55,2,No,9,3,3,No,3.98,5.09,4.59,MEDIUM,5.41,MEDIUM,2.91
CLG0040,78,9.62,10.0,8,No,5,6,4,No,9.11,6.42,6.84,HIGH,3.16,LOW,1.58
CLG0034,92,8.6,9.01,5,No,2,5,0,No,6.77,2.18,4.45,MEDIUM,5.55,MEDIUM,5.82
CLG0079,107,5.56,5.34,5,No,6,5,4,No,2.26,6.18,4.5,MEDIUM,5.5,MEDIUM,1.82
CLG0003,119,5.89,5.42,6,Yes,8,1,4,No,2.85,4.8,4.39,MEDIUM,5.61,MEDIUM,3.2
CLG0052,83,8.94,9.1,8,No,10,5,0,No,8.04,3.78,5.45,MEDIUM,4.55,MEDIUM,4.22
CLG0046,94,9.18,9.28,8,Yes,3,6,0,No,8.31,2.82,5.36,MEDIUM,4.64,MEDIUM,5.18
CLG0086,97,7.73,7.26,9,Yes,7,1,4,No,6.3,4.6,5.32,MEDIUM,4.68,MEDIUM,3.4
CLG0098,79,7.77,7.39,10,No,9,10,5,No,6.75,9.8,7.27,HIGH,2.73,LOW,0.0
CLG0069,108,8.16,8.24,3,Yes,5,7,5,No,5.27,7.67,6.32,HIGH,3.68,LOW,0.33
CLG0041,89,7.2,7.61,9,Yes,2,1,2,No,6.24,2.0,4.12,LOW,5.88,HIGH,6.0
CLG0086,97,8.4,8.81,3,No,2,7,0,No,5.83,3.07,4.52,MEDIUM,5.48,MEDIUM,4.93
CLG0060,93,5.54,5.19,1,No,2,9,5,No,0.8,7.96,4.39,MEDIUM,5.61,MEDIUM,0.04
CLG0029,88,9.81,9.69,5,No,3,7,4,No,7.99,6.47,6.59,HIGH,3.41,LOW,1.53
CLG0008,99,8.75,8.29,7,Yes,1,10,1,No,7.0,5.0,5.79,MEDIUM,4.21,MEDIUM,3.0
CLG0098,96,8.16,8.13,3,Yes,4,5,3,No,5.19,4.98,5.01,MEDIUM,4.99,MEDIUM,3.02
CLG0004,94,6.58,6.83,9,Yes,7,3,1,No,5.29,3.09,4.26,MEDIUM,5.74,HIGH,4.91
CLG0025,89,5.8,6.09,1,Yes,6,7,0,No,1.62,3.87,3.02,LOW,6.98,HIGH,4.13
CLG0050,104,7.05,7.05,6,No,8,6,0,No,4.74,3.82,4.5,MEDIUM,5.5,MEDIUM,4.18
CLG0023,124,8.31,7.91,6,No,2,8,0,No,6.12,3.51,5.27,MEDIUM,4.73,MEDIUM,4.49
CLG0025,102,8.17,8.05,8,No,3,8,0,No,6.81,3.71,5.25,MEDIUM,4.75,MEDIUM,4.29
CLG0098,114,6.91,7.34,3,No,7,10,5,Yes,3.86,9.4,6.55,HIGH,3.45,LOW,0.0
CLG0070,79,8.07,7.8,5,No,9,6,1,No,5.56,4.82,4.8,MEDIUM,5.2,MEDIUM,3.18
CLG0098,102,9.07,8.89,10,No,10,7,2,No,8.63,6.27,7.0,HIGH,3.0,LOW,1.73
CLG0021,83,5.13,5.38,5,Yes,2,3,5,No,2.03,5.29,3.65,LOW,6.35,HIGH,2.71
CLG0094,77,7.25,7.48,8,No,0,4,5,No,5.84,5.33,5.08,MEDIUM,4.92,MEDIUM,2.67
CLG0056,88,8.79,9.2,7,No,1,7,4,No,7.69,6.07,6.31,HIGH,3.69,LOW,1.93
CLG0003,117,7.73,7.62,3,No,9,6,4,No,4.56,7.22,6.01,HIGH,3.99,LOW,0.78
CLG0079,114,8.26,8.27,7,No,9,3,4,Yes,6.69,5.89,6.28,HIGH,3.72,LOW,2.11
CLG0021,103,7.58,7.55,10,No,7,10,3,No,6.75,7.8,6.88,HIGH,3.12,LOW,0.2
CLG0083,77,9.96,10.0,8,No,6,7,0,No,9.31,3.87,5.89,MEDIUM,4.11,MEDIUM,4.13
CLG0083,97,5.27,5.54,5,No,3,3,5,No,2.23,5.49,4.05,LOW,5.95,HIGH,2.51
CLG0049,104,7.46,7.79,5,Yes,7,10,1,No,5.19,6.2,5.63,MEDIUM,4.37,MEDIUM,1.8
CLG0046,102,5.46,5.09,1,No,2,8,1,No,0.68,4.31,3.04,LOW,6.96,HIGH,3.69
CLG0098,72,5.8,6.09,8,No,0,7,1,No,3.95,3.47,3.5,LOW,6.5,HIGH,4.53
CLG0078,86,6.92,6.85,6,No,3,4,2,No,4.51,3.53,3.99,LOW,6.01,HIGH,4.47
CLG0068,99,5.78,5.3,6,No,5,1,0,No,2.69,1.0,2.47,LOW,7.53,HIGH,7.0
CLG0031,108,9.82,9.38,5,No,5,6,4,No,7.77,6.42,6.82,HIGH,3.18,LOW,1.58
CLG0046,67,9.73,9.91,5,No,3,5,4,No,8.11,5.58,5.92,MEDIUM,4.08,MEDIUM,2.42
CLG0075,97,6.68,6.55,3,Yes,7,9,0,No,3.15,4.96,4.2,LOW,5.8,HIGH,3.04
CLG0044,102,8.2,8.57,3,Yes,8,10,5,Yes,5.54,9.6,7.1,HIGH,2.9,LOW,0.0
CLG0045,112,7.67,7.9,2,No,1,6,4,No,4.4,5.62,5.22,MEDIUM,4.78,MEDIUM,2.38
CLG0075,110,9.08,8.6,9,No,2,1,5,No,8.09,4.4,6.18,HIGH,3.82,LOW,3.6
CLG0049,108,8.14,8.33,8,Yes,7,3,4,No,6.99,5.49,6.14,HIGH,3.86,LOW,2.51
CLG0004,88,5.0,4.69,3,No,0,2,0,No,0.78,0.44,1.29,LOW,8.71,HIGH,7.56
CLG0080,71,8.82,8.74,5,Yes,0,3,1,No,6.7,1.69,3.87,LOW,6.13,HIGH,6.31
CLG0057,94,8.73,8.85,10,No,6,1,5,No,8.4,5.2,6.35,HIGH,3.65,LOW,2.8
CLG0056,115,7.55,7.92,5,Yes,9,2,3,No,5.34,4.64,5.26,MEDIUM,4.74,MEDIUM,3.36
CLG0038,120,9.51,9.47,8,Yes,6,8,5,Yes,8.65,8.31,8.13,HIGH,1.87,LOW,0.0
CLG0006,110,9.54,9.85,6,No,6,3,5,No,8.28,6.09,6.93,HIGH,3.07,LOW,1.91
CLG0082,106,7.62,7.9,7,No,4,9,5,No,6.03,8.36,6.87,HIGH,3.13,LOW,0.0
CLG0089,105,8.04,7.95,5,No,6,4,0,No,5.66,2.53,4.37,MEDIUM,5.63,MEDIUM,5.47
CLG0024,91,9.98,9.98,1,Yes,8,2,4,No,6.97,5.24,5.74,MEDIUM,4.26,MEDIUM,2.76
CLG0052,98,6.49,6.69,8,No,5,7,4,No,4.8,6.87,5.64,MEDIUM,4.36,MEDIUM,1.13
CLG0039,125,6.62,6.15,4,No,5,9,3,Yes,3.15,6.96,5.48,MEDIUM,4.52,MEDIUM,1.04
CLG0073,85,5.91,6.3,5,Yes,2,5,3,No,3.17,4.58,3.85,LOW,6.15,HIGH,3.42
CLG0037,124,9.48,9.75,1,No,6,1,5,Yes,6.5,5.2,6.1,HIGH,3.9,LOW,2.8
CLG0098,95,8.72,8.47,3,No,5,9,3,Yes,5.78,6.96,6.02,HIGH,3.98,LOW,1.04
CLG0034,119,5.53,6.01,2,No,4,9,0,No,1.73,4.36,3.77,LOW,6.23,HIGH,3.64
CLG0040,78,9.91,9.59,2,No,2,7,1,No,6.98,3.87,4.97,MEDIUM,5.03,MEDIUM,4.13
CLG0040,108,8.65,9.06,1,No,2,1,3,No,5.5,2.8,4.47,MEDIUM,5.53,MEDIUM,5.2
CLG0037,88,9.25,9.07,6,No,5,4,5,No,7.54,6.33,6.35,HIGH,3.65,LOW,1.67
CLG0092,78,5.24,5.5,8,Yes,5,1,2,No,3.18,2.6,2.94,LOW,7.06,HIGH,5.4
CLG0050,103,7.52,7.48,3,No,4,3,5,No,4.33,5.69,5.07,MEDIUM,4.93,MEDIUM,2.31
CLG0011,115,8.49,8.73,1,No,2,7,1,No,5.16,3.87,4.88,MEDIUM,5.12,MEDIUM,4.13
CLG0078,87,7.71,7.37,10,No,1,1,3,No,6.7,2.6,4.51,MEDIUM,5.49,MEDIUM,5.4
CLG0059,77,8.33,8.1,2,No,3,8,4,Yes,4.94,6.91,5.36,MEDIUM,4.64,MEDIUM,1.09
CLG0026,98,9.09,8.69,3,No,3,10,0,No,6.16,4.6,5.28,MEDIUM,4.72,MEDIUM,3.4
CLG0060,98,6.87,7.24,6,No,9,4,4,No,4.77,6.33,5.41,MEDIUM,4.59,MEDIUM,1.67
CLG0008,108,9.24,9.04,3,No,1,4,4,No,6.51,4.73,5.64,MEDIUM,4.36,MEDIUM,3.27
CLG0028,114,5.81,6.0,9,No,8,1,0,No,4.22,1.6,3.58,LOW,6.42,HIGH,6.4
CLG0084,99,6.35,6.67,1,Yes,10,5,1,No,2.37,4.58,3.77,LOW,6.23,HIGH,3.42
CLG0060,127,5.22,5.62,7,No,10,8,4,Yes,2.92,8.31,5.96,HIGH,4.04,LOW,0.0
CLG0089,103,6.82,6.43,10,No,2,8,1,No,5.48,4.31,4.98,MEDIUM,5.02,MEDIUM,3.69
CLG0010,94,6.9,7.29,8,No,0,7,0,No,5.49,2.67,4.17,LOW,5.83,HIGH,5.33
CLG0063,75,9.03,8.73,9,No,4,7,3,No,8.15,5.87,6.19,HIGH,3.81,LOW,2.13
CLG0061,96,8.27,8.51,8,Yes,9,8,4,Yes,7.2,8.11,7.06,HIGH,2.94,LOW,0.0
CLG0075,94,7.18,7.41,5,Yes,2,8,4,No,4.74,6.71,5.49,MEDIUM,4.51,MEDIUM,1.29
CLG0026,114,8.26,7.77,1,No,5,1,0,No,4.32,1.0,3.38,LOW,6.62,HIGH,7.0
CLG0023,106,5.26,4.98,1,No,0,2,0,No,0.48,0.44,1.48,LOW,8.52,HIGH,7.56
CLG0063,82,5.9,5.89,8,Yes,9,10,3,No,3.86,8.2,5.52,MEDIUM,4.48,MEDIUM,0.0
CLG0019,102,8.13,8.05,7,No,3,8,0,No,6.45,3.71,5.11,MEDIUM,4.89,MEDIUM,4.29
CLG0018,110,8.21,8.63,5,Yes,0,1,2,No,6.26,1.6,4.32,MEDIUM,5.68,MEDIUM,6.4
CLG0050,122,8.87,8.73,10,Yes,0,9,2,Yes,8.39,5.16,6.8,HIGH,3.2,LOW,2.84
CLG0019,113,7.01,7.45,3,Yes,9,9,5,Yes,4.0,9.36,6.57,HIGH,3.43,LOW,0.0
CLG0015,111,8.61,8.57,9,Yes,7,10,5,Yes,7.79,9.4,8.07,HIGH,1.93,LOW,0.0
CLG0016,100,8.42,8.88,4,Yes,9,2,0,No,6.23,2.24,4.4,MEDIUM,5.6,MEDIUM,5.76
CLG0020,105,9.82,10.0,6,No,10,6,3,No,8.56,6.62,7.17,HIGH,2.83,LOW,1.38
CLG0019,118,6.08,6.41,4,No,3,4,2,No,3.02,3.53,3.94,LOW,6.06,HIGH,4.47
CLG0075,80,7.76,7.36,9,No,9,10,4,No,6.39,9.0,6.82,HIGH,3.18,LOW,0.0
CLG0071,94,8.01,8.1,4,No,2,7,3,No,5.41,5.47,5.26,MEDIUM,4.74,MEDIUM,2.53
CLG0019,88,9.99,9.63,8,Yes,5,2,0,No,9.06,1.44,5.0,MEDIUM,5.0,MEDIUM,6.56
CLG0088,105,6.01,5.81,3,No,10,10,2,No,2.2,7.6,5.01,MEDIUM,4.99,MEDIUM,0.4
CLG0031,118,7.62,7.74,8,No,9,1,3,No,6.25,4.2,5.5,MEDIUM,4.5,MEDIUM,3.8
CLG0052,91,6.73,6.96,3,No,8,9,5,No,3.48,9.16,5.91,MEDIUM,4.09,MEDIUM,0.0
CLG0048,64,7.63,7.17,5,No,5,9,4,No,4.84,7.76,5.43,MEDIUM,4.57,MEDIUM,0.24
CLG0008,93,6.16,6.19,1,No,0,9,0,No,1.9,3.56,3.07,LOW,6.93,HIGH,4.44
CLG0050,113,5.24,5.31,6,No,7,5,1,No,2.37,3.98,3.77,LOW,6.23,HIGH,4.02
CLG0061,108,7.86,7.44,2,No,0,3,2,No,4.17,2.49,3.81,LOW,6.19,HIGH,5.51
CLG0088,106,6.68,6.68,3,Yes,2,6,4,No,3.24,5.82,4.74,MEDIUM,5.26,MEDIUM,2.18
CLG0008,95,5.91,6.12,1,No,8,10,3,No,1.7,8.0,4.8,MEDIUM,5.2,MEDIUM,0.0
CLG0013,80,6.62,6.17,6,No,3,1,2,No,3.83,2.2,3.08,LOW,6.92,HIGH,5.8
CLG0074,107,5.25,5.51,5,Yes,7,10,5,No,2.19,9.4,5.76,MEDIUM,4.24,MEDIUM,0.0
CLG0019,87,9.75,9.83,10,Yes,8,8,2,Yes,9.73,6.31,7.2,HIGH,2.8,LOW,1.69
CLG0050,132,7.91,8.24,2,No,7,10,0,Yes,4.79,5.4,5.63,MEDIUM,4.37,MEDIUM,2.6
CLG0023,108,9.07,8.79,8,Yes,5,4,4,No,7.89,5.53,6.51,HIGH,3.49,LOW,2.47
CLG0057,91,7.12,7.45,9,Yes,8,2,2,No,6.07,3.64,4.74,MEDIUM,5.26,MEDIUM,4.36
CLG0097,90,9.52,9.11,3,Yes,10,4,2,No,6.73,4.93,5.5,MEDIUM,4.5,MEDIUM,3.07
CLG0030,98,7.42,7.32,6,No,5,1,4,No,5.16,4.2,4.72,MEDIUM,5.28,MEDIUM,3.8
CLG0094,96,7.87,7.57,6,Yes,4,10,3,No,5.61,7.2,6.06,HIGH,3.94,LOW,0.8
CLG0029,116,7.46,7.84,10,No,7,10,0,No,6.89,5.4,6.2,HIGH,3.8,LOW,2.6
CLG0061,102,8.67,8.87,6,No,3,8,2,Yes,7.04,5.31,5.98,HIGH,4.02,LOW,2.69
CLG0035,89,7.83,7.36,8,No,2,6,5,No,6.1,6.62,5.91,MEDIUM,4.09,MEDIUM,1.38
CLG0009,128,6.36,5.87,5,Yes,3,1,4,No,3.12,3.8,4.26,MEDIUM,5.74,HIGH,4.2
CLG0072,100,5.73,5.52,10,Yes,8,1,1,No,4.16,2.4,3.63,LOW,6.37,HIGH,5.6
CLG0025,111,8.03,7.67,10,No,3,2,5,No,7.11,5.04,6.06,HIGH,3.94,LOW,2.96
CLG0064,90,7.45,7.58,8,No,6,7,5,No,6.03,7.87,6.4,HIGH,3.6,LOW,0.13
CLG0037,105,5.48,5.64,3,Yes,0,2,3,No,1.76,2.84,2.93,LOW,7.07,HIGH,5.16
CLG0038,104,6.98,7.42,7,No,5,3,0,No,5.3,1.89,3.95,LOW,6.05,HIGH,6.11
CLG0008,71,7.57,8.02,1,No,7,9,1,No,4.09,5.76,4.45,MEDIUM,5.55,MEDIUM,2.24
CLG0090,130,9.13,9.29,4,No,6,1,3,Yes,6.96,3.6,5.75,MEDIUM,4.25,MEDIUM,4.4
CLG0075,119,5.38,4.89,5,Yes,4,9,2,Yes,1.82,5.96,4.45,MEDIUM,5.55,MEDIUM,2.04
CLG0040,94,6.74,6.6,7,No,3,6,0,No,4.55,2.82,3.85,LOW,6.15,HIGH,5.18
CLG0023,83,9.11,9.12,6,No,1,9,3,Yes,7.49,6.16,6.18,HIGH,3.82,LOW,1.84
CLG0096,105,8.24,8.24,6,Yes,0,10,3,Yes,6.32,6.4,6.18,HIGH,3.82,LOW,1.6
CLG0045,101,6.45,6.55,2,Yes,0,8,5,No,2.68,7.11,4.94,MEDIUM,5.06,MEDIUM,0.89
CLG0001,105,9.23,9.69,2,Yes,4,7,3,No,6.64,5.87,6.1,HIGH,3.9,LOW,2.13
CLG0049,102,7.47,7.86,2,No,8,10,3,No,4.25,8.0,5.94,HIGH,4.06,LOW,0.0
CLG0009,107,7.49,7.1,10,No,6,7,1,No,6.37,4.67,5.54,MEDIUM,4.46,MEDIUM,3.33
CLG0040,121,9.88,9.65,8,Yes,1,6,0,No,9.0,2.42,5.94,HIGH,4.06,LOW,5.58
CLG0028,108,9.74,10.0,7,Yes,5,8,2,Yes,8.84,5.71,6.97,HIGH,3.03,LOW,2.29
CLG0097,84,6.79,7.11,1,Yes,9,9,0,No,2.96,5.36,4.06,LOW,5.94,HIGH,2.64
CLG0096,120,5.7,5.48,9,Yes,6,8,5,Yes,3.78,8.31,6.19,HIGH,3.81,LOW,0.0
CLG0008,124,6.63,6.86,8,Yes,7,9,1,No,5.01,5.76,5.73,MEDIUM,4.27,MEDIUM,2.24
CLG0037,147,5.15,5.32,9,Yes,10,5,0,No,3.33,3.78,4.66,MEDIUM,5.34,MEDIUM,4.22
CLG0082,83,5.1,5.07,4,Yes,8,3,1,No,1.45,3.29,2.61,LOW,7.39,HIGH,4.71
CLG0071,103,6.98,6.68,5,No,2,4,1,No,4.09,2.53,3.71,LOW,6.29,HIGH,5.47
CLG0018,68,9.71,10.0,5,No,1,4,1,No,8.16,2.33,4.66,MEDIUM,5.34,MEDIUM,5.67
CLG0076,108,9.36,9.54,9,Yes,6,9,1,No,8.95,5.56,6.95,HIGH,3.05,LOW,2.44
CLG0068,91,7.56,7.23,8,Yes,7,9,3,No,5.84,7.36,6.13,HIGH,3.87,LOW,0.64
CLG0077,128,7.83,8.03,10,No,8,1,0,No,7.25,1.6,5.03,MEDIUM,4.97,MEDIUM,6.4
CLG0075,88,5.03,5.27,6,Yes,9,5,4,No,2.22,6.78,4.4,MEDIUM,5.6,MEDIUM,1.22
CLG0080,74,6.08,6.47,10,Yes,4,2,1,No,5.06,2.04,3.4,LOW,6.6,HIGH,5.96
CLG0044,92,5.12,4.84,10,Yes,8,5,1,No,3.29,4.18,3.86,LOW,6.14,HIGH,3.82
CLG0078,70,8.77,9.26,1,No,0,5,0,No,5.72,1.78,3.5,LOW,6.5,HIGH,6.22
CLG0016,111,5.73,5.38,7,Yes,8,3,3,No,3.05,4.89,4.37,MEDIUM,5.63,MEDIUM,3.11
CLG0052,69,9.35,9.45,9,No,9,4,2,No,8.87,4.73,5.92,MEDIUM,4.08,MEDIUM,3.27
CLG0053,100,8.22,8.38,4,Yes,4,7,1,No,5.75,4.27,5.02,MEDIUM,4.98,MEDIUM,3.73
CLG0086,68,6.15,6.07,4,Yes,1,10,3,No,2.81,6.6,4.23,LOW,5.77,HIGH,1.4
CLG0018,95,5.79,5.77,5,No,5,4,5,No,2.71,6.33,4.54,MEDIUM,5.46,MEDIUM,1.67
CLG0040,124,8.14,8.53,8,Yes,0,3,3,Yes,7.14,3.29,5.59,MEDIUM,4.41,MEDIUM,4.71
CLG0061,105,9.5,9.65,5,Yes,6,10,4,Yes,7.78,8.4,7.57,HIGH,2.43,LOW,0.0
CLG0025,87,8.59,8.59,4,No,6,4,1,No,6.12,3.33,4.57,MEDIUM,5.43,MEDIUM,4.67
CLG0035,99,6.74,6.37,8,Yes,9,2,3,No,4.72,4.64,4.74,MEDIUM,5.26,MEDIUM,3.36
CLG0071,100,7.94,7.45,5,No,7,1,4,No,5.23,4.6,4.94,MEDIUM,5.06,MEDIUM,3.4
CLG0084,107,6.55,6.17,8,No,0,5,3,No,4.46,4.18,4.58,MEDIUM,5.42,MEDIUM,3.82
CLG0027,79,10.0,10.0,1,Yes,1,9,5,Yes,7.0,7.76,6.55,HIGH,3.45,LOW,0.24
CLG0093,108,8.74,9.0,3,Yes,10,9,5,Yes,6.18,9.56,7.44,HIGH,2.56,LOW,0.0
CLG0010,59,8.07,8.54,7,Yes,0,1,4,No,6.77,3.2,4.3,MEDIUM,5.7,MEDIUM,4.8
CLG0075,90,7.12,6.66,1,No,7,1,5,No,2.83,5.4,4.13,LOW,5.87,HIGH,2.6
CLG0020,92,8.09,8.27,5,No,7,8,4,Yes,5.92,7.71,6.32,HIGH,3.68,LOW,0.29
CLG0033,109,6.71,6.25,6,No,2,7,5,No,3.95,7.07,5.57,MEDIUM,4.43,MEDIUM,0.93
CLG0077,100,5.14,5.42,1,No,9,7,4,No,0.73,7.67,4.37,MEDIUM,5.63,MEDIUM,0.33
CLG0080,78,6.98,6.86,7,No,1,9,3,No,4.89,6.16,5.05,MEDIUM,4.95,MEDIUM,1.84
CLG0011,85,9.65,9.25,9,Yes,8,5,2,No,8.91,4.98,6.31,HIGH,3.69,LOW,3.02
CLG0069,102,8.13,8.2,9,Yes,4,8,0,No,7.23,3.91,5.5,MEDIUM,4.5,MEDIUM,4.09
CLG0067,98,5.42,5.2,3,No,8,7,4,No,1.4,7.47,4.52,MEDIUM,5.48,MEDIUM,0.53
CLG0059,91,9.42,9.58,4,Yes,1,2,5,No,7.34,4.64,5.65,MEDIUM,4.35,MEDIUM,3.36
CLG0066,92,6.34,6.5,1,No,5,2,1,No,2.24,2.24,2.66,LOW,7.34,HIGH,5.76
CLG0053,110,6.22,6.43,4,Yes,10,4,0,No,3.12,3.33,3.76,LOW,6.24,HIGH,4.67
CLG0038,92,6.49,6.98,5,Yes,0,1,2,No,4.01,1.6,3.12,LOW,6.88,HIGH,6.4
CLG0010,98,7.89,7.78,7,No,6,10,0,No,6.11,5.2,5.5,MEDIUM,4.5,MEDIUM,2.8
CLG0006,132,7.72,7.69,5,No,3,5,0,No,5.27,2.38,4.62,MEDIUM,5.38,MEDIUM,5.62
CLG0085,78,7.46,7.76,8,No,6,5,2,No,6.17,4.58,4.93,MEDIUM,5.07,MEDIUM,3.42
CLG0095,72,8.59,8.67,7,No,8,1,1,No,7.18,2.4,4.36,MEDIUM,5.64,MEDIUM,5.6
CLG0034,111,6.58,6.12,1,No,0,5,4,No,2.11,4.98,4.03,LOW,5.97,HIGH,3.02
CLG0049,89,8.91,9.25,2,No,0,4,3,No,6.13,3.73,4.76,MEDIUM,5.24,MEDIUM,4.27
CLG0032,95,5.88,5.43,7,No,10,10,1,No,3.18,6.8,4.92,MEDIUM,5.08,MEDIUM,1.2
CLG0029,88,8.91,8.58,3,No,6,5,5,No,5.97,6.98,5.98,HIGH,4.02,LOW,1.02
CLG0065,96,8.32,7.92,2,No,9,4,1,No,4.8,3.93,4.43,MEDIUM,5.57,MEDIUM,4.07
CLG0033,123,8.42,8.0,9,Yes,10,9,4,Yes,7.25,8.76,7.81,HIGH,2.19,LOW,0.0
CLG0017,112,7.41,6.94,10,Yes,1,9,1,No,6.2,4.56,5.52,MEDIUM,4.48,MEDIUM,3.44
CLG0098,112,8.34,7.9,8,No,7,3,5,No,6.8,6.29,6.45,HIGH,3.55,LOW,1.71
CLG0049,78,5.4,5.34,8,Yes,3,3,1,No,3.16,2.29,2.81,LOW,7.19,HIGH,5.71
CLG0016,82,9.26,9.01,3,Yes,6,3,5,No,6.5,6.09,5.74,MEDIUM,4.26,MEDIUM,1.91
CLG0007,57,5.28,4.91,10,No,9,7,0,No,3.44,4.47,3.44,LOW,6.56,HIGH,3.53
CLG0100,87,5.74,5.9,9,No,1,1,0,No,4.11,0.2,2.51,LOW,7.49,HIGH,7.8
CLG0013,114,7.88,7.61,8,Yes,7,4,2,No,6.31,4.33,5.5,MEDIUM,4.5,MEDIUM,3.67
CLG0084,107,8.7,8.22,2,Yes,5,9,5,Yes,5.25,8.56,6.65,HIGH,3.35,LOW,0.0
CLG0004,96,5.38,5.3,7,No,0,8,2,No,2.78,4.71,3.94,LOW,6.06,HIGH,3.29
CLG0063,99,9.6,9.41,8,No,8,3,2,No,8.66,4.09,6.09,HIGH,3.91,LOW,3.91
CLG0069,89,9.87,9.69,7,Yes,10,8,3,Yes,8.69,7.51,7.3,HIGH,2.7,LOW,0.49
CLG0080,103,8.03,7.98,9,No,1,6,4,No,7.0,5.62,6.11,HIGH,3.89,LOW,2.38
CLG0073,111,7.41,7.58,7,No,3,10,3,Yes,5.67,7.0,6.26,HIGH,3.74,LOW,1.0
CLG0076,75,8.71,8.83,7,No,8,3,3,No,7.37,4.89,5.49,MEDIUM,4.51,MEDIUM,3.11
CLG0078,104,6.64,7.08,1,No,7,9,2,No,2.84,6.56,4.84,MEDIUM,5.16,MEDIUM,1.44
CLG0015,113,7.47,7.49,2,No,7,10,4,Yes,3.98,8.6,6.26,HIGH,3.74,LOW,0.0
CLG0005,93,9.58,9.55,5,No,3,7,3,No,7.75,5.67,6.26,HIGH,3.74,LOW,2.33
CLG0042,110,9.78,9.49,1,No,0,8,0,No,6.49,3.11,5.02,MEDIUM,4.98,MEDIUM,4.89
CLG0018,142,9.64,9.9,10,No,9,10,3,Yes,9.71,8.2,8.89,HIGH,1.11,LOW,0.0
CLG0072,98,6.31,5.95,7,Yes,3,2,0,No,3.82,1.04,2.92,LOW,7.08,HIGH,6.96
CLG0008,105,6.16,6.15,5,No,2,3,3,No,3.21,3.69,3.85,LOW,6.15,HIGH,4.31
CLG0089,88,6.49,6.41,5,No,10,7,5,No,3.6,8.67,5.71,MEDIUM,4.29,MEDIUM,0.0
CLG0068,102,7.21,7.37,8,No,2,2,5,No,5.73,4.84,5.27,MEDIUM,4.73,MEDIUM,3.16
CLG0026,106,6.57,6.99,9,No,0,6,4,No,5.4,5.42,5.44,MEDIUM,4.56,MEDIUM,2.58
CLG0075,102,6.87,7.32,10,Yes,8,7,5,No,6.16,8.27,6.81,HIGH,3.19,LOW,0.0
CLG0070,84,8.1,7.77,1,No,2,6,0,No,4.23,2.62,3.48,LOW,6.52,HIGH,5.38
CLG0033,103,8.81,8.57,10,No,3,5,5,No,8.24,6.38,6.91,HIGH,3.09,LOW,1.62
CLG0022,121,8.68,8.99,4,No,0,9,0,Yes,6.47,3.56,5.38,MEDIUM,4.62,MEDIUM,4.44
CLG0093,106,9.07,9.09,2,No,2,3,2,No,6.11,2.89,4.71,MEDIUM,5.29,MEDIUM,5.11
CLG0069,114,5.16,5.11,9,Yes,0,5,0,No,3.18,1.78,3.23,LOW,6.77,HIGH,6.22
CLG0001,96,5.24,5.45,9,No,3,5,5,No,3.48,6.38,4.88,MEDIUM,5.12,MEDIUM,1.62
CLG0086,111,8.95,9.05,1,Yes,9,8,3,Yes,5.67,7.31,6.39,HIGH,3.61,LOW,0.69
CLG0035,104,7.67,8.14,3,No,6,8,3,Yes,4.91,6.71,5.72,MEDIUM,4.28,MEDIUM,1.29
CLG0056,85,7.89,7.97,10,No,9,1,2,No,7.25,3.4,5.01,MEDIUM,4.99,MEDIUM,4.6
CLG0095,104,5.26,5.23,8,Yes,10,6,1,No,2.99,5.02,4.28,MEDIUM,5.72,MEDIUM,2.98
CLG0067,85,6.28,6.32,2,No,7,6,0,No,2.41,3.62,3.16,LOW,6.84,HIGH,4.38
CLG0003,90,8.19,8.5,2,Yes,7,10,0,No,5.15,5.4,5.06,MEDIUM,4.94,MEDIUM,2.6
CLG0071,102,9.3,9.41,2,No,0,2,0,No,6.48,0.44,3.81,LOW,6.19,HIGH,7.56
CLG0001,104,9.58,9.73,5,Yes,10,5,3,No,7.88,6.18,6.7,HIGH,3.3,LOW,1.82
CLG0042,82,7.5,7.97,9,No,5,6,4,No,6.68,6.42,5.94,HIGH,4.06,LOW,1.58
CLG0058,115,7.73,7.85,7,Yes,7,3,4,No,6.06,5.49,5.88,MEDIUM,4.12,MEDIUM,2.51
CLG0088,108,9.17,9.05,7,No,9,1,4,No,7.81,5.0,6.27,HIGH,3.73,LOW,3.0
CLG0094,89,7.69,7.88,2,No,9,9,2,No,4.39,6.96,5.36,MEDIUM,4.64,MEDIUM,1.04
CLG0096,76,7.58,7.74,2,Yes,7,2,2,No,4.23,3.44,3.67,LOW,6.33,HIGH,4.56
CLG0096,97,9.53,9.04,5,No,8,4,3,No,7.35,5.33,6.03,HIGH,3.97,LOW,2.67
CLG0085,93,8.95,8.92,7,No,7,9,4,Yes,7.58,8.16,7.18,HIGH,2.82,LOW,0.0
CLG0064,101,9.55,9.79,7,No,4,9,1,No,8.58,5.16,6.52,HIGH,3.48,LOW,2.84
CLG0080,94,6.09,6.09,9,Yes,0,8,5,No,4.46,7.11,5.53,MEDIUM,4.47,MEDIUM,0.89
CLG0004,69,7.62,7.9,3,No,8,4,0,No,4.7,2.93,3.53,LOW,6.47,HIGH,5.07
CLG0017,94,9.21,9.16,1,Yes,9,1,4,No,5.91,5.0,5.27,MEDIUM,4.73,MEDIUM,3.0
CLG0077,95,5.56,6.04,9,No,9,7,1,No,4.1,5.27,4.67,MEDIUM,5.33,MEDIUM,2.73
CLG0099,109,8.97,8.76,1,Yes,9,2,0,No,5.47,2.24,4.25,LOW,5.75,HIGH,5.76
CLG0040,89,5.91,5.5,8,Yes,9,8,0,No,3.58,4.91,4.22,LOW,5.78,HIGH,3.09
CLG0034,125,9.04,8.97,5,Yes,4,10,2,Yes,7.0,6.4,6.8,HIGH,3.2,LOW,1.6
CLG0056,71,8.06,8.1,8,No,6,10,1,No,6.78,6.0,5.62,MEDIUM,4.38,MEDIUM,2.0
CLG0011,119,5.97,5.82,7,No,6,2,4,No,3.52,4.84,4.68,MEDIUM,5.32,MEDIUM,3.16
CLG0100,96,7.37,7.11,9,No,10,10,4,No,5.97,9.2,7.01,HIGH,2.99,LOW,0.0
CLG0089,112,8.41,8.58,2,No,3,3,3,Yes,5.34,3.89,4.91,MEDIUM,5.09,MEDIUM,4.11
CLG0040,101,8.17,8.05,9,No,7,6,1,No,7.14,4.42,5.65,MEDIUM,4.35,MEDIUM,3.58
CLG0094,117,7.14,7.27,10,No,10,4,0,No,6.28,3.33,5.14,MEDIUM,4.86,MEDIUM,4.67
CLG0013,94,9.5,9.78,5,No,9,2,5,No,7.87,6.24,6.55,HIGH,3.45,LOW,1.76
CLG0024,83,7.6,7.86,5,No,8,1,2,No,5.33,3.2,4.13,LOW,5.87,HIGH,4.8
CLG0100,121,7.53,7.41,1,No,3,3,3,No,3.62,3.89,4.37,MEDIUM,5.63,MEDIUM,4.11
CLG0034,98,5.31,5.38,6,No,1,4,2,No,2.47,3.13,3.21,LOW,6.79,HIGH,4.87
CLG0008,103,9.61,9.56,10,No,9,9,0,No,9.44,5.36,6.98,HIGH,3.02,LOW,2.64
CLG0082,118,5.89,6.26,10,No,3,9,0,No,4.79,4.16,4.9,MEDIUM,5.1,MEDIUM,3.84
CLG0007,84,7.64,8.02,10,No,1,5,5,No,7.13,5.98,5.98,HIGH,4.02,LOW,2.02
CLG0062,108,9.02,8.86,10,Yes,0,5,2,No,8.58,3.38,5.93,HIGH,4.07,MEDIUM,4.62
CLG0046,91,6.08,5.67,3,No,0,7,3,No,2.14,5.07,3.74,LOW,6.26,HIGH,2.93
CLG0086,98,7.64,7.31,10,Yes,10,8,0,No,6.61,5.11,5.66,MEDIUM,4.34,MEDIUM,2.89
CLG0071,101,6.2,6.07,3,No,3,3,4,No,2.51,4.69,3.91,LOW,6.09,HIGH,3.31
CLG0013,77,8.8,8.86,3,No,8,5,4,No,6.11,6.58,5.69,MEDIUM,4.31,MEDIUM,1.42
CLG0002,88,7.82,7.98,4,No,8,7,4,No,5.21,7.47,5.88,MEDIUM,4.12,MEDIUM,0.53
CLG0002,120,9.28,9.11,9,No,6,2,5,Yes,8.58,5.64,7.04,HIGH,2.96,LOW,2.36
CLG0029,113,9.47,9.64,8,Yes,4,9,3,Yes,8.75,6.76,7.43,HIGH,2.57,LOW,1.24
CLG0091,99,8.24,8.68,6,No,5,3,3,No,6.64,4.29,5.36,MEDIUM,4.64,MEDIUM,3.71
CLG0082,103,8.63,8.78,8,No,0,7,1,No,7.62,3.47,5.5,MEDIUM,4.5,MEDIUM,4.53
CLG0058,95,7.75,7.41,8,Yes,2,9,1,No,6.09,4.76,5.26,MEDIUM,4.74,MEDIUM,3.24
CLG0002,120,6.92,7.0,1,Yes,0,9,5,Yes,2.95,7.56,5.55,MEDIUM,4.45,MEDIUM,0.44
CLG0059,96,8.24,8.28,9,Yes,9,3,5,No,7.35,6.69,6.56,HIGH,3.44,LOW,1.31
CLG0053,103,9.54,9.91,1,No,4,2,4,No,6.66,4.44,5.5,MEDIUM,4.5,MEDIUM,3.56
CLG0068,117,7.08,6.93,2,Yes,3,5,5,No,3.33,6.38,5.18,MEDIUM,4.82,MEDIUM,1.62
CLG0061,88,6.57,6.49,9,Yes,2,5,2,No,5.04,3.78,4.33,MEDIUM,5.67,MEDIUM,4.22
CLG0049,123,6.94,7.04,7,Yes,5,8,2,Yes,5.0,5.71,5.69,MEDIUM,4.31,MEDIUM,2.29
CLG0046,77,7.18,7.2,10,No,5,6,4,No,6.26,6.42,5.69,MEDIUM,4.31,MEDIUM,1.58
CLG0072,124,5.37,5.59,1,No,8,7,1,No,0.99,5.07,3.84,LOW,6.16,HIGH,2.93
CLG0100,94,7.49,7.03,3,No,3,8,3,No,3.98,6.11,4.94,MEDIUM,5.06,MEDIUM,1.89
CLG0059,96,7.47,7.53,1,No,8,9,2,No,3.67,6.76,5.11,MEDIUM,4.89,MEDIUM,1.24
CLG0048,71,7.94,7.56,5,Yes,3,4,3,No,5.31,4.33,4.37,MEDIUM,5.63,MEDIUM,3.67
CLG0009,93,6.81,6.63,4,No,7,5,4,No,3.62,6.38,4.89,MEDIUM,5.11,MEDIUM,1.62
CLG0018,84,8.07,8.23,8,Yes,7,4,3,No,6.88,5.13,5.54,MEDIUM,4.46,MEDIUM,2.87
CLG0050,90,9.39,9.05,9,Yes,1,9,2,Yes,8.6,5.36,6.42,HIGH,3.58,LOW,2.64
CLG0086,97,9.78,9.59,4,Yes,9,2,5,No,7.57,6.24,6.48,HIGH,3.52,LOW,1.76
CLG0075,114,7.92,8.12,3,Yes,7,8,1,Yes,5.04,5.31,5.39,MEDIUM,4.61,MEDIUM,2.69
CLG0027,103,5.21,5.36,4,Yes,1,7,2,No,1.73,4.47,3.54,LOW,6.46,HIGH,3.53
CLG0032,104,9.85,9.44,3,No,10,7,0,No,7.17,4.67,5.81,MEDIUM,4.19,MEDIUM,3.33
CLG0066,83,8.53,8.61,6,Yes,7,8,3,Yes,6.77,6.91,6.19,HIGH,3.81,LOW,1.09
CLG0066,86,6.68,6.33,1,No,5,1,3,No,2.32,3.4,3.06,LOW,6.94,HIGH,4.6
CLG0094,126,5.74,5.49,2,No,2,1,3,No,1.47,2.8,3.16,LOW,6.84,HIGH,5.2
CLG0022,88,5.72,5.68,8,No,10,7,4,No,3.6,7.87,5.39,MEDIUM,4.61,MEDIUM,0.13
CLG0086,124,5.84,5.45,3,No,6,2,4,No,1.84,4.84,4.09,LOW,5.91,HIGH,3.16
CLG0024,96,5.23,5.72,4,No,5,4,2,No,2.0,3.93,3.31,LOW,6.69,HIGH,4.07
CLG0091,100,9.51,9.18,1,Yes,2,6,1,No,6.11,3.42,4.82,MEDIUM,5.18,MEDIUM,4.58
CLG0075,116,7.7,7.98,3,No,4,5,0,No,4.81,2.58,4.24,LOW,5.76,HIGH,5.42
CLG0013,119,8.5,8.83,1,Yes,3,5,1,No,5.24,3.18,4.7,MEDIUM,5.3,MEDIUM,4.82
CLG0091,98,9.14,9.63,10,No,5,6,5,No,9.21,7.22,7.55,HIGH,2.45,LOW,0.78
CLG0015,94,8.96,8.89,5,Yes,0,10,1,No,6.9,4.8,5.59,MEDIUM,4.41,MEDIUM,3.2
CLG0049,99,9.41,9.78,1,Yes,0,7,0,No,6.48,2.67,4.65,MEDIUM,5.35,MEDIUM,5.33
CLG0017,105,9.84,10.0,9,No,7,2,4,No,9.57,5.04,6.94,HIGH,3.06,LOW,2.96
CLG0039,113,7.2,6.87,7,Yes,7,4,3,No,5.03,5.13,5.29,MEDIUM,4.71,MEDIUM,2.87
CLG0073,100,9.75,9.73,8,No,8,7,4,No,8.99,7.47,7.59,HIGH,2.41,LOW,0.53
CLG0087,109,8.62,8.18,9,No,7,5,3,No,7.51,5.58,6.4,HIGH,3.6,LOW,2.42
CLG0004,124,5.35,5.47,10,No,1,10,3,Yes,3.89,6.6,5.61,MEDIUM,4.39,MEDIUM,1.4
CLG0057,105,8.41,8.49,8,No,10,9,4,Yes,7.27,8.76,7.51,HIGH,2.49,LOW,0.0
CLG0015,104,8.43,8.13,3,Yes,4,6,1,No,5.35,3.82,4.74,MEDIUM,5.26,MEDIUM,4.18
CLG0043,77,9.53,9.83,7,No,7,4,3,No,8.59,5.13,6.1,HIGH,3.9,LOW,2.87
CLG0031,60,6.86,6.4,7,No,8,10,4,No,4.48,8.8,5.64,MEDIUM,4.36,MEDIUM,0.0
CLG0006,105,7.92,8.23,7,No,5,4,1,No,6.46,3.13,4.93,MEDIUM,5.07,MEDIUM,4.87
CLG0090,98,5.06,4.59,8,No,3,3,0,No,2.41,1.49,2.53,LOW,7.47,HIGH,6.51
CLG0059,92,6.66,6.82,4,No,8,6,3,No,3.67,6.22,4.83,MEDIUM,5.17,MEDIUM,1.78
CLG0065,103,5.31,4.89,6,No,3,8,1,No,2.11,4.51,3.71,LOW,6.29,HIGH,3.49
CLG0086,99,7.61,7.36,2,No,5,1,3,No,3.97,3.4,3.94,LOW,6.06,HIGH,4.6
CLG0030,116,9.09,9.31,7,No,4,2,5,Yes,7.95,5.24,6.56,HIGH,3.44,LOW,2.76
CLG0058,101,6.03,5.81,9,No,0,4,1,No,4.22,2.13,3.57,LOW,6.43,HIGH,5.87
CLG0086,88,7.64,7.65,5,Yes,3,7,0,No,5.2,3.27,4.19,LOW,5.81,HIGH,4.73
CLG0097,114,6.02,6.44,4,No,9,2,3,No,3.0,4.64,4.3,MEDIUM,5.7,MEDIUM,3.36
CLG0056,96,5.6,5.15,2,Yes,2,10,4,No,1.14,7.6,4.44,MEDIUM,5.56,MEDIUM,0.4
CLG0069,107,7.55,7.86,7,No,7,8,5,No,5.96,8.51,6.92,HIGH,3.08,LOW,0.0
CLG0036,92,5.4,4.97,2,No,6,3,5,No,0.89,6.09,3.66,LOW,6.34,HIGH,1.91
CLG0046,90,7.94,7.57,2,No,9,2,5,No,4.32,6.24,5.06,MEDIUM,4.94,MEDIUM,1.76
CLG0074,101,5.16,4.78,9,No,0,7,1,No,2.94,3.47,3.59,LOW,6.41,HIGH,4.53
CLG0001,100,5.53,6.02,2,No,10,10,0,No,1.74,6.0,4.1,LOW,5.9,HIGH,2.0
CLG0012,107,7.75,7.43,10,Yes,7,9,3,No,6.77,7.36,6.78,HIGH,3.22,LOW,0.64
CLG0067,95,7.96,8.36,3,Yes,6,4,0,No,5.24,2.53,4.03,LOW,5.97,HIGH,5.47
CLG0010,72,5.14,5.63,3,No,1,2,0,No,1.55,0.64,1.41,LOW,8.59,HIGH,7.36
CLG0001,93,7.87,7.75,2,Yes,9,9,3,No,4.41,7.76,5.76,MEDIUM,4.24,MEDIUM,0.24
CLG0019,111,9.19,9.32,10,No,3,10,3,Yes,9.02,7.0,7.6,HIGH,2.4,LOW,1.0
CLG0082,95,8.61,8.89,3,Yes,1,5,1,No,6.02,2.78,4.44,MEDIUM,5.56,MEDIUM,5.22
CLG0095,96,5.66,5.55,9,No,8,10,5,No,3.8,9.6,6.3,HIGH,3.7,LOW,0.0
CLG0055,114,7.96,7.62,3,Yes,7,7,4,No,4.7,7.27,6.04,HIGH,3.96,LOW,0.73
CLG0049,89,8.36,8.29,5,Yes,0,10,5,Yes,6.1,8.0,6.46,HIGH,3.54,LOW,0.0
CLG0055,76,5.19,5.46,7,Yes,0,5,5,No,2.79,5.78,4.03,LOW,5.97,HIGH,2.22
CLG0086,97,9.28,9.56,1,Yes,7,5,0,No,6.25,3.18,4.73,MEDIUM,5.27,MEDIUM,4.82
CLG0068,92,9.53,9.26,1,Yes,4,6,5,No,6.18,7.02,6.15,HIGH,3.85,LOW,0.98
CLG0041,85,9.25,8.92,10,No,0,5,3,No,8.76,4.18,5.93,HIGH,4.07,MEDIUM,3.82
CLG0055,97,9.12,9.54,2,Yes,10,8,0,No,6.47,5.11,5.59,MEDIUM,4.41,MEDIUM,2.89
CLG0074,107,8.72,8.26,1,Yes,3,4,5,No,4.96,5.93,5.48,MEDIUM,4.52,MEDIUM,2.07
CLG0074,99,8.17,8.4,1,No,1,3,1,No,4.73,1.89,3.64,LOW,6.36,HIGH,6.11
CLG0079,104,8.39,7.94,10,No,8,3,1,No,7.52,3.29,5.4,MEDIUM,4.6,MEDIUM,4.71
CLG0069,127,9.03,9.37,4,No,9,2,1,No,6.96,3.04,5.47,MEDIUM,4.53,MEDIUM,4.96
CLG0043,94,8.31,8.72,10,No,5,8,4,Yes,8.05,7.31,7.05,HIGH,2.95,LOW,0.69
CLG0081,104,6.64,6.44,3,No,10,7,2,No,3.04,6.27,4.8,MEDIUM,5.2,MEDIUM,1.73
CLG0082,92,6.88,6.45,1,No,8,6,2,No,2.53,5.42,4.05,LOW,5.95,HIGH,2.58
CLG0057,87,9.49,9.47,3,Yes,0,2,5,No,6.97,4.44,5.35,MEDIUM,4.65,MEDIUM,3.56
CLG0048,91,5.09,4.89,1,No,0,2,2,No,0.31,2.04,1.79,LOW,8.21,HIGH,5.96
CLG0050,92,8.49,8.41,3,No,10,10,4,Yes,5.6,9.2,6.79,HIGH,3.21,LOW,0.0
CLG0069,105,9.77,9.93,4,No,3,1,4,No,7.81,3.8,5.74,MEDIUM,4.26,MEDIUM,4.2
CLG0008,135,8.53,8.24,8,Yes,1,10,0,Yes,7.16,4.2,6.15,HIGH,3.85,LOW,3.8
CLG0056,89,9.97,9.83,3,Yes,0,2,0,No,7.52,0.44,4.0,LOW,6.0,HIGH,7.56
CLG0091,93,8.44,8.72,3,No,5,9,1,No,5.79,5.36,5.35,MEDIUM,4.65,MEDIUM,2.64
CLG0089,99,5.17,5.31,9,Yes,7,1,4,No,3.33,4.6,4.16,LOW,5.84,HIGH,3.4
CLG0026,105,9.14,8.97,9,Yes,0,10,5,Yes,8.4,8.0,7.65,HIGH,2.35,LOW,0.0
CLG0023,103,6.42,6.58,6,Yes,10,4,2,No,4.01,4.93,4.64,MEDIUM,5.36,MEDIUM,3.07
CLG0041,119,7.23,7.5,10,No,10,2,2,No,6.51,4.04,5.55,MEDIUM,4.45,MEDIUM,3.96
CLG0087,63,6.56,6.65,4,No,9,5,0,No,3.48,3.58,3.2,LOW,6.8,HIGH,4.42
CLG0093,64,6.34,6.08,10,No,9,10,1,No,4.93,6.6,5.01,MEDIUM,4.99,MEDIUM,1.4
CLG0097,92,7.16,6.66,5,No,5,8,1,No,4.18,4.91,4.51,MEDIUM,5.49,MEDIUM,3.09
CLG0059,116,6.89,7.19,9,Yes,0,1,5,No,5.74,4.0,5.18,MEDIUM,4.82,MEDIUM,4.0
CLG0018,76,8.17,8.49,1,No,7,9,3,Yes,4.8,7.36,5.46,MEDIUM,4.54,MEDIUM,0.64
CLG0071,54,9.07,9.27,7,Yes,5,7,4,No,7.91,6.87,6.13,HIGH,3.87,LOW,1.13
CLG0096,108,6.49,6.07,7,No,0,5,2,No,4.01,3.38,4.1,LOW,5.9,HIGH,4.62
CLG0071,103,6.07,6.16,10,No,8,5,5,No,4.83,7.38,5.94,HIGH,4.06,LOW,0.62
CLG0008,83,8.33,8.65,1,Yes,0,9,2,Yes,5.01,5.16,4.79,MEDIUM,5.21,MEDIUM,2.84
CLG0058,85,8.35,8.24,1,No,8,9,0,No,4.72,5.16,4.7,MEDIUM,5.3,MEDIUM,2.84
CLG0085,85,9.51,9.21,9,No,2,2,0,No,8.79,0.84,4.6,MEDIUM,5.4,MEDIUM,7.16
CLG0017,101,5.08,5.17,7,No,7,8,4,No,2.51,7.71,5.11,MEDIUM,4.89,MEDIUM,0.29
CLG0051,90,9.27,9.6,4,Yes,7,5,5,No,7.27,7.18,6.62,HIGH,3.38,LOW,0.82
CLG0033,107,7.61,7.16,9,Yes,6,2,5,No,6.15,5.64,5.84,MEDIUM,4.16,MEDIUM,2.36
CLG0030,57,8.11,8.21,5,Yes,1,9,0,No,5.89,3.76,4.13,LOW,5.87,HIGH,4.24
CLG0066,87,5.46,5.6,3,Yes,2,4,5,No,1.72,5.73,3.77,LOW,6.23,HIGH,2.27
CLG0060,83,7.16,7.26,2,No,4,5,0,No,3.62,2.58,3.2,LOW,6.8,HIGH,5.42
CLG0046,96,6.14,6.29,9,No,4,7,2,No,4.63,5.07,4.82,MEDIUM,5.18,MEDIUM,2.93
CLG0100,91,6.27,6.4,4,No,1,2,4,No,3.12,3.84,3.64,LOW,6.36,HIGH,4.16
CLG0022,111,7.52,7.15,7,Yes,0,5,2,No,5.42,3.38,4.72,MEDIUM,5.28,MEDIUM,4.62
CLG0032,72,9.06,8.79,1,Yes,4,8,2,Yes,5.55,5.51,4.95,MEDIUM,5.05,MEDIUM,2.49
CLG0025,100,8.72,8.84,9,No,4,1,0,No,8.05,0.8,4.55,MEDIUM,5.45,MEDIUM,7.2
CLG0008,108,7.95,7.47,9,No,2,8,2,No,6.58,5.11,5.82,MEDIUM,4.18,MEDIUM,2.89
CLG0097,127,7.7,7.83,10,Yes,7,2,4,No,7.03,5.04,6.3,HIGH,3.7,LOW,2.96
CLG0063,92,7.14,7.31,6,No,5,4,0,No,4.98,2.33,3.8,LOW,6.2,HIGH,5.67
CLG0029,104,9.86,9.6,6,Yes,1,3,4,No,8.29,4.29,6.11,HIGH,3.89,LOW,3.71
CLG0081,72,7.8,7.9,6,No,1,2,1,No,5.81,1.44,3.43,LOW,6.57,HIGH,6.56
CLG0040,64,6.27,6.3,5,Yes,3,10,4,No,3.38,7.8,4.87,MEDIUM,5.13,MEDIUM,0.2
CLG0045,112,6.15,5.91,1,No,5,10,4,Yes,1.69,8.2,5.17,MEDIUM,4.83,MEDIUM,0.0
CLG0002,99,8.06,8.02,4,No,8,2,3,No,5.39,4.44,4.92,MEDIUM,5.08,MEDIUM,3.56
CLG0049,117,7.61,8.02,10,No,7,10,5,Yes,7.12,9.4,7.91,HIGH,2.09,LOW,0.0
CLG0031,79,5.04,4.97,1,Yes,7,6,5,No,0.34,7.62,3.83,LOW,6.17,HIGH,0.38
CLG0068,107,9.15,9.28,5,No,1,3,4,No,7.3,4.29,5.76,MEDIUM,4.24,MEDIUM,3.71
CLG0090,128,8.52,8.06,4,Yes,10,10,2,Yes,5.69,7.6,6.8,HIGH,3.2,LOW,0.4
CLG0009,106,8.31,7.89,8,No,3,4,2,No,6.77,3.53,5.23,MEDIUM,4.77,MEDIUM,4.47
CLG0095,104,5.34,4.92,1,No,5,4,5,No,0.48,6.33,3.8,LOW,6.2,HIGH,1.67
CLG0010,100,6.81,7.09,8,Yes,5,2,0,No,5.29,1.44,3.7,LOW,6.3,HIGH,6.56
CLG0051,76,9.68,9.53,8,No,9,4,5,No,8.8,7.13,6.97,HIGH,3.03,LOW,0.87
CLG0070,120,9.31,9.04,1,No,5,2,1,No,5.88,2.24,4.6,MEDIUM,5.4,MEDIUM,5.76
CLG0044,90,6.43,6.68,9,Yes,7,4,0,No,5.09,2.73,3.97,LOW,6.03,HIGH,5.27
CLG0026,107,5.79,5.46,9,Yes,7,8,4,No,3.81,7.71,5.74,MEDIUM,4.26,MEDIUM,0.29
CLG0075,76,7.25,7.0,6,No,6,9,5,No,4.82,8.76,6.03,HIGH,3.97,LOW,0.0
CLG0079,82,6.78,6.71,1,No,4,4,4,No,2.66,5.33,3.9,LOW,6.1,HIGH,2.67
CLG0084,121,8.41,8.24,7,Yes,5,4,2,Yes,6.76,3.93,5.64,MEDIUM,4.36,MEDIUM,4.07
CLG0078,94,9.83,9.92,7,Yes,5,7,4,No,8.84,6.87,7.19,HIGH,2.81,LOW,1.13
CLG0021,121,6.82,6.66,9,Yes,2,1,5,No,5.31,4.4,5.25,MEDIUM,4.75,MEDIUM,3.6
CLG0091,98,5.31,5.2,1,Yes,10,7,5,No,0.67,8.67,4.71,MEDIUM,5.29,MEDIUM,0.0
CLG0030,72,9.49,9.85,8,Yes,2,9,5,Yes,8.92,7.96,7.28,HIGH,2.72,LOW,0.04
CLG0071,113,5.19,5.57,8,No,6,4,4,No,3.2,5.73,4.8,MEDIUM,5.2,MEDIUM,2.27
CLG0015,91,9.76,10.0,7,Yes,5,2,2,No,8.86,3.04,5.61,MEDIUM,4.39,MEDIUM,4.96
CLG0080,110,8.32,8.68,6,Yes,4,4,1,No,6.69,2.93,5.03,MEDIUM,4.97,MEDIUM,5.07
CLG0059,100,9.71,9.78,1,No,10,2,4,No,6.66,5.64,5.93,HIGH,4.07,MEDIUM,2.36
CLG0084,76,6.0,6.15,10,Yes,5,10,3,No,4.78,7.4,5.47,MEDIUM,4.53,MEDIUM,0.6
CLG0084,102,5.2,5.26,8,No,5,7,1,No,2.98,4.47,4.02,LOW,5.98,HIGH,3.53
CLG0086,132,7.44,7.73,5,Yes,3,6,1,No,5.13,3.62,5.06,MEDIUM,4.94,MEDIUM,4.38
CLG0070,107,7.25,7.3,4,No,10,2,5,No,4.37,6.44,5.45,MEDIUM,4.55,MEDIUM,1.56
CLG0020,99,6.66,6.27,5,No,4,6,2,No,3.6,4.62,4.28,MEDIUM,5.72,MEDIUM,3.38
CLG0069,116,9.79,10.0,5,Yes,6,9,0,Yes,8.21,4.76,6.47,HIGH,3.53,LOW,3.24
CLG0053,103,9.11,9.37,10,No,10,8,5,Yes,9.0,9.11,8.3,HIGH,1.7,LOW,0.0
CLG0075,103,8.31,8.63,3,No,10,9,5,Yes,5.65,9.56,7.14,HIGH,2.86,LOW,0.0
CLG0002,83,5.81,5.5,4,Yes,0,5,4,No,2.19,4.98,3.59,LOW,6.41,HIGH,3.02
CLG0030,103,8.67,8.44,4,No,9,10,4,Yes,6.06,9.0,7.08,HIGH,2.92,LOW,0.0
CLG0008,115,8.64,8.44,8,No,5,2,0,No,7.37,1.44,4.79,MEDIUM,5.21,MEDIUM,6.56
CLG0040,87,7.13,7.14,5,No,4,5,4,No,4.52,5.78,4.91,MEDIUM,5.09,MEDIUM,2.22
CLG0008,121,9.62,9.25,6,Yes,5,10,3,Yes,7.89,7.4,7.48,HIGH,2.52,LOW,0.6
CLG0017,98,5.83,5.72,10,Yes,0,3,0,No,4.36,0.89,3.07,LOW,6.93,HIGH,7.11
CLG0099,86,6.34,6.02,2,No,3,4,2,No,2.22,3.53,3.07,LOW,6.93,HIGH,4.47
CLG0030,114,5.32,5.08,9,Yes,7,7,0,No,3.25,4.07,4.18,LOW,5.82,HIGH,3.93
CLG0001,95,8.98,9.19,8,No,3,2,1,No,8.13,1.84,4.91,MEDIUM,5.09,MEDIUM,6.16
CLG0069,111,8.11,8.46,8,No,9,6,2,Yes,7.07,5.62,6.27,HIGH,3.73,LOW,2.38
CLG0064,95,6.57,6.09,10,No,7,1,1,No,5.08,2.2,3.84,LOW,6.16,HIGH,5.8
CLG0080,99,5.82,5.89,5,No,10,10,2,No,2.81,7.6,5.16,MEDIUM,4.84,MEDIUM,0.4
CLG0036,107,5.2,4.74,5,No,7,3,0,No,1.6,2.29,2.68,LOW,7.32,HIGH,5.71
CLG0079,104,5.83,5.42,3,No,1,7,1,No,1.81,3.67,3.27,LOW,6.73,HIGH,4.33
CLG0049,70,7.27,7.48,2,No,5,5,2,No,3.85,4.38,3.79,LOW,6.21,HIGH,3.62
CLG0081,83,6.24,6.48,9,Yes,6,8,4,No,4.83,7.51,5.65,MEDIUM,4.35,MEDIUM,0.49
CLG0077,113,6.29,6.6,6,No,6,7,1,No,3.95,4.67,4.68,MEDIUM,5.32,MEDIUM,3.33
CLG0024,98,9.38,9.35,8,Yes,0,7,3,No,8.49,5.07,6.4,HIGH,3.6,LOW,2.93
CLG0004,92,7.58,7.94,4,Yes,3,1,2,No,5.04,2.2,3.77,LOW,6.23,HIGH,5.8
CLG0077,79,8.65,8.32,5,No,6,1,5,No,6.29,5.2,5.25,MEDIUM,4.75,MEDIUM,2.8
CLG0062,83,5.18,4.93,10,No,5,6,5,No,3.39,7.22,4.96,MEDIUM,5.04,MEDIUM,0.78
CLG0009,69,6.83,6.46,5,No,2,8,5,No,3.84,7.51,5.02,MEDIUM,4.98,MEDIUM,0.49
CLG0026,98,7.4,7.7,10,No,9,3,5,No,6.76,6.69,6.35,HIGH,3.65,LOW,1.31
CLG0047,91,5.93,5.66,4,No,9,8,4,No,2.38,8.11,5.05,MEDIUM,4.95,MEDIUM,0.0
CLG0016,85,5.6,5.26,2,No,0,8,4,No,1.22,6.31,3.76,LOW,6.24,HIGH,1.69
CLG0037,98,9.35,9.47,6,No,4,1,5,No,7.89,4.8,6.05,HIGH,3.95,LOW,3.2
CLG0070,105,9.7,9.28,4,No,10,5,5,No,7.29,7.78,7.12,HIGH,2.88,LOW,0.22
CLG0011,131,5.39,4.93,4,No,7,9,0,No,1.52,4.96,4.13,LOW,5.87,HIGH,3.04
CLG0002,77,6.75,6.36,10,Yes,2,10,5,No,5.38,8.4,6.13,HIGH,3.87,LOW,0.0
CLG0094,117,9.79,9.29,3,No,4,10,5,Yes,7.02,8.8,7.63,HIGH,2.37,LOW,0.0
CLG0083,114,5.42,5.62,8,No,8,3,0,No,3.38,2.49,3.6,LOW,6.4,HIGH,5.51
CLG0023,88,8.22,8.28,6,No,7,9,5,Yes,6.34,8.96,6.92,HIGH,3.08,LOW,0.0
CLG0047,103,9.86,9.57,9,No,10,9,5,Yes,9.27,9.56,8.59,HIGH,1.41,LOW,0.0
CLG0062,93,9.89,9.62,5,No,8,1,1,No,7.99,2.4,5.04,MEDIUM,4.96,MEDIUM,5.6
CLG0076,102,7.36,7.67,6,No,4,2,1,No,5.38,2.04,4.01,LOW,5.99,HIGH,5.96
CLG0039,122,5.81,5.81,9,No,2,3,3,No,4.08,3.69,4.49,MEDIUM,5.51,MEDIUM,4.31
CLG0006,109,6.01,6.21,4,No,10,4,4,No,2.83,6.53,4.91,MEDIUM,5.09,MEDIUM,1.47
CLG0036,107,9.45,9.4,10,No,8,5,2,No,9.23,4.98,6.81,HIGH,3.19,LOW,3.02
CLG0062,93,9.56,9.3,7,Yes,3,5,3,No,8.22,4.78,6.09,HIGH,3.91,LOW,3.22
CLG0060,77,8.04,8.51,10,No,0,10,5,Yes,7.73,8.0,6.91,HIGH,3.09,LOW,0.0
CLG0079,96,8.83,8.9,10,Yes,10,5,3,No,8.49,6.18,6.81,HIGH,3.19,LOW,1.82
CLG0036,118,8.7,8.33,6,No,1,3,3,Yes,6.66,3.49,5.38,MEDIUM,4.62,MEDIUM,4.51
CLG0077,77,8.31,8.22,6,No,7,6,5,No,6.35,7.62,6.2,HIGH,3.8,LOW,0.38
CLG0072,84,9.14,8.97,6,Yes,1,4,2,No,7.4,3.13,4.95,MEDIUM,5.05,MEDIUM,4.87
CLG0089,101,8.43,8.14,4,Yes,5,9,5,Yes,5.7,8.56,6.73,HIGH,3.27,LOW,0.0
CLG0088,85,7.67,8.1,10,No,4,2,3,No,7.21,3.64,5.09,MEDIUM,4.91,MEDIUM,4.36
CLG0031,88,6.18,6.56,6,No,8,1,0,No,3.85,1.6,2.98,LOW,7.02,HIGH,6.4
CLG0040,93,8.72,8.42,7,No,7,7,0,No,7.07,4.07,5.34,MEDIUM,4.66,MEDIUM,3.93
CLG0060,79,7.37,7.22,2,No,0,9,0,No,3.72,3.56,3.56,LOW,6.44,HIGH,4.44
CLG0013,85,6.47,6.73,9,No,2,10,3,No,5.15,6.8,5.53,MEDIUM,4.47,MEDIUM,1.2
CLG0093,110,9.01,8.72,7,No,4,9,3,Yes,7.47,6.76,6.87,HIGH,3.13,LOW,1.24
CLG0096,80,8.48,8.57,3,Yes,7,3,4,No,5.71,5.49,5.15,MEDIUM,4.85,MEDIUM,2.51
CLG0037,76,9.69,9.89,10,Yes,6,1,1,No,9.73,2.0,5.29,MEDIUM,4.71,MEDIUM,6.0
CLG0061,90,5.83,5.98,10,Yes,1,9,4,No,4.55,6.96,5.44,MEDIUM,4.56,MEDIUM,1.04
CLG0018,110,8.25,8.46,7,Yes,6,7,5,No,6.82,7.87,7.06,HIGH,2.94,LOW,0.13
CLG0090,97,6.22,6.43,10,No,4,8,0,No,5.12,3.91,4.57,MEDIUM,5.43,MEDIUM,4.09
CLG0018,93,9.52,9.98,10,No,5,6,1,No,9.7,4.02,6.38,HIGH,3.62,LOW,3.98
CLG0034,100,5.5,5.35,5,No,7,10,4,No,2.23,8.6,5.34,MEDIUM,4.66,MEDIUM,0.0
CLG0054,73,8.28,8.66,9,No,4,6,2,No,7.65,4.62,5.46,MEDIUM,4.54,MEDIUM,3.38
CLG0031,107,8.96,8.48,6,No,8,4,2,No,6.93,4.53,5.71,MEDIUM,4.29,MEDIUM,3.47
CLG0079,105,6.77,6.56,7,Yes,0,2,2,No,4.54,2.04,3.73,LOW,6.27,HIGH,5.96
CLG0037,93,9.77,9.32,4,No,4,1,0,No,7.36,0.8,4.15,LOW,5.85,HIGH,7.2
CLG0084,115,9.25,9.4,2,No,0,6,1,No,6.44,3.02,5.05,MEDIUM,4.95,MEDIUM,4.98
CLG0092,83,6.47,6.07,4,Yes,0,9,0,No,3.0,3.56,3.34,LOW,6.66,HIGH,4.44
CLG0068,116,5.04,5.39,9,No,0,10,2,Yes,3.31,5.6,4.85,MEDIUM,5.15,MEDIUM,2.4
CLG0072,102,6.48,6.63,3,No,4,10,3,No,3.09,7.2,5.16,MEDIUM,4.84,MEDIUM,0.8
CLG0058,94,6.41,5.94,7,Yes,8,2,0,No,3.87,2.04,3.27,LOW,6.73,HIGH,5.96
CLG0082,99,9.45,9.66,4,No,1,1,1,No,7.42,1.0,4.36,MEDIUM,5.64,MEDIUM,7.0
CLG0096,98,9.84,10.0,3,Yes,5,1,0,No,7.57,1.0,4.4,MEDIUM,5.6,MEDIUM,7.0
CLG0053,118,5.35,5.51,5,No,4,7,1,No,2.25,4.27,3.92,LOW,6.08,HIGH,3.73
CLG0087,83,7.36,6.89,2,No,6,1,5,No,3.47,5.2,4.19,LOW,5.81,HIGH,2.8
CLG0062,88,7.74,8.1,10,No,6,9,3,Yes,7.25,7.16,6.57,HIGH,3.43,LOW,0.84
CLG0079,115,5.46,5.69,4,Yes,2,9,4,Yes,2.12,7.16,4.98,MEDIUM,5.02,MEDIUM,0.84
CLG0007,91,6.89,6.77,7,No,5,3,1,No,4.77,2.69,3.84,LOW,6.16,HIGH,5.31
CLG0031,113,6.59,6.42,2,No,2,2,1,No,2.66,1.64,2.95,LOW,7.05,HIGH,6.36
CLG0096,125,7.68,7.66,10,Yes,1,9,2,Yes,6.89,5.36,6.34,HIGH,3.66,LOW,2.64
CLG0040,93,8.31,8.68,6,Yes,4,3,2,No,6.69,3.29,4.88,MEDIUM,5.12,MEDIUM,4.71
CLG0078,110,8.52,8.27,5,Yes,3,2,3,No,6.18,3.44,5.03,MEDIUM,4.97,MEDIUM,4.56
CLG0083,82,5.68,5.28,3,No,3,4,5,No,1.62,5.93,3.72,LOW,6.28,HIGH,2.07
CLG0050,111,9.06,9.42,5,Yes,3,7,5,Yes,7.34,7.27,7.04,HIGH,2.96,LOW,0.73
CLG0080,102,8.39,7.92,10,No,7,4,0,No,7.51,2.73,5.14,MEDIUM,4.86,MEDIUM,5.27
CLG0009,107,9.45,9.86,7,No,0,8,4,Yes,8.57,6.31,7.08,HIGH,2.92,LOW,1.69
CLG0065,90,7.25,7.06,3,No,2,5,4,No,3.86,5.38,4.53,MEDIUM,5.47,MEDIUM,2.62
CLG0025,75,9.47,9.48,8,No,8,2,3,No,8.63,4.44,5.81,MEDIUM,4.19,MEDIUM,3.56
CLG0008,107,9.33,8.96,7,No,2,10,4,Yes,7.84,7.6,7.3,HIGH,2.7,LOW,0.4
CLG0039,69,7.19,7.59,4,Yes,0,4,0,No,4.55,1.33,2.83,LOW,7.17,HIGH,6.67
CLG0032,95,6.91,7.16,5,No,4,7,2,No,4.4,5.07,4.71,MEDIUM,5.29,MEDIUM,2.93
CLG0008,114,9.66,10.0,10,Yes,3,1,5,Yes,9.8,4.6,7.01,HIGH,2.99,LOW,3.4
CLG0013,102,8.58,8.76,4,No,9,7,3,No,6.24,6.87,6.29,HIGH,3.71,LOW,1.13
CLG0067,129,9.64,9.32,2,No,7,3,4,Yes,6.62,5.49,6.35,HIGH,3.65,LOW,2.51
CLG0066,115,8.98,8.79,9,Yes,10,7,5,Yes,8.17,8.67,8.0,HIGH,2.0,LOW,0.0
CLG0028,90,8.05,8.04,1,No,10,3,3,No,4.39,5.29,4.71,MEDIUM,5.29,MEDIUM,2.71
CLG0004,100,5.58,5.69,8,Yes,8,8,3,No,3.52,7.11,5.26,MEDIUM,4.74,MEDIUM,0.89
CLG0023,99,6.46,6.89,4,No,9,4,1,No,3.6,3.93,4.0,LOW,6.0,HIGH,4.07
CLG0034,76,9.84,9.72,9,No,4,1,1,No,9.37,1.6,4.99,MEDIUM,5.01,MEDIUM,6.4
CLG0055,85,6.6,6.8,3,Yes,0,1,3,No,3.28,2.4,3.02,LOW,6.98,HIGH,5.6
CLG0071,91,5.47,5.93,7,No,3,4,5,No,3.3,5.93,4.55,MEDIUM,5.45,MEDIUM,2.07
CLG0094,69,8.54,8.19,3,No,2,9,1,No,5.46,4.76,4.57,MEDIUM,5.43,MEDIUM,3.24
CLG0058,100,8.67,9.03,10,Yes,5,5,4,No,8.49,5.98,6.8,HIGH,3.2,LOW,2.02
CLG0073,96,6.43,6.35,7,Yes,1,5,3,No,4.18,4.38,4.36,MEDIUM,5.64,MEDIUM,3.62
CLG0019,74,6.49,6.72,2,Yes,4,3,1,No,2.82,2.49,2.69,LOW,7.31,HIGH,5.51
CLG0009,106,7.34,7.13,3,Yes,7,5,4,No,3.97,6.38,5.25,MEDIUM,4.75,MEDIUM,1.62
CLG0023,110,5.11,4.94,8,No,10,7,2,No,2.69,6.27,4.76,MEDIUM,5.24,MEDIUM,1.73
CLG0075,103,8.95,8.48,7,No,4,3,2,No,7.26,3.29,5.28,MEDIUM,4.72,MEDIUM,4.71
CLG0013,95,6.59,7.06,3,Yes,4,5,5,No,3.47,6.58,4.94,MEDIUM,5.06,MEDIUM,1.42
CLG0093,108,9.27,9.58,8,Yes,7,3,3,No,8.59,4.69,6.46,HIGH,3.54,LOW,3.31
CLG0031,110,9.01,8.6,9,No,10,1,0,No,8.05,2.0,5.2,MEDIUM,4.8,MEDIUM,6.0
CLG0072,104,8.31,8.81,2,No,4,6,4,No,5.45,6.22,5.74,MEDIUM,4.26,MEDIUM,1.78
CLG0019,87,6.62,6.73,2,Yes,3,3,5,No,2.91,5.49,4.15,LOW,5.85,HIGH,2.51
CLG0005,104,7.58,7.93,7,Yes,9,2,5,No,6.03,6.24,5.98,HIGH,4.02,LOW,1.76
CLG0091,117,7.22,6.79,8,No,8,3,5,No,5.31,6.49,6.02,HIGH,3.98,LOW,1.51
CLG0039,91,6.69,6.58,5,No,1,5,3,No,3.84,4.38,4.14,LOW,5.86,HIGH,3.62
CLG0014,131,9.24,9.41,2,Yes,0,5,1,No,6.45,2.58,5.15,MEDIUM,4.85,MEDIUM,5.42
CLG0022,92,7.42,7.03,10,No,3,9,2,No,6.28,5.76,5.69,MEDIUM,4.31,MEDIUM,2.24
CLG0022,100,9.16,9.15,5,No,9,9,1,No,7.21,6.16,6.36,HIGH,3.64,LOW,1.84
CLG0005,89,5.53,5.47,3,No,2,2,4,No,1.67,4.04,3.1,LOW,6.9,HIGH,3.96
CLG0062,103,5.71,5.43,9,No,8,6,3,No,3.74,6.22,5.04,MEDIUM,4.96,MEDIUM,1.78
CLG0052,73,9.89,9.69,2,Yes,2,9,5,Yes,7.04,7.96,6.55,HIGH,3.45,LOW,0.04
CLG0080,91,7.94,8.41,9,No,2,9,2,Yes,7.27,5.56,5.99,HIGH,4.01,LOW,2.44
CLG0039,83,7.55,7.34,2,No,9,6,4,No,3.91,7.22,5.17,MEDIUM,4.83,MEDIUM,0.78
CLG0026,102,7.62,7.33,1,Yes,6,1,2,No,3.62,2.8,3.61,LOW,6.39,HIGH,5.2
CLG0080,114,6.08,6.12,10,No,1,1,5,No,4.81,4.2,4.85,MEDIUM,5.15,MEDIUM,3.8
CLG0056,109,8.59,8.76,6,Yes,10,9,2,Yes,6.91,7.16,6.79,HIGH,3.21,LOW,0.84
CLG0012,64,5.42,5.65,6,No,7,3,3,No,2.73,4.69,3.36,LOW,6.64,HIGH,3.31
CLG0080,130,7.87,8.12,4,Yes,5,5,3,Yes,5.34,5.18,5.73,MEDIUM,4.27,MEDIUM,2.82
CLG0049,104,7.85,7.39,2,No,10,6,0,No,4.13,4.22,4.42,MEDIUM,5.58,MEDIUM,3.78
CLG0012,88,9.57,9.46,10,No,8,1,0,No,9.35,1.6,5.18,MEDIUM,4.82,MEDIUM,6.4
CLG0096,102,7.63,7.9,3,No,7,1,0,No,4.71,1.4,3.49,LOW,6.51,HIGH,6.6
CLG0005,102,5.69,6.09,6,No,3,4,0,No,3.22,1.93,3.1,LOW,6.9,HIGH,6.07
CLG0100,89,7.86,7.96,4,Yes,7,6,5,No,5.22,7.62,5.96,HIGH,4.04,LOW,0.38
CLG0092,102,5.46,5.01,5,No,3,8,1,No,1.95,4.51,3.63,LOW,6.37,HIGH,3.49
CLG0051,90,6.02,5.92,9,No,10,7,0,No,4.29,4.67,4.42,MEDIUM,5.58,MEDIUM,3.33
CLG0004,93,5.16,4.73,5,Yes,4,2,1,No,1.57,2.04,2.33,LOW,7.67,HIGH,5.96
CLG0093,89,7.57,7.82,10,No,10,4,2,No,6.94,4.93,5.57,MEDIUM,4.43,MEDIUM,3.07
CLG0083,78,5.42,4.98,8,Yes,9,5,1,No,2.91,4.38,3.55,LOW,6.45,HIGH,3.62
CLG0025,102,7.35,7.04,2,No,10,8,2,No,3.57,6.71,5.15,MEDIUM,4.85,MEDIUM,1.29
CLG0099,108,9.66,9.58,6,Yes,6,7,0,No,8.15,3.87,5.95,HIGH,4.05,LOW,4.13
CLG0024,107,8.6,8.56,6,Yes,5,4,1,No,6.77,3.13,5.09,MEDIUM,4.91,MEDIUM,4.87
CLG0056,112,5.39,5.3,5,No,4,8,2,Yes,2.12,5.51,4.27,MEDIUM,5.73,MEDIUM,2.49
CLG0019,104,6.12,6.08,6,No,1,8,0,No,3.47,3.31,3.79,LOW,6.21,HIGH,4.69
CLG0023,92,8.37,8.58,5,No,4,4,5,No,6.32,6.13,5.85,MEDIUM,4.15,MEDIUM,1.87
CLG0095,112,9.47,9.34,2,Yes,9,2,2,Yes,6.53,3.84,5.36,MEDIUM,4.64,MEDIUM,4.16
CLG0083,79,5.16,5.21,5,Yes,6,3,3,No,1.92,4.49,3.21,LOW,6.79,HIGH,3.51
CLG0096,86,9.06,8.86,1,No,10,5,2,No,5.6,5.38,5.16,MEDIUM,4.84,MEDIUM,2.62
CLG0077,85,7.81,7.66,3,No,5,1,0,No,4.64,1.0,3.01,LOW,6.99,HIGH,7.0
CLG0046,116,7.73,7.84,7,Yes,5,5,5,No,6.06,6.78,6.42,HIGH,3.58,LOW,1.22
CLG0018,114,9.79,9.78,4,No,4,4,4,Yes,7.71,5.33,6.46,HIGH,3.54,LOW,2.67
CLG0061,107,8.74,8.96,8,Yes,8,5,3,No,7.82,5.78,6.57,HIGH,3.43,LOW,2.22
CLG0071,116,9.25,9.31,3,No,0,1,1,No,6.71,0.8,4.29,MEDIUM,5.71,MEDIUM,7.2
CLG0045,86,6.77,7.07,7,No,3,10,3,No,4.92,7.0,5.54,MEDIUM,4.46,MEDIUM,1.0
CLG0088,105,7.77,7.71,2,Yes,6,7,0,No,4.32,3.87,4.37,MEDIUM,5.63,MEDIUM,4.13
CLG0046,98,8.08,8.07,8,Yes,0,10,2,Yes,6.77,5.6,5.92,MEDIUM,4.08,MEDIUM,2.4
CLG0017,112,6.61,6.78,3,Yes,10,9,4,Yes,3.27,8.76,6.03,HIGH,3.97,LOW,0.0
CLG0015,98,7.85,7.57,6,Yes,3,5,0,No,5.6,2.38,4.17,LOW,5.83,HIGH,5.62
CLG0073,94,6.18,6.07,2,No,5,3,5,No,2.16,5.89,4.13,LOW,5.87,HIGH,2.11
CLG0034,108,5.72,5.84,7,No,9,9,2,No,3.38,6.96,5.28,MEDIUM,4.72,MEDIUM,1.04
CLG0099,113,6.87,6.4,4,No,7,6,5,No,3.48,7.62,5.67,MEDIUM,4.33,MEDIUM,0.38
CLG0008,89,8.7,8.64,6,No,6,6,5,No,6.89,7.42,6.54,HIGH,3.46,LOW,0.58
CLG0050,99,9.58,9.68,2,Yes,8,10,0,No,6.85,5.6,5.97,HIGH,4.03,LOW,2.4
CLG0011,84,7.29,7.76,3,Yes,6,10,5,No,4.4,9.2,6.18,HIGH,3.82,LOW,0.0
CLG0088,62,8.21,8.59,3,Yes,2,3,4,No,5.56,4.49,4.38,MEDIUM,5.62,MEDIUM,3.51
CLG0042,103,5.52,5.3,4,No,9,1,2,No,1.87,3.4,3.17,LOW,6.83,HIGH,4.6
CLG0094,109,9.52,9.53,1,No,3,4,4,No,6.37,5.13,5.76,MEDIUM,4.24,MEDIUM,2.87
CLG0085,103,7.84,7.4,6,No,2,4,2,No,5.47,3.33,4.58,MEDIUM,5.42,MEDIUM,4.67
CLG0043,70,8.9,8.64,6,No,8,3,3,No,7.01,4.89,5.26,MEDIUM,4.74,MEDIUM,3.11
CLG0035,94,8.97,9.24,4,Yes,10,5,0,No,6.83,3.78,5.15,MEDIUM,4.85,MEDIUM,4.22
CLG0059,66,6.28,5.9,8,No,10,9,1,No,4.1,6.36,4.61,MEDIUM,5.39,MEDIUM,1.64
CLG0012,120,7.65,7.41,5,No,7,9,1,No,5.03,5.76,5.67,MEDIUM,4.33,MEDIUM,2.24
CLG0073,83,9.8,10.0,10,No,9,8,0,No,9.88,4.91,6.63,HIGH,3.37,LOW,3.09
CLG0012,118,5.45,5.77,4,No,8,10,5,Yes,2.17,9.6,6.02,HIGH,3.98,LOW,0.0
CLG0028,114,8.42,8.7,7,Yes,9,6,5,Yes,7.1,8.02,7.3,HIGH,2.7,LOW,0.0
CLG0093,86,9.81,10.0,10,No,9,4,1,No,9.89,3.93,6.3,HIGH,3.7,LOW,4.07
CLG0046,83,6.5,6.75,10,No,1,2,4,No,5.52,3.84,4.46,MEDIUM,5.54,MEDIUM,4.16
CLG0040,105,9.31,8.93,8,No,4,10,1,No,8.14,5.6,6.59,HIGH,3.41,LOW,2.4
CLG0099,87,9.67,9.69,2,Yes,4,3,0,No,6.91,1.69,4.23,LOW,5.77,HIGH,6.31
CLG0029,101,8.74,8.68,1,Yes,6,9,5,Yes,5.28,8.76,6.64,HIGH,3.36,LOW,0.0
CLG0070,92,6.16,5.97,6,Yes,3,1,3,No,3.41,3.0,3.44,LOW,6.56,HIGH,5.0
CLG0016,73,6.67,7.0,2,No,3,7,5,No,3.14,7.27,4.71,MEDIUM,5.29,MEDIUM,0.73
CLG0046,66,5.18,5.14,8,Yes,7,10,0,No,2.88,5.4,3.74,LOW,6.26,HIGH,2.6
CLG0092,103,9.16,8.72,5,Yes,0,6,0,No,6.89,2.22,4.7,MEDIUM,5.3,MEDIUM,5.78
CLG0065,91,9.25,9.02,2,No,5,2,2,No,6.17,3.04,4.54,MEDIUM,5.46,MEDIUM,4.96
CLG0029,91,8.16,7.89,5,No,8,5,1,No,5.68,4.18,4.8,MEDIUM,5.2,MEDIUM,3.82
CLG0052,110,6.76,7.15,2,Yes,1,2,1,No,3.3,1.44,3.08,LOW,6.92,HIGH,6.56
CLG0040,117,5.38,5.53,6,Yes,4,9,2,Yes,2.62,5.96,4.73,MEDIUM,5.27,MEDIUM,2.04
CLG0006,95,8.77,8.83,8,Yes,9,5,4,No,7.74,6.78,6.73,HIGH,3.27,LOW,1.22
CLG0027,94,8.63,8.64,2,No,9,6,4,No,5.51,7.22,6.0,HIGH,4.0,LOW,0.78
CLG0037,107,9.56,9.71,6,No,8,4,5,No,8.19,6.93,7.18,HIGH,2.82,LOW,1.07
CLG0022,79,8.65,8.9,6,Yes,10,1,2,No,7.05,3.6,4.91,MEDIUM,5.09,MEDIUM,4.4
CLG0007,103,9.14,9.19,1,Yes,3,3,1,No,5.89,2.29,4.33,MEDIUM,5.67,MEDIUM,5.71
CLG0001,108,8.73,9.17,9,Yes,8,5,4,No,8.3,6.58,7.1,HIGH,2.9,LOW,1.42
CLG0077,110,8.15,8.63,8,Yes,7,3,4,No,7.22,5.49,6.26,HIGH,3.74,LOW,2.51
CLG0048,70,7.13,7.63,4,No,8,8,3,No,4.54,7.11,5.16,MEDIUM,4.84,MEDIUM,0.89
CLG0051,88,9.51,9.68,7,No,1,2,4,No,8.47,3.84,5.73,MEDIUM,4.27,MEDIUM,4.16
CLG0014,86,8.25,8.68,4,Yes,9,2,1,No,5.98,3.04,4.38,MEDIUM,5.62,MEDIUM,4.96
CLG0079,101,6.99,6.89,8,No,4,1,3,No,5.25,3.2,4.41,MEDIUM,5.59,MEDIUM,4.8
CLG0012,107,5.42,5.78,10,No,9,1,3,No,4.16,4.2,4.47,MEDIUM,5.53,MEDIUM,3.8
CLG0049,122,6.45,6.86,2,No,8,4,5,No,2.9,6.93,5.32,MEDIUM,4.68,MEDIUM,1.07
CLG0041,92,7.72,8.12,2,No,4,8,1,No,4.59,4.71,4.59,MEDIUM,5.41,MEDIUM,3.29
CLG0068,92,6.38,6.71,3,Yes,3,8,2,No,3.08,5.31,4.23,LOW,5.77,HIGH,2.69
CLG0085,117,6.11,6.02,4,Yes,7,8,0,No,2.75,4.51,4.2,LOW,5.8,HIGH,3.49
CLG0002,104,7.64,7.3,6,Yes,5,1,4,No,5.27,4.2,4.86,MEDIUM,5.14,MEDIUM,3.8
CLG0085,119,5.85,5.68,5,Yes,1,1,5,No,2.68,4.2,4.09,LOW,5.91,HIGH,3.8
CLG0062,104,9.0,9.27,10,Yes,7,7,2,No,8.87,5.67,6.89,HIGH,3.11,LOW,2.33
CLG0057,82,7.42,7.15,10,No,4,7,0,No,6.36,3.47,4.63,MEDIUM,5.37,MEDIUM,4.53
CLG0014,80,7.87,7.85,7,No,6,10,1,No,6.15,6.0,5.53,MEDIUM,4.47,MEDIUM,2.0
CLG0044,76,5.74,5.81,6,No,3,5,4,No,3.04,5.58,4.05,LOW,5.95,HIGH,2.42
CLG0066,109,6.62,6.72,4,No,8,8,2,No,3.57,6.31,5.11,MEDIUM,4.89,MEDIUM,1.69
CLG0075,117,7.05,7.49,10,No,1,6,0,No,6.39,2.42,4.82,MEDIUM,5.18,MEDIUM,5.58
CLG0037,127,9.04,9.2,9,No,9,1,5,Yes,8.5,5.8,7.19,HIGH,2.81,LOW,2.2
CLG0078,112,8.85,9.14,7,Yes,8,7,1,No,7.68,5.07,6.31,HIGH,3.69,LOW,2.93
CLG0047,117,6.11,6.19,1,No,3,8,5,Yes,1.87,7.71,5.13,MEDIUM,4.87,MEDIUM,0.29
CLG0061,91,8.08,8.41,8,Yes,5,8,3,Yes,7.02,6.51,6.27,HIGH,3.73,LOW,1.49
CLG0084,82,6.22,5.98,4,No,4,10,3,No,2.79,7.2,4.7,MEDIUM,5.3,MEDIUM,0.8
CLG0099,112,9.94,9.65,7,No,2,9,3,Yes,8.71,6.36,7.24,HIGH,2.76,LOW,1.64
CLG0027,106,9.76,10.0,2,Yes,6,3,1,No,7.19,2.89,5.14,MEDIUM,4.86,MEDIUM,5.11
CLG0049,101,7.82,8.01,3,Yes,3,2,0,No,4.9,1.04,3.4,LOW,6.6,HIGH,6.96
CLG0060,105,8.49,8.66,1,No,0,8,1,No,5.11,3.91,4.7,MEDIUM,5.3,MEDIUM,4.09
CLG0070,104,9.01,8.98,2,No,7,4,3,No,5.99,5.13,5.52,MEDIUM,4.48,MEDIUM,2.87
CLG0071,119,8.6,8.48,5,No,2,2,1,No,6.38,1.64,4.54,MEDIUM,5.46,MEDIUM,6.36
CLG0045,119,8.5,8.56,2,Yes,5,2,4,Yes,5.38,4.64,5.34,MEDIUM,4.66,MEDIUM,3.36
CLG0001,108,9.79,9.41,6,No,1,2,0,No,8.11,0.64,4.65,MEDIUM,5.35,MEDIUM,7.36
CLG0013,112,7.98,7.93,6,Yes,8,5,5,No,5.94,7.38,6.54,HIGH,3.46,LOW,0.62
CLG0038,107,8.18,8.14,6,No,3,8,4,Yes,6.21,6.91,6.38,HIGH,3.62,LOW,1.09
CLG0017,93,9.25,9.29,3,No,6,9,5,Yes,6.7,8.76,7.07,HIGH,2.93,LOW,0.0
CLG0100,111,8.35,8.48,3,Yes,8,6,3,Yes,5.56,6.22,5.91,MEDIUM,4.09,MEDIUM,1.78
CLG0038,79,8.66,9.12,10,Yes,10,8,0,No,8.55,5.11,6.11,HIGH,3.89,LOW,2.89
CLG0001,115,6.17,6.32,7,Yes,2,6,4,No,4.01,5.82,5.2,MEDIUM,4.8,MEDIUM,2.18
CLG0001,82,6.86,7.24,4,No,2,1,1,No,4.09,1.2,2.82,LOW,7.18,HIGH,6.8
CLG0083,104,5.74,5.8,6,No,2,9,2,No,3.03,5.56,4.51,MEDIUM,5.49,MEDIUM,2.44
CLG0030,87,7.53,7.66,8,Yes,4,10,5,No,6.14,8.8,6.76,HIGH,3.24,LOW,0.0
CLG0077,108,7.28,6.85,3,Yes,9,7,1,No,3.73,5.27,4.75,MEDIUM,5.25,MEDIUM,2.73
CLG0007,99,9.99,9.62,9,Yes,5,2,3,No,9.38,3.84,6.28,HIGH,3.72,LOW,4.16
CLG0020,76,8.06,8.14,9,Yes,2,3,2,No,7.14,2.89,4.61,MEDIUM,5.39,MEDIUM,5.11
CLG0044,106,8.93,8.83,3,No,9,2,5,No,6.17,6.24,6.08,HIGH,3.92,LOW,1.76
CLG0073,91,6.67,6.97,6,No,8,9,0,No,4.45,5.16,4.7,MEDIUM,5.3,MEDIUM,2.84
CLG0013,113,9.16,9.2,5,No,0,8,5,Yes,7.24,7.11,6.97,HIGH,3.03,LOW,0.89
CLG0039,100,8.08,8.46,4,Yes,6,5,2,No,5.72,4.58,5.13,MEDIUM,4.87,MEDIUM,3.42
CLG0020,105,8.48,8.95,8,No,10,4,5,No,7.65,7.33,7.09,HIGH,2.91,LOW,0.67
CLG0089,85,6.47,6.12,10,Yes,8,7,5,No,5.04,8.27,6.08,HIGH,3.92,LOW,0.0
CLG0005,91,7.74,7.63,9,No,4,9,0,No,6.57,4.36,5.23,MEDIUM,4.77,MEDIUM,3.64
CLG0052,93,8.17,8.33,9,No,2,8,4,Yes,7.35,6.71,6.51,HIGH,3.49,LOW,1.29
CLG0025,112,7.95,7.76,5,Yes,9,8,5,Yes,5.46,8.91,6.96,HIGH,3.04,LOW,0.0
CLG0012,125,9.58,9.35,5,Yes,3,2,4,Yes,7.61,4.24,6.18,HIGH,3.82,LOW,3.76
CLG0090,87,9.49,9.8,3,No,7,10,5,Yes,7.21,9.4,7.43,HIGH,2.57,LOW,0.0
CLG0056,116,9.85,10.0,9,No,2,9,5,Yes,9.58,7.96,8.3,HIGH,1.7,LOW,0.04
CLG0086,67,8.34,8.61,1,No,4,2,4,No,4.99,4.44,4.22,LOW,5.78,HIGH,3.56
CLG0001,82,9.86,9.88,3,Yes,2,8,4,Yes,7.49,6.71,6.38,HIGH,3.62,LOW,1.29
CLG0072,85,9.16,9.1,7,Yes,5,5,5,No,7.84,6.78,6.6,HIGH,3.4,LOW,1.22
CLG0100,79,6.35,6.39,7,Yes,0,6,4,No,4.17,5.42,4.49,MEDIUM,5.51,MEDIUM,2.58
CLG0049,76,7.14,7.1,5,Yes,6,10,2,No,4.49,6.8,5.11,MEDIUM,4.89,MEDIUM,1.2
CLG0067,106,6.19,6.19,6,No,10,9,0,No,3.59,5.56,4.77,MEDIUM,5.23,MEDIUM,2.44
CLG0022,96,5.02,4.72,4,No,5,8,4,No,1.14,7.31,4.32,MEDIUM,5.68,MEDIUM,0.69
CLG0085,105,5.94,6.34,8,No,5,5,4,No,4.22,5.98,5.17,MEDIUM,4.83,MEDIUM,2.02
CLG0085,110,5.02,5.27,4,Yes,2,6,0,No,1.55,2.62,2.85,LOW,7.15,HIGH,5.38
CLG0031,103,8.6,8.78,10,Yes,0,5,2,No,8.27,3.38,5.72,MEDIUM,4.28,MEDIUM,4.62
CLG0001,109,7.13,7.58,6,No,10,9,5,No,5.17,9.56,7.05,HIGH,2.95,LOW,0.0
CLG0027,98,6.56,6.34,5,No,0,5,4,No,3.59,4.98,4.4,MEDIUM,5.6,MEDIUM,3.02
CLG0002,82,8.81,8.39,10,No,6,6,5,No,8.11,7.42,6.91,HIGH,3.09,LOW,0.58
CLG0093,115,9.16,9.49,6,No,3,1,5,Yes,7.79,4.6,6.22,HIGH,3.78,LOW,3.4
CLG0001,91,9.88,10.0,3,No,5,8,2,Yes,7.59,5.71,6.17,HIGH,3.83,LOW,2.29
CLG0042,85,8.21,8.29,3,No,3,8,4,Yes,5.34,6.91,5.65,MEDIUM,4.35,MEDIUM,1.09
CLG0008,97,7.31,6.87,10,No,7,8,2,No,6.09,6.11,5.84,MEDIUM,4.16,MEDIUM,1.89
CLG0035,86,6.53,6.81,7,Yes,8,7,5,No,4.58,8.27,5.91,MEDIUM,4.09,MEDIUM,0.0
CLG0035,93,6.11,5.68,1,No,1,7,3,No,1.5,5.27,3.6,LOW,6.4,HIGH,2.73
CLG0007,105,6.06,6.1,1,No,0,6,4,No,1.78,5.42,3.97,LOW,6.03,HIGH,2.58
CLG0023,105,7.05,6.83,1,No,0,7,4,No,2.91,5.87,4.61,MEDIUM,5.39,MEDIUM,2.13
CLG0023,86,9.96,10.0,6,No,6,9,5,Yes,8.64,8.76,7.73,HIGH,2.27,LOW,0.0
CLG0046,92,5.0,4.95,4,Yes,1,5,5,No,1.3,5.98,3.78,LOW,6.22,HIGH,2.02
CLG0019,116,5.99,6.39,6,No,2,9,5,Yes,3.62,7.96,5.91,MEDIUM,4.09,MEDIUM,0.04
CLG0079,107,5.94,5.74,1,No,3,9,1,No,1.44,4.96,3.69,LOW,6.31,HIGH,3.04
CLG0072,131,8.59,8.48,4,No,8,4,1,No,6.04,3.73,5.45,MEDIUM,4.55,MEDIUM,4.27
CLG0097,117,6.76,7.21,4,Yes,9,9,5,Yes,4.01,9.36,6.65,HIGH,3.35,LOW,0.0
CLG0099,117,7.29,6.99,2,No,1,8,5,Yes,3.5,7.31,5.62,MEDIUM,4.38,MEDIUM,0.69
CLG0013,79,5.74,5.82,1,No,9,5,5,No,1.38,7.58,4.23,LOW,5.77,HIGH,0.42
CLG0050,111,7.02,6.91,8,No,1,10,2,Yes,5.28,5.8,5.63,MEDIUM,4.37,MEDIUM,2.2
CLG0031,99,5.52,5.79,6,Yes,0,3,1,No,2.89,1.69,2.82,LOW,7.18,HIGH,6.31
CLG0071,91,7.67,7.3,4,No,7,9,2,No,4.62,6.56,5.33,MEDIUM,4.67,MEDIUM,1.44
CLG0084,102,5.49,5.43,2,No,7,3,4,No,1.28,5.49,3.75,LOW,6.25,HIGH,2.51
CLG0038,114,8.95,9.15,5,No,4,3,4,Yes,7.08,4.89,6.04,HIGH,3.96,LOW,3.11
CLG0057,107,7.83,7.74,9,Yes,2,3,5,No,6.71,5.29,5.93,HIGH,4.07,MEDIUM,2.71
CLG0008,86,8.62,8.18,7,Yes,0,1,3,No,6.84,2.4,4.47,MEDIUM,5.53,MEDIUM,5.6
CLG0100,111,7.09,7.3,4,No,1,6,3,No,4.28,4.82,4.84,MEDIUM,5.16,MEDIUM,3.18
CLG0014,90,6.91,6.91,5,Yes,8,3,1,No,4.22,3.29,3.84,LOW,6.16,HIGH,4.71
CLG0094,103,5.49,5.0,8,No,7,10,5,No,2.96,9.4,6.0,HIGH,4.0,LOW,0.0
CLG0051,95,7.62,7.73,5,Yes,9,3,5,No,5.24,6.69,5.7,MEDIUM,4.3,MEDIUM,1.31
CLG0009,96,7.57,7.99,6,No,10,9,4,No,5.74,8.76,6.74,HIGH,3.26,LOW,0.0
CLG0013,111,7.34,6.95,10,No,3,7,2,No,6.17,4.87,5.61,MEDIUM,4.39,MEDIUM,3.13
CLG0076,84,8.7,8.79,6,Yes,2,8,1,No,7.0,4.31,5.26,MEDIUM,4.74,MEDIUM,3.69
CLG0066,129,9.16,9.39,8,Yes,4,1,3,Yes,8.38,3.2,6.14,HIGH,3.86,LOW,4.8
CLG0038,72,8.75,8.32,5,No,7,8,0,No,6.35,4.51,4.87,MEDIUM,5.13,MEDIUM,3.49
CLG0021,91,5.72,5.24,1,No,9,8,2,No,0.94,6.51,3.83,LOW,6.17,HIGH,1.49
CLG0029,105,8.11,8.07,4,Yes,5,8,5,Yes,5.45,8.11,6.52,HIGH,3.48,LOW,0.0
CLG0084,108,5.4,5.69,3,No,9,6,0,No,1.75,4.02,3.45,LOW,6.55,HIGH,3.98
CLG0050,98,8.47,8.13,2,No,10,10,1,No,5.05,6.8,5.71,MEDIUM,4.29,MEDIUM,1.2
CLG0064,99,6.91,7.25,7,Yes,3,5,1,No,5.13,3.18,4.32,MEDIUM,5.68,MEDIUM,4.82
CLG0009,106,5.66,5.82,7,Yes,7,4,0,No,3.33,2.73,3.54,LOW,6.46,HIGH,5.27
CLG0015,96,9.31,9.14,8,No,3,9,1,No,8.29,4.96,6.24,HIGH,3.76,LOW,3.04
CLG0053,120,8.07,8.09,10,No,4,7,1,No,7.44,4.27,6.03,HIGH,3.97,LOW,3.73
CLG0097,112,6.77,7.24,5,Yes,1,1,4,No,4.37,3.4,4.32,MEDIUM,5.68,MEDIUM,4.6
CLG0053,113,5.15,4.87,1,No,9,1,5,No,0.33,5.8,3.68,LOW,6.32,HIGH,2.2
CLG0071,85,7.69,7.69,6,Yes,3,1,2,No,5.59,2.2,3.87,LOW,6.13,HIGH,5.8
CLG0003,98,9.62,9.74,6,No,9,4,3,No,8.25,5.53,6.49,HIGH,3.51,LOW,2.47
CLG0087,95,7.98,7.62,8,No,9,9,5,No,6.38,9.36,7.22,HIGH,2.78,LOW,0.0
CLG0022,84,9.86,9.4,10,No,2,3,4,No,9.48,4.49,6.32,HIGH,3.68,LOW,3.51
CLG0039,105,5.68,5.19,2,No,7,10,1,No,1.22,6.2,4.06,LOW,5.94,HIGH,1.8
CLG0077,91,7.84,7.66,9,No,7,1,3,No,6.66,3.8,5.04,MEDIUM,4.96,MEDIUM,4.2
CLG0009,109,8.99,8.56,6,No,6,1,1,No,7.01,2.0,4.77,MEDIUM,5.23,MEDIUM,6.0
CLG0034,83,7.63,7.93,1,Yes,5,3,5,No,4.06,5.89,4.7,MEDIUM,5.3,MEDIUM,2.11
CLG0012,125,5.46,5.96,9,No,8,7,2,No,3.98,5.87,5.38,MEDIUM,4.62,MEDIUM,2.13
CLG0034,86,7.91,7.47,8,Yes,3,8,1,No,6.23,4.51,5.07,MEDIUM,4.93,MEDIUM,3.49
CLG0045,103,8.06,7.99,10,No,3,4,0,No,7.36,1.93,4.78,MEDIUM,5.22,MEDIUM,6.07
CLG0097,111,8.64,8.17,1,No,5,2,0,No,4.84,1.44,3.71,LOW,6.29,HIGH,6.56
CLG0050,91,8.81,8.44,8,No,0,7,0,No,7.48,2.67,4.91,MEDIUM,5.09,MEDIUM,5.33
CLG0099,112,8.85,8.67,7,Yes,1,9,0,Yes,7.34,3.76,5.65,MEDIUM,4.35,MEDIUM,4.24
CLG0028,81,8.32,8.21,5,Yes,1,10,3,Yes,6.01,6.6,5.73,MEDIUM,4.27,MEDIUM,1.4
CLG0039,121,6.08,6.52,6,No,9,6,5,No,3.77,8.02,6.08,HIGH,3.92,LOW,0.0
CLG0003,100,7.02,6.92,4,Yes,3,2,0,No,3.96,1.04,3.01,LOW,6.99,HIGH,6.96
CLG0047,91,8.88,8.88,9,Yes,4,9,1,No,8.17,5.16,6.19,HIGH,3.81,LOW,2.84
CLG0012,95,9.77,9.52,9,No,1,7,4,No,9.18,6.07,7.02,HIGH,2.98,LOW,1.93
CLG0043,112,5.39,4.89,10,Yes,7,9,1,No,3.49,5.76,4.91,MEDIUM,5.09,MEDIUM,2.24
CLG0077,91,7.68,8.08,1,Yes,4,2,1,No,4.2,2.04,3.35,LOW,6.65,HIGH,5.96
CLG0067,88,6.56,6.14,9,No,7,10,1,No,4.77,6.2,5.19,MEDIUM,4.81,MEDIUM,1.8
CLG0018,96,6.13,6.59,3,Yes,8,4,1,No,2.85,3.73,3.57,LOW,6.43,HIGH,4.27
CLG0090,82,7.53,7.16,2,No,10,6,4,No,3.77,7.42,5.18,MEDIUM,4.82,MEDIUM,0.58
CLG0010,127,8.03,8.13,4,No,8,10,0,Yes,5.45,5.6,5.89,MEDIUM,4.11,MEDIUM,2.4
CLG0004,91,5.05,5.55,4,No,3,7,2,No,1.77,4.87,3.51,LOW,6.49,HIGH,3.13
CLG0012,112,8.9,8.54,9,No,9,3,3,Yes,7.94,5.09,6.43,HIGH,3.57,LOW,2.91
CLG0053,103,9.1,9.02,4,No,1,10,4,Yes,6.74,7.4,6.72,HIGH,3.28,LOW,0.6
CLG0051,85,9.83,10.0,5,Yes,10,5,4,No,8.23,6.98,6.84,HIGH,3.16,LOW,1.02
CLG0016,99,5.9,5.43,6,Yes,1,4,4,No,2.86,4.73,4.03,LOW,5.97,HIGH,3.27
CLG0017,111,7.97,8.16,4,No,4,5,3,Yes,5.43,4.98,5.36,MEDIUM,4.64,MEDIUM,3.02
CLG0095,97,7.13,6.71,1,No,9,6,1,No,2.87,4.82,4.03,LOW,5.97,HIGH,3.18
CLG0026,117,6.67,6.41,2,No,3,6,5,No,2.71,6.82,5.11,MEDIUM,4.89,MEDIUM,1.18
CLG0002,115,7.83,7.49,3,No,5,7,3,No,4.53,6.07,5.5,MEDIUM,4.5,MEDIUM,1.93
CLG0029,113,8.91,9.32,4,No,8,6,4,Yes,6.85,7.02,6.78,HIGH,3.22,LOW,0.98
CLG0094,93,5.12,4.8,5,No,6,6,1,No,1.6,4.22,3.22,LOW,6.78,HIGH,3.78
CLG0047,83,9.85,9.39,10,No,10,4,4,No,9.46,6.53,7.11,HIGH,2.89,LOW,1.47
CLG0011,90,9.05,9.14,10,No,3,2,2,No,8.8,2.64,5.41,MEDIUM,4.59,MEDIUM,5.36
CLG0034,102,8.76,8.61,3,No,6,10,0,No,5.9,5.2,5.48,MEDIUM,4.52,MEDIUM,2.8
CLG0071,108,8.8,8.71,1,No,1,7,0,No,5.33,2.87,4.43,MEDIUM,5.57,MEDIUM,5.13
CLG0029,67,6.95,6.57,8,No,4,7,4,No,4.99,6.67,5.11,MEDIUM,4.89,MEDIUM,1.33
CLG0097,99,8.76,9.01,8,No,10,3,1,No,7.86,3.69,5.61,MEDIUM,4.39,MEDIUM,4.31
CLG0049,102,6.93,7.03,4,No,8,5,2,No,3.98,4.98,4.63,MEDIUM,5.37,MEDIUM,3.02
CLG0091,95,9.49,9.35,7,No,10,6,2,No,8.22,5.82,6.54,HIGH,3.46,LOW,2.18
CLG0016,119,5.89,5.56,4,No,8,10,5,Yes,2.28,9.6,6.09,HIGH,3.91,LOW,0.0
CLG0081,106,6.46,6.55,3,No,3,9,1,No,3.02,4.96,4.3,MEDIUM,5.7,MEDIUM,3.04
CLG0075,119,7.76,8.04,7,No,7,3,1,No,6.22,3.09,5.06,MEDIUM,4.94,MEDIUM,4.91
CLG0014,96,6.6,6.41,6,Yes,4,3,2,No,4.0,3.29,3.86,LOW,6.14,HIGH,4.71
CLG0013,114,7.12,6.65,1,No,2,5,0,No,2.82,2.18,3.25,LOW,6.75,HIGH,5.82
CLG0035,124,7.46,7.17,9,Yes,5,2,0,No,6.07,1.44,4.42,MEDIUM,5.58,MEDIUM,6.56
CLG0090,119,9.28,9.46,2,No,3,3,2,Yes,6.51,3.09,5.17,MEDIUM,4.83,MEDIUM,4.91
CLG0052,83,7.62,8.11,3,No,2,6,3,No,4.85,5.02,4.67,MEDIUM,5.33,MEDIUM,2.98
CLG0025,96,6.81,6.32,5,No,3,3,2,No,3.72,3.09,3.66,LOW,6.34,HIGH,4.91
CLG0059,94,6.24,6.05,3,No,0,1,4,No,2.52,3.2,3.19,LOW,6.81,HIGH,4.8
CLG0076,107,7.04,6.6,3,No,9,7,5,No,3.4,8.47,5.88,MEDIUM,4.12,MEDIUM,0.0
CLG0068,110,7.58,7.4,8,No,7,7,3,No,5.98,6.47,6.16,HIGH,3.84,LOW,1.53
CLG0042,87,8.73,8.64,4,No,8,2,1,No,6.24,2.84,4.42,MEDIUM,5.58,MEDIUM,5.16
CLG0048,101,5.61,6.03,10,No,5,5,2,No,4.46,4.38,4.56,MEDIUM,5.44,MEDIUM,3.62
CLG0091,69,6.11,5.69,2,No,4,9,2,No,1.84,5.96,3.6,LOW,6.4,HIGH,2.04
CLG0045,121,6.9,7.18,5,Yes,8,3,3,No,4.41,4.89,5.09,MEDIUM,4.91,MEDIUM,3.11
CLG0072,92,6.8,6.7,2,No,3,8,2,No,3.0,5.31,4.2,LOW,5.8,HIGH,2.69
CLG0072,100,6.96,7.27,10,Yes,0,4,4,No,6.18,4.53,5.29,MEDIUM,4.71,MEDIUM,3.47
CLG0029,95,8.97,8.98,8,No,10,3,0,No,7.97,2.89,5.27,MEDIUM,4.73,MEDIUM,5.11
CLG0003,117,6.62,6.16,3,Yes,6,2,2,No,2.83,3.24,3.73,LOW,6.27,HIGH,4.76
CLG0021,57,7.51,7.96,2,No,0,9,0,No,4.34,3.56,3.43,LOW,6.57,HIGH,4.44
CLG0031,99,8.12,7.7,3,No,8,5,1,No,4.85,4.18,4.6,MEDIUM,5.4,MEDIUM,3.82
CLG0013,98,6.16,6.26,3,Yes,3,9,1,No,2.62,4.96,4.01,LOW,5.99,HIGH,3.04
CLG0095,93,8.59,8.97,1,No,2,8,2,Yes,5.4,5.11,5.09,MEDIUM,4.91,MEDIUM,2.89
CLG0081,125,7.74,7.32,3,No,3,3,1,No,4.35,2.29,4.09,LOW,5.91,HIGH,5.71
CLG0048,86,7.23,7.28,3,Yes,0,4,2,No,4.01,2.93,3.55,LOW,6.45,HIGH,5.07
CLG0096,111,9.05,9.37,4,No,5,6,0,No,6.97,3.22,5.27,MEDIUM,4.73,MEDIUM,4.78
CLG0024,105,6.22,6.71,8,No,6,10,3,No,4.66,7.6,6.0,HIGH,4.0,LOW,0.4
CLG0002,118,9.42,9.64,9,No,6,5,2,Yes,9.05,4.58,6.77,HIGH,3.23,LOW,3.42
CLG0003,89,7.81,7.59,1,No,4,10,5,No,3.92,8.8,5.91,MEDIUM,4.09,MEDIUM,0.0
CLG0026,89,8.05,8.25,1,Yes,9,10,3,Yes,4.55,8.2,5.92,MEDIUM,4.08,MEDIUM,0.0
CLG0002,116,9.38,9.59,6,No,9,3,0,No,7.99,2.69,5.55,MEDIUM,4.45,MEDIUM,5.31
CLG0033,106,9.09,9.29,1,No,4,5,0,No,5.93,2.58,4.52,MEDIUM,5.48,MEDIUM,5.42
CLG0034,76,8.01,8.36,5,No,5,5,3,No,5.94,5.18,5.05,MEDIUM,4.95,MEDIUM,2.82
CLG0090,91,8.77,8.36,1,No,9,9,5,Yes,5.06,9.36,6.62,HIGH,3.38,LOW,0.0
CLG0098,105,7.17,6.78,8,No,7,4,2,No,5.28,4.33,4.94,MEDIUM,5.06,MEDIUM,3.67
CLG0038,112,7.74,7.88,5,No,8,8,3,Yes,5.42,7.11,6.23,HIGH,3.77,LOW,0.89
CLG0078,89,5.31,5.76,6,Yes,5,4,2,No,2.75,3.93,3.49,LOW,6.51,HIGH,4.07
CLG0095,56,5.45,5.42,4,Yes,2,10,5,No,1.91,8.4,4.38,MEDIUM,5.62,MEDIUM,0.0
CLG0020,107,9.15,9.61,8,No,5,2,2,No,8.54,3.04,5.76,MEDIUM,4.24,MEDIUM,4.96
CLG0010,81,5.3,5.74,9,No,3,3,3,No,3.73,3.89,3.73,LOW,6.27,HIGH,4.11
CLG0084,69,5.85,6.25,9,Yes,3,4,0,No,4.43,1.93,3.02,LOW,6.98,HIGH,6.07
CLG0033,57,8.98,9.39,1,No,10,8,4,Yes,5.94,8.31,5.97,HIGH,4.03,LOW,0.0
CLG0045,112,5.01,5.41,7,No,10,9,1,No,2.64,6.36,4.81,MEDIUM,5.19,MEDIUM,1.64
CLG0060,101,6.41,6.73,4,Yes,6,6,4,No,3.45,6.62,5.05,MEDIUM,4.95,MEDIUM,1.38
CLG0066,96,7.92,8.11,10,No,5,8,0,No,7.37,4.11,5.53,MEDIUM,4.47,MEDIUM,3.89
CLG0061,120,7.98,7.5,8,No,7,10,1,No,6.29,6.2,6.35,HIGH,3.65,LOW,1.8
CLG0051,109,8.89,8.52,7,No,10,5,5,No,7.25,7.78,7.17,HIGH,2.83,LOW,0.22
CLG0012,124,7.53,7.16,1,Yes,7,5,5,No,3.44,7.18,5.67,MEDIUM,4.33,MEDIUM,0.82
CLG0080,79,7.55,7.07,1,Yes,2,8,3,No,3.38,5.91,4.37,MEDIUM,5.63,MEDIUM,2.09
CLG0009,99,8.63,8.25,1,No,10,4,4,No,4.9,6.53,5.56,MEDIUM,4.44,MEDIUM,1.47
CLG0011,75,7.49,7.91,2,No,3,3,2,No,4.3,3.09,3.54,LOW,6.46,HIGH,4.91
CLG0021,96,8.04,8.2,10,Yes,1,10,0,No,7.51,4.2,5.62,MEDIUM,4.38,MEDIUM,3.8
CLG0076,96,9.49,9.3,2,No,0,2,0,No,6.51,0.44,3.72,LOW,6.28,HIGH,7.56
CLG0068,109,7.01,7.3,9,No,6,8,5,No,5.89,8.31,6.84,HIGH,3.16,LOW,0.0
CLG0026,100,6.93,6.92,5,No,7,5,0,No,4.23,3.18,3.97,LOW,6.03,HIGH,4.82
CLG0063,109,5.02,4.66,1,No,7,6,5,No,0.1,7.62,4.25,LOW,5.75,HIGH,0.38
CLG0019,110,8.07,8.45,7,Yes,5,9,4,Yes,6.71,7.76,6.97,HIGH,3.03,LOW,0.24
CLG0017,132,5.15,4.99,10,No,6,3,2,No,3.42,3.69,4.4,MEDIUM,5.6,MEDIUM,4.31
CLG0044,95,7.52,7.72,2,No,7,4,4,No,4.18,5.93,4.97,MEDIUM,5.03,MEDIUM,2.07
CLG0061,85,9.02,8.81,3,Yes,3,2,2,No,6.21,2.64,4.29,MEDIUM,5.71,MEDIUM,5.36
CLG0001,103,7.75,7.75,4,No,7,6,1,No,5.0,4.42,4.83,MEDIUM,5.17,MEDIUM,3.58
CLG0072,87,6.35,6.67,3,Yes,5,9,3,No,3.04,6.96,4.79,MEDIUM,5.21,MEDIUM,1.04
CLG0058,122,8.93,8.59,3,No,6,2,5,Yes,5.99,5.64,6.04,HIGH,3.96,LOW,2.36
CLG0094,95,6.35,6.83,9,No,9,5,0,No,5.15,3.58,4.42,MEDIUM,5.58,MEDIUM,4.42
CLG0041,91,8.67,8.24,4,No,6,10,2,Yes,5.91,6.8,5.94,HIGH,4.06,LOW,1.2
CLG0024,92,8.05,8.08,8,Yes,7,1,4,No,6.76,4.6,5.42,MEDIUM,4.58,MEDIUM,3.4
CLG0043,110,5.85,6.27,1,No,10,4,5,No,1.78,7.33,4.82,MEDIUM,5.18,MEDIUM,0.67
CLG0081,97,9.53,9.98,6,No,4,8,5,Yes,8.37,7.91,7.47,HIGH,2.53,LOW,0.09
CLG0094,90,6.0,5.73,1,No,1,3,5,No,1.47,5.09,3.46,LOW,6.54,HIGH,2.91
CLG0009,124,9.95,9.59,5,Yes,7,4,4,Yes,8.0,5.93,6.99,HIGH,3.01,LOW,2.07
CLG0066,87,5.04,5.26,7,Yes,0,2,0,No,2.55,0.44,1.98,LOW,8.02,HIGH,7.56
CLG0090,100,6.32,5.86,1,Yes,1,9,0,No,1.76,3.76,3.22,LOW,6.78,HIGH,4.24
CLG0032,109,6.0,5.99,9,Yes,4,5,0,No,4.33,2.58,3.93,LOW,6.07,HIGH,5.42
CLG0091,75,5.07,5.37,9,Yes,3,3,1,No,3.32,2.29,2.83,LOW,7.17,HIGH,5.71
CLG0041,107,8.66,8.72,6,No,10,10,3,Yes,6.92,8.4,7.26,HIGH,2.74,LOW,0.0
CLG0011,84,8.47,8.16,2,Yes,1,7,5,No,5.07,6.87,5.51,MEDIUM,4.49,MEDIUM,1.13
CLG0065,112,8.96,8.95,2,No,3,1,2,Yes,5.94,2.2,4.47,MEDIUM,5.53,MEDIUM,5.8
CLG0018,85,6.28,6.7,9,Yes,6,9,0,No,5.02,4.76,4.66,MEDIUM,5.34,MEDIUM,3.24
CLG0008,110,7.22,7.34,4,No,4,7,2,No,4.38,5.07,4.96,MEDIUM,5.04,MEDIUM,2.93
CLG0027,116,8.3,8.52,6,No,3,1,4,Yes,6.56,3.8,5.43,MEDIUM,4.57,MEDIUM,4.2
CLG0082,112,7.2,7.04,10,Yes,1,4,3,No,6.15,3.93,5.25,MEDIUM,4.75,MEDIUM,4.07
CLG0009,103,8.49,8.18,2,Yes,1,7,3,No,5.09,5.27,5.2,MEDIUM,4.8,MEDIUM,2.73
CLG0002,96,8.17,7.93,4,Yes,0,4,2,No,5.39,2.93,4.27,MEDIUM,5.73,MEDIUM,5.07
CLG0081,91,5.57,5.6,2,No,9,7,4,No,1.45,7.67,4.5,MEDIUM,5.5,MEDIUM,0.33
CLG0075,122,8.91,8.69,3,No,5,3,4,Yes,6.05,5.09,5.84,MEDIUM,4.16,MEDIUM,2.91
CLG0046,89,8.6,8.64,2,No,5,4,1,No,5.5,3.13,4.27,MEDIUM,5.73,MEDIUM,4.87
CLG0070,84,8.28,8.49,8,Yes,3,3,5,No,7.2,5.49,5.81,MEDIUM,4.19,MEDIUM,2.51
CLG0005,109,5.78,6.01,5,No,8,4,0,No,2.88,2.93,3.49,LOW,6.51,HIGH,5.07
CLG0012,88,6.34,6.0,5,No,3,10,4,No,3.21,7.8,5.21,MEDIUM,4.79,MEDIUM,0.2
CLG0044,85,6.97,7.22,8,Yes,2,3,0,No,5.48,1.29,3.46,LOW,6.54,HIGH,6.71
CLG0042,78,6.4,6.57,8,Yes,10,10,0,No,4.66,6.0,4.9,MEDIUM,5.1,MEDIUM,2.0
CLG0099,92,6.14,5.65,7,Yes,9,10,2,No,3.5,7.4,5.23,MEDIUM,4.77,MEDIUM,0.6
CLG0088,98,9.03,8.59,5,No,8,5,5,No,6.72,7.38,6.61,HIGH,3.39,LOW,0.62
CLG0030,103,8.19,8.34,7,No,0,4,0,No,6.7,1.33,4.27,MEDIUM,5.73,MEDIUM,6.67
CLG0052,114,7.83,7.71,1,Yes,1,3,2,No,4.02,2.69,3.93,LOW,6.07,HIGH,5.31
CLG0081,107,6.13,5.78,3,No,0,5,3,No,2.25,4.18,3.7,LOW,6.3,HIGH,3.82
CLG0047,97,9.59,9.13,3,Yes,6,10,4,Yes,6.78,8.4,7.03,HIGH,2.97,LOW,0.0
CLG0036,97,5.96,5.62,2,Yes,0,9,2,No,1.7,5.16,3.7,LOW,6.3,HIGH,2.84
CLG0070,107,8.97,9.43,6,No,10,1,1,No,7.63,2.8,5.3,MEDIUM,4.7,MEDIUM,5.2
CLG0032,119,9.83,10.0,3,Yes,10,4,2,Yes,7.56,4.93,6.33,HIGH,3.67,LOW,3.07
CLG0098,101,8.64,8.67,4,Yes,0,7,0,No,6.21,2.67,4.58,MEDIUM,5.42,MEDIUM,5.33
CLG0044,92,9.96,10.0,3,No,5,4,1,No,7.64,3.13,5.18,MEDIUM,4.82,MEDIUM,4.87
CLG0016,85,8.26,8.38,7,Yes,5,8,5,Yes,6.77,8.11,6.7,HIGH,3.3,LOW,0.0
CLG0071,78,6.09,6.32,4,Yes,10,7,0,No,2.96,4.67,3.68,LOW,6.32,HIGH,3.33
CLG0096,109,6.02,5.8,5,No,4,5,1,No,2.87,3.38,3.66,LOW,6.34,HIGH,4.62
CLG0017,108,6.62,6.71,7,No,3,10,2,No,4.56,6.2,5.45,MEDIUM,4.55,MEDIUM,1.8
CLG0032,108,5.04,4.68,4,No,7,4,0,No,1.13,2.73,2.69,LOW,7.31,HIGH,5.27
CLG0014,98,8.41,8.31,6,No,2,8,2,Yes,6.47,5.11,5.61,MEDIUM,4.39,MEDIUM,2.89
CLG0026,121,6.34,5.87,9,Yes,0,1,4,No,4.45,3.2,4.43,MEDIUM,5.57,MEDIUM,4.8
CLG0073,92,9.08,8.8,6,Yes,0,2,5,No,7.24,4.44,5.54,MEDIUM,4.46,MEDIUM,3.56
CLG0013,114,6.8,6.37,5,No,4,5,1,No,3.75,3.38,4.1,LOW,5.9,HIGH,4.62
CLG0089,99,7.4,7.29,1,Yes,2,10,3,No,3.45,6.8,5.09,MEDIUM,4.91,MEDIUM,1.2
CLG0012,90,9.83,10.0,8,No,2,7,5,No,9.23,7.07,7.36,HIGH,2.64,LOW,0.93
CLG0045,108,6.21,6.09,5,Yes,10,9,3,No,3.19,7.96,5.61,MEDIUM,4.39,MEDIUM,0.04
CLG0016,106,8.61,8.94,5,No,1,3,2,No,6.72,2.69,4.88,MEDIUM,5.12,MEDIUM,5.31
CLG0094,105,8.78,8.94,3,No,8,5,1,No,6.16,4.18,5.23,MEDIUM,4.77,MEDIUM,3.82
CLG0052,101,6.1,6.11,10,No,10,2,1,No,4.81,3.24,4.25,LOW,5.75,HIGH,4.76
CLG0021,99,7.5,7.24,2,No,5,6,2,No,3.81,4.82,4.44,MEDIUM,5.56,MEDIUM,3.18
CLG0024,135,6.75,7.17,1,No,6,6,3,No,2.98,5.82,5.13,MEDIUM,4.87,MEDIUM,2.18
CLG0043,117,8.86,8.41,9,No,1,4,5,Yes,7.82,5.53,6.64,HIGH,3.36,LOW,2.47
CLG0005,110,8.11,8.3,5,No,10,2,4,No,5.95,5.64,5.82,MEDIUM,4.18,MEDIUM,2.36
CLG0033,101,7.38,7.5,10,No,0,8,5,No,6.6,7.11,6.51,HIGH,3.49,LOW,0.89
CLG0031,115,8.9,8.84,4,No,7,8,3,Yes,6.49,6.91,6.62,HIGH,3.38,LOW,1.09
CLG0009,107,6.18,5.92,7,Yes,9,1,0,No,3.72,1.8,3.34,LOW,6.66,HIGH,6.2
CLG0035,100,8.77,8.7,4,Yes,3,2,3,No,6.31,3.44,4.91,MEDIUM,5.09,MEDIUM,4.56
CLG0008,95,9.33,9.7,2,Yes,8,4,0,No,6.71,2.93,4.78,MEDIUM,5.22,MEDIUM,5.07
CLG0075,98,9.39,9.73,9,No,8,1,0,No,9.1,1.6,5.25,MEDIUM,4.75,MEDIUM,6.4
CLG0017,52,8.92,9.36,8,No,10,6,4,No,8.22,7.42,6.44,HIGH,3.56,LOW,0.58
CLG0080,103,7.04,6.85,4,No,3,2,4,No,3.92,4.24,4.32,MEDIUM,5.68,MEDIUM,3.76
CLG0020,92,9.91,9.8,8,No,9,3,5,No,9.13,6.69,7.2,HIGH,2.8,LOW,1.31
CLG0091,123,6.9,6.42,9,No,2,9,3,Yes,5.18,6.36,6.02,HIGH,3.98,LOW,1.64
CLG0078,100,8.19,8.63,2,Yes,4,7,5,No,5.24,7.47,6.09,HIGH,3.91,LOW,0.53
CLG0022,82,5.81,5.64,4,No,5,4,2,No,2.29,3.93,3.19,LOW,6.81,HIGH,4.07
CLG0054,99,9.9,9.8,6,No,9,10,3,Yes,8.46,8.2,7.66,HIGH,2.34,LOW,0.0
CLG0071,84,8.52,8.93,7,No,3,1,4,No,7.33,3.8,5.19,MEDIUM,4.81,MEDIUM,4.2
CLG0075,107,8.77,8.8,5,Yes,0,4,5,No,6.72,5.33,5.95,HIGH,4.05,LOW,2.67
CLG0081,104,5.33,5.4,10,No,6,10,0,No,3.83,5.2,4.69,MEDIUM,5.31,MEDIUM,2.8
CLG0077,114,8.82,8.5,10,No,4,6,0,No,8.19,3.02,5.73,MEDIUM,4.27,MEDIUM,4.98
CLG0081,88,8.87,8.87,7,No,1,8,2,Yes,7.49,4.91,5.76,MEDIUM,4.24,MEDIUM,3.09
CLG0075,100,8.36,8.78,4,No,10,9,3,Yes,6.12,7.96,6.64,HIGH,3.36,LOW,0.04
CLG0068,79,6.46,6.52,8,Yes,8,4,2,No,4.66,4.53,4.33,MEDIUM,5.67,MEDIUM,3.47
CLG0080,110,7.45,7.21,3,Yes,7,6,2,No,4.09,5.22,4.9,MEDIUM,5.1,MEDIUM,2.78
CLG0031,107,5.55,5.08,3,No,9,2,3,No,1.39,4.64,3.54,LOW,6.46,HIGH,3.36
CLG0085,107,7.36,7.2,5,Yes,6,2,1,No,4.7,2.44,3.98,LOW,6.02,HIGH,5.56
CLG0097,100,6.22,6.29,6,Yes,8,6,3,No,3.68,6.22,4.97,MEDIUM,5.03,MEDIUM,1.78
CLG0013,106,6.75,6.29,3,No,9,9,2,No,3.0,6.96,5.1,MEDIUM,4.9,MEDIUM,1.04
CLG0029,124,5.81,5.92,10,No,1,3,5,No,4.5,5.09,5.25,MEDIUM,4.75,MEDIUM,2.91
CLG0079,95,6.15,6.17,2,No,2,4,1,No,2.22,2.53,2.82,LOW,7.18,HIGH,5.47
CLG0010,102,5.38,5.66,5,No,8,9,5,No,2.38,9.16,5.66,MEDIUM,4.34,MEDIUM,0.0
CLG0033,83,9.6,9.13,10,No,5,9,2,Yes,9.12,6.16,6.83,HIGH,3.17,LOW,1.84
CLG0015,86,7.65,7.93,6,Yes,1,5,2,No,5.74,3.58,4.5,MEDIUM,5.5,MEDIUM,4.42
CLG0077,101,6.98,7.0,3,No,5,9,2,No,3.66,6.16,4.95,MEDIUM,5.05,MEDIUM,1.84
CLG0035,116,7.68,7.55,7,No,4,5,5,No,5.81,6.58,6.24,HIGH,3.76,LOW,1.42
CLG0054,96,8.14,8.61,3,No,9,5,0,No,5.53,3.58,4.58,MEDIUM,5.42,MEDIUM,4.42
CLG0021,96,9.61,9.27,2,Yes,4,7,3,No,6.56,5.87,5.91,MEDIUM,4.09,MEDIUM,2.13
CLG0030,93,5.89,5.93,10,No,4,6,4,No,4.55,6.22,5.2,MEDIUM,4.8,MEDIUM,1.78
CLG0046,91,6.48,6.3,4,No,1,10,0,No,3.18,4.2,3.81,LOW,6.19,HIGH,3.8
CLG0042,104,9.88,9.91,3,No,5,7,3,No,7.53,6.07,6.52,HIGH,3.48,LOW,1.93
CLG0071,77,6.86,6.91,7,No,6,10,0,No,4.85,5.2,4.64,MEDIUM,5.36,MEDIUM,2.8
CLG0049,119,5.11,4.7,8,No,8,2,3,No,2.52,4.44,4.12,LOW,5.88,HIGH,3.56
CLG0024,90,5.74,5.9,3,No,4,9,1,No,2.11,5.16,3.75,LOW,6.25,HIGH,2.84
CLG0080,110,5.13,5.26,6,Yes,10,6,5,No,2.27,8.22,5.38,MEDIUM,4.62,MEDIUM,0.0
CLG0069,80,9.95,10.0,1,Yes,10,9,4,Yes,6.97,8.76,6.96,HIGH,3.04,LOW,0.0
CLG0006,110,6.39,5.98,5,No,4,1,1,No,3.22,1.6,3.11,LOW,6.89,HIGH,6.4
CLG0002,110,9.62,9.42,2,Yes,8,2,1,No,6.68,2.84,4.99,MEDIUM,5.01,MEDIUM,5.16
CLG0003,105,9.98,10.0,1,No,5,7,3,No,6.99,6.07,6.32,HIGH,3.68,LOW,1.93
CLG0053,85,8.0,7.64,7,No,6,2,2,No,6.07,3.24,4.48,MEDIUM,5.52,MEDIUM,4.76
CLG0010,103,5.17,5.35,10,Yes,3,6,5,No,3.7,6.82,5.27,MEDIUM,4.73,MEDIUM,1.18
CLG0024,82,5.41,4.97,4,Yes,3,2,2,No,1.56,2.64,2.38,LOW,7.62,HIGH,5.36
CLG0033,96,7.41,7.24,5,No,0,10,2,No,4.76,5.6,5.08,MEDIUM,4.92,MEDIUM,2.4
CLG0084,115,7.03,7.38,2,Yes,10,5,2,No,3.63,5.38,4.87,MEDIUM,5.13,MEDIUM,2.62
CLG0022,111,8.03,8.3,8,Yes,4,6,5,Yes,6.91,7.02,6.77,HIGH,3.23,LOW,0.98
CLG0061,100,7.19,7.33,10,No,1,7,4,No,6.36,6.07,5.98,HIGH,4.02,LOW,1.93
CLG0096,85,9.67,10.0,3,No,4,1,1,No,7.47,1.6,4.38,MEDIUM,5.62,MEDIUM,6.4
CLG0094,109,7.67,7.88,7,No,4,2,0,No,6.05,1.24,4.08,LOW,5.92,HIGH,6.76
CLG0067,100,8.47,8.49,1,No,3,2,4,No,4.98,4.24,4.7,MEDIUM,5.3,MEDIUM,3.76
CLG0004,65,9.48,9.96,10,Yes,9,1,5,No,9.66,5.8,6.59,HIGH,3.41,LOW,2.2
CLG0051,111,5.73,5.92,1,Yes,8,3,3,No,1.45,4.89,3.73,LOW,6.27,HIGH,3.11
CLG0004,99,6.15,6.25,7,Yes,4,6,4,No,3.94,6.22,5.06,MEDIUM,4.94,MEDIUM,1.78
CLG0039,118,5.54,5.45,1,No,5,9,4,Yes,0.99,7.76,4.82,MEDIUM,5.18,MEDIUM,0.24
CLG0031,83,5.7,6.1,9,No,0,3,5,No,4.23,4.89,4.37,MEDIUM,5.63,MEDIUM,3.11
CLG0057,52,7.56,7.36,9,No,4,3,3,No,6.27,4.09,4.33,MEDIUM,5.67,MEDIUM,3.91
CLG0073,104,6.61,6.12,8,Yes,8,2,0,No,4.46,2.04,3.68,LOW,6.32,HIGH,5.96
CLG0030,104,7.12,6.82,8,Yes,10,2,1,No,5.28,3.24,4.48,MEDIUM,5.52,MEDIUM,4.76
CLG0093,74,9.91,9.52,4,Yes,5,7,4,No,7.59,6.87,6.35,HIGH,3.65,LOW,1.13
CLG0089,85,5.78,5.6,4,No,8,4,3,No,2.24,5.33,3.78,LOW,6.22,HIGH,2.67
CLG0039,141,7.7,8.03,5,No,3,6,3,Yes,5.51,5.22,6.0,HIGH,4.0,LOW,2.78
CLG0099,95,5.49,5.64,9,No,1,8,0,No,3.77,3.31,3.76,LOW,6.24,HIGH,4.69
CLG0025,110,6.59,6.26,3,No,8,5,4,No,2.88,6.58,4.96,MEDIUM,5.04,MEDIUM,1.42
CLG0058,90,7.64,7.93,4,No,3,3,3,No,5.07,3.89,4.42,MEDIUM,5.58,MEDIUM,4.11
CLG0036,68,9.73,9.73,10,No,10,2,5,No,9.64,6.44,6.89,HIGH,3.11,LOW,1.56
CLG0011,97,6.96,6.97,5,Yes,1,6,5,No,4.29,6.42,5.24,MEDIUM,4.76,MEDIUM,1.58
CLG0090,96,5.32,5.18,7,Yes,0,8,0,No,2.66,3.11,3.25,LOW,6.75,HIGH,4.89
CLG0046,94,6.94,7.3,5,No,1,10,0,No,4.52,4.2,4.39,MEDIUM,5.61,MEDIUM,3.8
CLG0089,98,5.73,5.55,9,No,4,4,3,No,3.84,4.53,4.32,MEDIUM,5.68,MEDIUM,3.47
CLG0021,103,6.15,5.74,6,Yes,2,2,3,No,3.24,3.24,3.65,LOW,6.35,HIGH,4.76
CLG0002,97,8.09,7.89,3,Yes,5,3,4,No,4.97,5.09,4.98,MEDIUM,5.02,MEDIUM,2.91
CLG0074,81,5.34,5.56,6,Yes,3,3,4,No,2.62,4.69,3.61,LOW,6.39,HIGH,3.31
CLG0039,107,7.32,7.48,6,Yes,1,9,1,No,5.21,4.56,5.04,MEDIUM,4.96,MEDIUM,3.44
CLG0099,70,8.05,7.74,10,No,6,10,3,No,7.17,7.6,6.4,HIGH,3.6,LOW,0.4
CLG0033,69,7.11,6.72,1,No,10,4,2,No,2.86,4.93,3.59,LOW,6.41,HIGH,3.07
CLG0031,111,5.1,5.26,7,No,5,6,5,No,2.59,7.22,5.12,MEDIUM,4.88,MEDIUM,0.78
CLG0004,107,9.93,10.0,3,Yes,7,9,2,Yes,7.62,6.56,6.8,HIGH,3.2,LOW,1.44
CLG0067,99,6.84,6.71,1,No,9,10,5,No,2.69,9.8,5.99,HIGH,4.01,LOW,0.0
CLG0069,79,8.89,9.23,1,No,4,8,1,No,5.77,4.71,4.84,MEDIUM,5.16,MEDIUM,3.29
CLG0081,89,6.63,7.11,5,No,2,9,3,No,4.19,6.36,5.04,MEDIUM,4.96,MEDIUM,1.64
CLG0013,96,7.38,7.09,10,Yes,3,6,0,No,6.3,2.82,4.59,MEDIUM,5.41,MEDIUM,5.18
CLG0065,76,6.94,7.02,10,No,4,2,5,No,5.98,5.24,5.09,MEDIUM,4.91,MEDIUM,2.76
CLG0045,88,6.71,6.22,2,No,4,5,2,No,2.59,4.18,3.51,LOW,6.49,HIGH,3.82
CLG0039,109,5.11,5.32,2,No,5,10,4,No,0.97,8.2,4.83,MEDIUM,5.17,MEDIUM,0.0
CLG0087,121,6.8,6.71,4,No,8,3,2,No,3.67,4.09,4.47,MEDIUM,5.53,MEDIUM,3.91
CLG0089,93,9.45,9.14,10,Yes,3,3,3,No,9.04,3.89,6.06,HIGH,3.94,LOW,4.11
CLG0053,111,8.45,8.7,7,Yes,6,10,5,Yes,7.12,9.2,7.72,HIGH,2.28,LOW,0.0
CLG0031,71,5.73,6.04,8,Yes,6,1,2,No,3.87,2.8,3.18,LOW,6.82,HIGH,5.2
CLG0013,109,7.96,7.57,10,Yes,5,4,1,No,7.0,3.13,5.21,MEDIUM,4.79,MEDIUM,4.87
CLG0001,87,9.46,9.0,7,Yes,0,7,4,No,7.94,5.87,6.31,HIGH,3.69,LOW,2.13
CLG0098,104,8.5,8.33,9,Yes,8,3,1,No,7.54,3.29,5.41,MEDIUM,4.59,MEDIUM,4.71
CLG0029,96,5.74,5.87,7,No,5,7,0,No,3.42,3.67,3.78,LOW,6.22,HIGH,4.33
CLG0061,119,9.34,9.63,4,No,2,6,0,No,7.33,2.62,5.31,MEDIUM,4.69,MEDIUM,5.38
CLG0095,86,6.51,6.56,9,No,10,1,0,No,5.05,2.0,3.59,LOW,6.41,HIGH,6.0
CLG0072,109,7.27,7.35,9,Yes,1,5,0,No,6.09,1.98,4.39,MEDIUM,5.61,MEDIUM,6.02
CLG0002,95,7.63,7.93,3,Yes,2,6,3,No,4.73,5.02,4.82,MEDIUM,5.18,MEDIUM,2.98
CLG0012,97,9.25,9.28,10,Yes,10,9,3,Yes,9.02,7.96,7.75,HIGH,2.25,LOW,0.04
CLG0056,97,9.66,9.77,8,No,0,10,3,Yes,8.96,6.4,7.1,HIGH,2.9,LOW,1.6
CLG0097,87,9.65,9.67,1,Yes,2,6,1,No,6.55,3.42,4.77,MEDIUM,5.23,MEDIUM,4.58
CLG0094,99,5.04,5.42,2,Yes,4,8,1,No,1.0,4.71,3.28,LOW,6.72,HIGH,3.29
CLG0041,99,9.61,9.35,8,Yes,3,2,2,No,8.62,2.64,5.5,MEDIUM,4.5,MEDIUM,5.36
CLG0027,103,5.27,5.03,8,No,9,1,4,No,2.85,5.0,4.2,LOW,5.8,HIGH,3.0
CLG0089,101,6.33,5.96,6,No,0,1,1,No,3.5,0.8,2.75,LOW,7.25,HIGH,7.2
CLG0038,111,7.57,7.89,8,Yes,4,7,2,No,6.33,5.07,5.76,MEDIUM,4.24,MEDIUM,2.93
CLG0097,113,7.4,7.31,8,No,2,8,0,No,5.8,3.51,4.95,MEDIUM,5.05,MEDIUM,4.49
CLG0052,84,8.02,7.87,2,No,9,8,0,No,4.58,4.91,4.53,MEDIUM,5.47,MEDIUM,3.09
CLG0080,113,7.4,7.88,3,Yes,10,3,1,No,4.55,3.69,4.53,MEDIUM,5.47,MEDIUM,4.31
CLG0032,82,9.67,10.0,7,No,6,5,3,No,8.8,5.38,6.37,HIGH,3.63,LOW,2.62
CLG0088,108,6.2,6.67,3,Yes,9,7,2,No,2.95,6.07,4.75,MEDIUM,5.25,MEDIUM,1.93
CLG0002,109,6.37,6.01,2,No,10,9,5,No,2.23,9.56,5.88,MEDIUM,4.12,MEDIUM,0.0
CLG0066,71,9.6,9.99,6,No,7,5,4,No,8.42,6.38,6.43,HIGH,3.57,LOW,1.62
CLG0020,101,5.38,5.21,2,No,4,4,2,No,1.05,3.73,2.94,LOW,7.06,HIGH,4.27
CLG0057,92,8.05,7.56,2,Yes,9,4,3,No,4.38,5.53,4.84,MEDIUM,5.16,MEDIUM,2.47
CLG0062,88,8.41,8.3,2,No,7,6,5,No,5.13,7.62,5.9,MEDIUM,4.1,MEDIUM,0.38
CLG0091,120,7.53,7.54,4,No,5,9,3,Yes,4.72,6.96,6.02,HIGH,3.98,LOW,1.04
CLG0086,90,8.47,8.08,7,No,5,1,1,No,6.68,1.8,4.23,LOW,5.77,HIGH,6.2
CLG0048,87,5.86,5.9,6,No,4,1,3,No,3.18,3.2,3.34,LOW,6.66,HIGH,4.8
CLG0083,101,9.26,9.58,5,Yes,10,1,3,No,7.58,4.4,5.82,MEDIUM,4.18,MEDIUM,3.6
CLG0007,110,5.7,5.58,4,Yes,9,4,4,No,2.18,6.33,4.58,MEDIUM,5.42,MEDIUM,1.67
CLG0067,97,7.0,6.85,2,No,5,4,3,No,3.23,4.73,4.14,LOW,5.86,HIGH,3.27
CLG0050,117,5.38,5.22,8,Yes,0,8,5,Yes,3.06,7.11,5.37,MEDIUM,4.63,MEDIUM,0.89
CLG0034,107,7.73,8.15,2,Yes,7,5,0,No,4.62,3.18,4.25,LOW,5.75,HIGH,4.82
CLG0087,67,8.35,7.9,8,No,4,10,3,No,6.8,7.2,6.04,HIGH,3.96,LOW,0.8
CLG0069,92,9.71,9.66,10,Yes,7,4,0,No,9.58,2.73,5.8,MEDIUM,4.2,MEDIUM,5.27
CLG0067,91,8.7,8.46,4,No,2,8,4,Yes,6.09,6.71,5.97,HIGH,4.03,LOW,1.29
CLG0088,107,7.71,8.1,5,No,9,7,5,No,5.57,8.47,6.74,HIGH,3.26,LOW,0.0
CLG0091,60,9.66,9.26,1,No,5,6,1,No,6.25,4.02,4.43,MEDIUM,5.57,MEDIUM,3.98
CLG0034,138,7.39,7.3,2,No,0,2,0,No,3.79,0.44,3.35,LOW,6.65,HIGH,7.56
CLG0043,107,7.81,7.72,8,No,0,5,1,No,6.35,2.58,4.7,MEDIUM,5.3,MEDIUM,5.42
CLG0021,102,7.98,8.37,1,No,3,2,5,No,4.59,5.04,4.89,MEDIUM,5.11,MEDIUM,2.96
CLG0012,117,7.05,6.77,3,Yes,9,6,5,No,3.53,8.02,5.92,MEDIUM,4.08,MEDIUM,0.0
CLG0032,135,9.19,9.33,2,No,5,9,5,Yes,6.36,8.56,7.57,HIGH,2.43,LOW,0.0
CLG0047,113,5.93,5.56,10,No,2,9,5,Yes,4.31,7.96,6.14,HIGH,3.86,LOW,0.04
CLG0086,114,7.77,8.22,5,No,10,6,1,No,5.69,5.02,5.53,MEDIUM,4.47,MEDIUM,2.98
CLG0098,101,8.61,8.7,4,Yes,10,4,0,No,6.21,3.33,4.84,MEDIUM,5.16,MEDIUM,4.67
CLG0087,97,9.52,9.65,4,Yes,4,10,2,Yes,7.46,6.4,6.5,HIGH,3.5,LOW,1.6
CLG0055,92,9.42,9.35,4,No,9,9,3,Yes,7.18,7.76,6.85,HIGH,3.15,LOW,0.24
CLG0065,87,7.54,7.38,4,No,10,5,4,No,4.6,6.98,5.42,MEDIUM,4.58,MEDIUM,1.02
CLG0068,89,8.22,7.93,4,No,3,8,5,No,5.42,7.71,6.07,HIGH,3.93,LOW,0.29
CLG0017,79,6.97,7.07,6,No,9,9,1,No,4.7,6.16,4.99,MEDIUM,5.01,MEDIUM,1.84
CLG0026,98,7.34,7.79,2,Yes,2,5,2,No,4.12,3.78,4.13,LOW,5.87,HIGH,4.22
CLG0095,74,9.53,9.39,4,Yes,8,6,1,No,7.27,4.62,5.32,MEDIUM,4.68,MEDIUM,3.38
CLG0033,102,9.65,10.0,7,No,3,4,2,No,8.79,3.53,5.97,HIGH,4.03,LOW,4.47
CLG0064,99,9.48,9.13,7,Yes,9,1,4,No,8.05,5.0,6.21,HIGH,3.79,LOW,3.0
CLG0092,102,5.69,6.13,1,Yes,6,1,2,No,1.58,2.8,2.79,LOW,7.21,HIGH,5.2
CLG0010,92,9.25,9.1,10,No,4,5,4,No,8.89,5.78,6.74,HIGH,3.26,LOW,2.22
CLG0100,146,9.74,9.62,9,No,6,3,3,Yes,9.23,4.49,7.28,HIGH,2.72,LOW,3.51
CLG0046,120,6.81,6.77,7,Yes,4,7,5,No,4.72,7.47,6.23,HIGH,3.77,LOW,0.53
CLG0073,81,7.59,7.81,6,No,2,4,5,No,5.62,5.73,5.22,MEDIUM,4.78,MEDIUM,2.27
CLG0090,103,8.9,9.12,2,No,5,4,5,No,6.03,6.33,6.0,HIGH,4.0,LOW,1.67
CLG0051,90,7.81,7.79,6,No,8,4,2,No,5.73,4.53,4.94,MEDIUM,5.06,MEDIUM,3.47
CLG0034,84,9.97,9.99,5,No,5,6,5,No,8.31,7.22,6.95,HIGH,3.05,LOW,0.78
CLG0014,79,7.28,6.81,9,No,3,9,1,No,5.7,4.96,4.91,MEDIUM,5.09,MEDIUM,3.04
CLG0041,106,8.57,8.37,1,No,0,9,3,Yes,4.95,5.96,5.48,MEDIUM,4.52,MEDIUM,2.04
CLG0090,89,8.96,8.81,5,Yes,2,5,1,No,6.84,2.98,4.75,MEDIUM,5.25,MEDIUM,5.02
CLG0095,114,7.47,7.53,3,No,2,8,1,No,4.34,4.31,4.71,MEDIUM,5.29,MEDIUM,3.69
CLG0038,114,9.28,9.34,9,Yes,1,4,3,Yes,8.75,3.93,6.32,HIGH,3.68,LOW,4.07
CLG0048,120,7.73,7.94,1,Yes,9,8,3,Yes,4.13,7.31,5.93,HIGH,4.07,MEDIUM,0.69
CLG0043,87,7.06,7.28,6,Yes,1,10,4,No,4.91,7.4,5.71,MEDIUM,4.29,MEDIUM,0.6
CLG0028,107,5.54,5.28,3,Yes,7,9,2,No,1.53,6.56,4.36,MEDIUM,5.64,MEDIUM,1.44
CLG0041,109,6.97,7.24,1,No,7,8,4,No,3.16,7.71,5.51,MEDIUM,4.49,MEDIUM,0.29
CLG0056,92,8.67,8.19,3,Yes,2,8,0,No,5.54,3.51,4.49,MEDIUM,5.51,MEDIUM,4.49
CLG0081,88,9.61,9.83,2,Yes,3,9,0,No,6.97,4.16,5.26,MEDIUM,4.74,MEDIUM,3.84
CLG0076,124,6.26,5.86,10,Yes,4,10,4,Yes,4.72,8.0,6.51,HIGH,3.49,LOW,0.0
CLG0091,103,6.78,7.01,8,Yes,10,8,4,No,5.21,8.31,6.47,HIGH,3.53,LOW,0.0
CLG0065,109,5.77,5.8,3,Yes,8,4,2,No,2.05,4.53,3.79,LOW,6.21,HIGH,3.47
CLG0060,87,8.45,8.39,7,Yes,4,5,3,No,6.89,4.98,5.53,MEDIUM,4.47,MEDIUM,3.02
CLG0097,81,9.8,9.99,10,No,10,10,0,No,9.87,6.0,7.03,HIGH,2.97,LOW,2.0
CLG0013,91,8.2,7.74,6,Yes,5,6,3,No,5.93,5.62,5.47,MEDIUM,4.53,MEDIUM,2.38
CLG0069,98,8.09,7.81,7,No,6,5,1,No,6.25,3.78,4.99,MEDIUM,5.01,MEDIUM,4.22
CLG0052,84,7.77,7.89,7,No,10,9,1,No,6.12,6.36,5.73,MEDIUM,4.27,MEDIUM,1.64
CLG0043,99,5.44,5.79,10,Yes,1,2,3,No,4.18,3.04,3.88,LOW,6.12,HIGH,4.96
CLG0092,74,8.65,8.53,1,Yes,3,6,1,No,5.11,3.62,4.06,LOW,5.94,HIGH,4.38
CLG0088,83,8.01,7.77,4,No,5,10,0,No,5.17,5.0,4.79,MEDIUM,5.21,MEDIUM,3.0
CLG0084,110,8.31,8.33,4,No,3,2,0,No,5.76,1.04,3.9,LOW,6.1,HIGH,6.96
CLG0040,109,9.49,9.61,5,No,4,8,1,No,7.74,4.71,6.14,HIGH,3.86,LOW,3.29
CLG0042,94,8.92,8.84,10,Yes,2,8,0,No,8.5,3.51,5.71,MEDIUM,4.29,MEDIUM,4.49
CLG0037,84,8.9,9.28,5,Yes,1,5,1,No,7.15,2.78,4.71,MEDIUM,5.29,MEDIUM,5.22
CLG0084,84,9.64,9.66,8,Yes,0,10,2,Yes,8.87,5.6,6.52,HIGH,3.48,LOW,2.4
CLG0023,94,9.95,9.49,4,No,2,8,2,Yes,7.6,5.11,5.99,HIGH,4.01,LOW,2.89
CLG0067,109,7.91,7.63,1,No,9,5,3,No,4.01,5.98,5.16,MEDIUM,4.84,MEDIUM,2.02
CLG0069,113,5.54,5.49,5,No,8,4,1,No,2.35,3.73,3.66,LOW,6.34,HIGH,4.27
CLG0079,92,7.3,7.5,1,No,0,9,2,No,3.55,5.16,4.36,MEDIUM,5.64,MEDIUM,2.84
CLG0069,82,8.94,8.66,3,No,7,8,2,Yes,6.05,6.11,5.56,MEDIUM,4.44,MEDIUM,1.89
CLG0098,104,5.14,5.62,8,Yes,4,4,0,No,3.21,2.13,3.21,LOW,6.79,HIGH,5.87
CLG0058,87,5.28,5.1,10,Yes,3,2,3,No,3.58,3.44,3.59,LOW,6.41,HIGH,4.56
CLG0046,92,5.34,5.37,5,No,4,2,3,No,2.15,3.64,3.19,LOW,6.81,HIGH,4.36
CLG0087,119,8.66,8.18,7,No,10,2,2,Yes,6.86,4.04,5.69,MEDIUM,4.31,MEDIUM,3.96
CLG0047,112,7.51,7.89,1,No,6,10,2,Yes,3.96,6.8,5.52,MEDIUM,4.48,MEDIUM,1.2
CLG0017,102,6.84,7.13,6,Yes,7,8,3,No,4.67,6.91,5.67,MEDIUM,4.33,MEDIUM,1.09
CLG0009,80,5.53,5.23,8,No,1,6,5,No,3.16,6.42,4.5,MEDIUM,5.5,MEDIUM,1.58
CLG0068,103,8.66,9.09,6,No,5,1,0,No,7.2,1.0,4.34,MEDIUM,5.66,MEDIUM,7.0
CLG0094,115,6.61,6.43,4,No,3,10,4,Yes,3.35,7.8,5.72,MEDIUM,4.28,MEDIUM,0.2
CLG0078,94,6.33,6.52,8,No,7,4,0,No,4.58,2.73,3.83,LOW,6.17,HIGH,5.27
CLG0030,120,8.26,8.58,8,Yes,3,3,4,Yes,7.25,4.69,6.13,HIGH,3.87,LOW,3.31
CLG0095,119,7.8,8.04,6,No,2,10,3,Yes,5.91,6.8,6.42,HIGH,3.58,LOW,1.2
CLG0061,124,6.81,7.23,8,No,4,7,3,No,5.39,5.87,5.92,MEDIUM,4.08,MEDIUM,2.13
CLG0065,104,8.21,8.57,6,No,3,10,3,Yes,6.55,7.0,6.5,HIGH,3.5,LOW,1.0
CLG0058,108,6.36,6.85,4,Yes,4,5,1,No,3.51,3.38,3.9,LOW,6.1,HIGH,4.62
CLG0027,121,8.97,8.65,6,No,8,1,1,No,7.06,2.4,5.15,MEDIUM,4.85,MEDIUM,5.6
CLG0066,106,6.15,5.95,9,No,10,6,1,No,4.39,5.02,4.88,MEDIUM,5.12,MEDIUM,2.98
CLG0045,92,5.79,5.93,8,Yes,2,4,3,No,3.83,4.13,4.06,LOW,5.94,HIGH,3.87
CLG0040,93,8.91,9.14,7,Yes,1,10,2,Yes,7.72,5.8,6.3,HIGH,3.7,LOW,2.2
CLG0061,103,8.54,8.57,5,No,1,6,3,No,6.41,4.82,5.55,MEDIUM,4.45,MEDIUM,3.18
CLG0041,80,5.91,5.48,7,No,8,7,4,No,3.23,7.47,4.95,MEDIUM,5.05,MEDIUM,0.53
CLG0074,97,5.58,5.92,1,No,6,9,0,No,1.36,4.76,3.41,LOW,6.59,HIGH,3.24
CLG0088,116,9.19,9.65,8,Yes,9,1,5,Yes,8.59,5.8,7.04,HIGH,2.96,LOW,2.2
CLG0084,67,8.88,8.79,5,Yes,3,6,4,No,6.77,6.02,5.56,MEDIUM,4.44,MEDIUM,1.98
CLG0042,123,6.64,6.36,7,No,5,8,0,No,4.32,4.11,4.77,MEDIUM,5.23,MEDIUM,3.89
CLG0062,116,8.29,7.81,7,Yes,9,4,4,No,6.37,6.33,6.36,HIGH,3.64,LOW,1.67
CLG0080,93,5.62,5.36,8,Yes,5,10,0,No,3.31,5.0,4.21,LOW,5.79,HIGH,3.0
CLG0038,108,7.54,7.74,7,Yes,2,9,5,No,5.87,7.96,6.68,HIGH,3.32,LOW,0.04
CLG0060,100,5.09,5.5,6,Yes,8,4,2,No,2.42,4.53,3.79,LOW,6.21,HIGH,3.47
CLG0049,118,6.96,6.55,6,No,3,4,0,No,4.32,1.93,3.82,LOW,6.18,HIGH,6.07
CLG0018,114,5.37,5.42,5,No,0,9,3,Yes,2.2,5.96,4.51,MEDIUM,5.49,MEDIUM,2.04
CLG0099,78,7.38,7.58,5,No,1,4,4,No,4.99,4.73,4.52,MEDIUM,5.48,MEDIUM,3.27
CLG0094,108,7.11,6.89,4,No,4,9,1,No,3.99,5.16,4.81,MEDIUM,5.19,MEDIUM,2.84
CLG0005,96,7.22,7.29,7,No,7,1,2,No,5.35,3.0,4.28,MEDIUM,5.72,MEDIUM,5.0
CLG0011,101,5.23,5.45,3,Yes,6,8,5,No,1.47,8.31,4.94,MEDIUM,5.06,MEDIUM,0.0
CLG0004,89,6.81,7.15,5,No,8,2,4,No,4.33,5.24,4.65,MEDIUM,5.35,MEDIUM,2.76
CLG0061,126,8.78,8.73,3,No,0,8,2,Yes,6.0,4.71,5.74,MEDIUM,4.26,MEDIUM,3.29
CLG0075,115,6.84,7.09,8,Yes,1,5,1,No,5.31,2.78,4.5,MEDIUM,5.5,MEDIUM,5.22
CLG0012,88,8.58,8.38,5,Yes,9,1,1,No,6.29,2.6,4.36,MEDIUM,5.64,MEDIUM,5.4
CLG0049,79,6.85,6.56,10,No,3,1,1,No,5.59,1.4,3.45,LOW,6.55,HIGH,6.6
CLG0028,94,7.12,6.81,6,Yes,6,6,1,No,4.6,4.22,4.43,MEDIUM,5.57,MEDIUM,3.78
CLG0090,106,7.82,7.68,1,No,0,1,1,No,3.99,0.8,3.03,LOW,6.97,HIGH,7.2
CLG0034,103,9.75,9.29,4,No,4,2,3,No,7.33,3.64,5.45,MEDIUM,4.55,MEDIUM,4.36
CLG0056,118,5.54,5.32,9,No,1,3,0,No,3.56,1.09,3.18,LOW,6.82,HIGH,6.91
CLG0065,111,5.16,5.31,5,No,1,2,1,No,1.99,1.44,2.57,LOW,7.43,HIGH,6.56
CLG0006,114,8.04,8.19,1,No,1,9,4,Yes,4.5,6.96,5.83,MEDIUM,4.17,MEDIUM,1.04
CLG0033,104,9.75,9.32,4,Yes,8,10,4,Yes,7.35,8.8,7.54,HIGH,2.46,LOW,0.0
CLG0047,79,9.95,9.74,6,Yes,10,6,1,No,8.45,5.02,6.04,HIGH,3.96,LOW,2.98
CLG0024,97,7.42,7.49,7,No,9,9,2,No,5.61,6.96,5.99,HIGH,4.01,LOW,1.04
CLG0034,115,7.34,7.16,7,No,4,5,1,No,5.32,3.38,4.74,MEDIUM,5.26,MEDIUM,4.62
CLG0072,99,8.22,8.14,8,No,7,4,5,No,6.9,6.73,6.44,HIGH,3.56,LOW,1.27
CLG0016,107,7.78,7.99,5,Yes,9,2,3,No,5.53,4.64,5.2,MEDIUM,4.8,MEDIUM,3.36
CLG0080,95,8.17,7.68,6,No,5,4,5,No,5.87,6.33,5.8,MEDIUM,4.2,MEDIUM,1.67
CLG0016,84,9.37,9.15,2,No,10,8,0,No,6.33,5.11,5.31,MEDIUM,4.69,MEDIUM,2.89
CLG0098,98,8.73,8.37,10,No,0,2,4,No,8.04,3.64,5.65,MEDIUM,4.35,MEDIUM,4.36
CLG0084,104,7.48,7.11,2,No,9,8,1,No,3.7,5.71,4.84,MEDIUM,5.16,MEDIUM,2.29
CLG0014,90,7.31,7.77,3,Yes,8,2,0,No,4.42,2.04,3.42,LOW,6.58,HIGH,5.96
CLG0059,96,8.2,8.08,4,No,6,1,0,No,5.51,1.2,3.62,LOW,6.38,HIGH,6.8
CLG0062,85,7.28,7.31,6,No,10,4,1,No,5.06,4.13,4.43,MEDIUM,5.57,MEDIUM,3.87
CLG0090,116,7.29,7.52,6,Yes,1,7,0,No,5.22,2.87,4.52,MEDIUM,5.48,MEDIUM,5.13
CLG0066,95,5.08,4.63,3,Yes,7,2,4,No,0.78,5.04,3.25,LOW,6.75,HIGH,2.96
CLG0019,121,5.87,5.61,1,Yes,1,3,1,No,1.31,1.89,2.65,LOW,7.35,HIGH,6.11
CLG0061,122,7.44,7.77,3,Yes,1,6,2,No,4.5,4.02,4.79,MEDIUM,5.21,MEDIUM,3.98
CLG0066,98,9.11,9.47,4,Yes,3,2,1,No,7.08,1.84,4.54,MEDIUM,5.46,MEDIUM,6.16
CLG0026,84,6.39,6.26,9,Yes,7,9,4,No,4.76,8.16,5.9,MEDIUM,4.1,MEDIUM,0.0
CLG0089,68,7.61,7.48,10,No,6,6,1,No,6.72,4.22,4.84,MEDIUM,5.16,MEDIUM,3.78
CLG0049,77,6.72,6.98,8,Yes,1,6,1,No,5.15,3.22,3.96,LOW,6.04,HIGH,4.78
CLG0019,79,5.52,5.32,4,No,9,8,1,No,1.88,5.71,3.69,LOW,6.31,HIGH,2.29
CLG0049,120,9.79,9.41,7,No,5,1,3,Yes,8.44,3.4,6.09,HIGH,3.91,LOW,4.6
CLG0081,101,9.27,9.03,9,Yes,10,10,3,Yes,8.52,8.4,7.79,HIGH,2.21,LOW,0.0
CLG0030,105,5.39,5.28,2,No,10,3,4,No,1.11,6.09,3.97,LOW,6.03,HIGH,1.91
CLG0076,66,8.6,8.15,3,No,3,2,0,No,5.47,1.04,3.03,LOW,6.97,HIGH,6.96
CLG0057,82,6.74,6.72,1,Yes,9,1,1,No,2.64,2.6,2.8,LOW,7.2,HIGH,5.4
CLG0085,113,9.97,10.0,8,No,0,6,1,No,9.32,3.02,6.17,HIGH,3.83,LOW,4.98
CLG0036,104,6.51,6.52,2,No,7,4,5,No,2.69,6.73,4.84,MEDIUM,5.16,MEDIUM,1.27
CLG0040,97,6.19,5.76,7,No,7,6,3,No,3.61,6.02,4.81,MEDIUM,5.19,MEDIUM,1.98
CLG0028,108,7.84,7.78,7,No,5,8,2,No,6.08,5.71,5.86,MEDIUM,4.14,MEDIUM,2.29
CLG0097,124,9.18,9.39,3,No,9,7,5,Yes,6.73,8.47,7.5,HIGH,2.5,LOW,0.0
CLG0046,96,5.96,5.52,2,Yes,6,3,3,No,1.63,4.49,3.39,LOW,6.61,HIGH,3.51
CLG0073,101,8.55,8.11,3,Yes,2,3,0,No,5.41,1.29,3.71,LOW,6.29,HIGH,6.71
CLG0082,102,5.31,5.18,8,No,8,6,5,No,2.99,7.82,5.37,MEDIUM,4.63,MEDIUM,0.18
CLG0088,135,9.59,9.28,9,Yes,3,1,1,No,8.89,1.4,5.72,MEDIUM,4.28,MEDIUM,6.6
CLG0032,68,5.41,5.84,8,No,10,3,1,No,3.53,3.69,3.35,LOW,6.65,HIGH,4.31
CLG0087,110,9.57,9.65,2,No,1,8,4,Yes,6.82,6.51,6.51,HIGH,3.49,LOW,1.49
CLG0058,98,7.45,7.24,9,Yes,3,3,2,No,6.11,3.09,4.65,MEDIUM,5.35,MEDIUM,4.91
CLG0076,108,7.24,7.44,6,Yes,1,1,4,No,5.14,3.4,4.56,MEDIUM,5.44,MEDIUM,4.6
CLG0098,90,9.87,9.74,2,Yes,3,10,2,Yes,7.06,6.2,6.14,HIGH,3.86,LOW,1.8
CLG0026,99,9.95,9.58,9,No,1,9,5,Yes,9.33,7.76,7.83,HIGH,2.17,LOW,0.24
CLG0070,110,8.25,7.99,5,No,10,2,5,No,5.81,6.44,6.08,HIGH,3.92,LOW,1.56
CLG0069,146,5.64,5.78,6,No,7,7,2,No,2.96,5.67,5.25,MEDIUM,4.75,MEDIUM,2.33
CLG0087,112,7.53,7.08,1,Yes,5,8,5,Yes,3.38,8.11,5.81,MEDIUM,4.19,MEDIUM,0.0
CLG0050,87,7.65,7.42,2,No,7,3,2,No,4.03,3.89,3.95,LOW,6.05,HIGH,4.11
CLG0079,93,7.57,7.28,1,No,10,7,2,No,3.55,6.27,4.82,MEDIUM,5.18,MEDIUM,1.73
CLG0032,93,7.85,7.55,4,No,0,10,4,No,4.92,7.2,5.74,MEDIUM,4.26,MEDIUM,0.8
CLG0058,73,5.09,5.27,2,Yes,8,4,1,No,0.92,3.73,2.41,LOW,7.59,HIGH,4.27
CLG0064,95,8.56,8.89,1,No,10,2,1,No,5.32,3.24,4.35,MEDIUM,5.65,MEDIUM,4.76
CLG0077,110,8.56,8.78,3,No,1,4,5,No,5.91,5.53,5.76,MEDIUM,4.24,MEDIUM,2.47
CLG0028,80,5.58,5.73,4,Yes,7,8,4,No,2.22,7.71,4.64,MEDIUM,5.36,MEDIUM,0.29
CLG0097,115,7.85,8.27,4,No,3,2,5,Yes,5.44,5.04,5.46,MEDIUM,4.54,MEDIUM,2.96
CLG0072,107,7.84,7.4,3,No,1,6,3,No,4.47,4.82,4.84,MEDIUM,5.16,MEDIUM,3.18
CLG0080,88,8.41,8.08,2,Yes,0,10,5,Yes,4.97,8.0,5.99,HIGH,4.01,LOW,0.0
CLG0039,97,5.43,5.34,8,No,3,3,0,No,3.18,1.49,2.83,LOW,7.17,HIGH,6.51
CLG0096,123,8.13,8.0,10,Yes,9,3,2,No,7.41,4.29,6.08,HIGH,3.92,LOW,3.71
CLG0080,111,6.4,6.32,2,No,0,6,4,No,2.48,5.42,4.36,MEDIUM,5.64,MEDIUM,2.58
CLG0045,100,7.54,7.25,5,Yes,7,3,2,No,4.84,3.89,4.5,MEDIUM,5.5,MEDIUM,4.11
CLG0013,96,8.87,8.52,7,No,1,2,2,No,7.24,2.24,4.73,MEDIUM,5.27,MEDIUM,5.76
CLG0020,101,8.53,8.54,9,Yes,7,2,2,No,7.72,3.44,5.49,MEDIUM,4.51,MEDIUM,4.56
CLG0058,92,5.59,6.02,3,Yes,9,3,4,No,2.1,5.89,4.07,LOW,5.93,HIGH,2.11
CLG0019,68,7.96,7.85,1,Yes,0,2,1,No,4.2,1.24,2.64,LOW,7.36,HIGH,6.76
CLG0075,130,9.85,9.39,9,No,6,6,3,Yes,9.13,5.82,7.5,HIGH,2.5,LOW,2.18
CLG0091,102,5.78,5.99,1,Yes,6,4,3,No,1.53,4.93,3.63,LOW,6.37,HIGH,3.07
CLG0080,105,9.26,9.05,8,Yes,4,1,5,No,8.19,4.8,6.29,HIGH,3.71,LOW,3.2
CLG0009,99,8.51,8.26,2,Yes,2,3,4,No,5.16,4.49,4.85,MEDIUM,5.15,MEDIUM,3.51
CLG0077,88,8.87,8.69,7,No,5,10,0,No,7.36,5.0,5.75,MEDIUM,4.25,MEDIUM,3.0
CLG0019,97,6.41,6.63,3,No,10,3,3,No,3.04,5.29,4.29,MEDIUM,5.71,MEDIUM,2.71
CLG0094,76,6.44,6.76,6,Yes,4,4,3,No,4.16,4.53,4.07,LOW,5.93,HIGH,3.47
CLG0055,134,9.53,9.62,6,No,8,6,2,Yes,8.11,5.42,7.0,HIGH,3.0,LOW,2.58
CLG0039,81,6.8,6.62,4,No,3,1,4,No,3.6,3.8,3.64,LOW,6.36,HIGH,4.2
CLG0017,84,5.32,5.13,8,No,8,2,5,No,2.96,6.04,4.34,MEDIUM,5.66,MEDIUM,1.96
CLG0062,93,8.0,7.62,5,Yes,9,10,5,No,5.39,9.8,6.96,HIGH,3.04,LOW,0.0
CLG0094,119,5.62,6.05,7,Yes,5,3,1,No,3.48,2.69,3.8,LOW,6.2,HIGH,5.31
CLG0093,100,8.98,9.12,5,No,8,5,4,No,7.08,6.58,6.47,HIGH,3.53,LOW,1.42
CLG0060,81,8.21,7.74,4,Yes,2,7,4,No,5.27,6.27,5.3,MEDIUM,4.7,MEDIUM,1.73
CLG0042,118,9.37,9.53,6,Yes,0,1,3,Yes,7.94,2.4,5.45,MEDIUM,4.55,MEDIUM,5.6
CLG0002,110,8.92,8.87,3,No,5,2,2,No,6.19,3.04,4.87,MEDIUM,5.13,MEDIUM,4.96
CLG0050,108,5.56,6.03,6,Yes,3,4,4,No,3.09,5.13,4.43,MEDIUM,5.57,MEDIUM,2.87
CLG0067,110,6.91,7.23,6,Yes,10,10,1,No,4.78,6.8,5.81,MEDIUM,4.19,MEDIUM,1.2
CLG0020,135,8.87,8.54,6,No,9,1,2,Yes,6.92,3.4,5.73,MEDIUM,4.27,MEDIUM,4.6
CLG0001,132,7.09,7.31,3,Yes,3,1,2,No,3.95,2.2,4.02,LOW,5.98,HIGH,5.8
CLG0005,89,9.86,9.85,8,No,3,9,1,No,9.14,4.96,6.46,HIGH,3.54,LOW,3.04
CLG0097,124,8.68,8.37,4,No,0,6,1,No,6.01,3.02,5.03,MEDIUM,4.97,MEDIUM,4.98
CLG0039,105,5.08,5.28,2,No,4,2,5,No,0.92,5.24,3.56,LOW,6.44,HIGH,2.76
CLG0087,107,9.4,9.45,7,No,8,10,1,No,8.24,6.4,6.98,HIGH,3.02,LOW,1.6
CLG0018,74,5.5,5.03,8,No,2,7,4,No,2.99,6.27,4.27,MEDIUM,5.73,MEDIUM,1.73
CLG0068,97,5.7,5.85,4,No,1,10,5,No,2.38,8.2,5.19,MEDIUM,4.81,MEDIUM,0.0
CLG0097,87,8.67,8.8,6,Yes,1,6,2,No,6.99,4.02,5.19,MEDIUM,4.81,MEDIUM,3.98
CLG0090,112,9.32,8.96,8,No,9,6,5,Yes,8.16,8.02,7.69,HIGH,2.31,LOW,0.0
CLG0022,116,7.68,7.53,5,No,6,8,2,Yes,5.13,5.91,5.7,MEDIUM,4.3,MEDIUM,2.09
CLG0030,68,6.45,6.54,9,No,5,10,0,No,5.0,5.0,4.46,MEDIUM,5.54,MEDIUM,3.0
CLG0090,99,6.76,6.4,6,Yes,1,3,0,No,4.09,1.09,3.06,LOW,6.94,HIGH,6.91
CLG0001,116,6.71,7.06,6,No,0,10,0,No,4.54,4.0,4.7,MEDIUM,5.3,MEDIUM,4.0
CLG0070,97,6.63,6.16,2,Yes,6,2,5,No,2.5,5.64,4.21,LOW,5.79,HIGH,2.36
CLG0081,110,6.21,5.81,7,No,10,9,4,No,3.66,8.76,6.15,HIGH,3.85,LOW,0.0
CLG0095,105,8.04,7.66,9,No,5,5,5,No,6.78,6.78,6.52,HIGH,3.48,LOW,1.22
CLG0051,105,9.5,9.53,5,No,4,6,4,No,7.69,6.22,6.66,HIGH,3.34,LOW,1.78
CLG0068,95,6.54,6.66,5,No,4,7,1,No,3.81,4.27,4.16,LOW,5.84,HIGH,3.73
CLG0074,81,5.93,5.83,5,No,9,2,4,No,2.84,5.44,4.0,LOW,6.0,HIGH,2.56
CLG0061,83,9.19,8.98,1,No,2,6,2,No,5.77,4.22,4.71,MEDIUM,5.29,MEDIUM,3.78
CLG0048,110,8.71,9.02,5,No,10,1,2,No,6.84,3.6,5.36,MEDIUM,4.64,MEDIUM,4.4
CLG0053,100,9.65,9.22,10,Yes,4,9,5,Yes,9.22,8.36,8.04,HIGH,1.96,LOW,0.0
CLG0034,97,5.83,5.61,8,Yes,5,6,3,No,3.62,5.62,4.65,MEDIUM,5.35,MEDIUM,2.38
CLG0086,93,5.72,5.26,3,No,10,7,3,No,1.63,7.07,4.37,MEDIUM,5.63,MEDIUM,0.93
CLG0086,95,7.71,7.22,9,No,6,5,4,No,6.26,6.18,5.9,MEDIUM,4.1,MEDIUM,1.82
CLG0007,115,8.07,7.92,9,No,6,2,5,No,6.98,5.64,6.31,HIGH,3.69,LOW,2.36
CLG0039,94,7.4,7.09,6,No,9,4,5,No,4.97,7.13,5.75,MEDIUM,4.25,MEDIUM,0.87
CLG0037,79,7.99,7.76,4,No,9,5,3,No,5.15,5.98,5.1,MEDIUM,4.9,MEDIUM,2.02
CLG0063,111,5.9,6.22,4,No,7,10,4,Yes,2.77,8.6,5.74,MEDIUM,4.26,MEDIUM,0.0
CLG0055,96,7.4,7.06,1,No,4,2,1,No,3.29,2.04,3.07,LOW,6.93,HIGH,5.96
CLG0015,100,8.29,8.57,10,No,3,9,1,No,7.93,4.96,6.16,HIGH,3.84,LOW,3.04
CLG0083,124,7.16,7.34,5,Yes,6,2,3,No,4.68,4.04,4.91,MEDIUM,5.09,MEDIUM,3.96
CLG0074,99,8.4,8.23,5,No,1,2,4,No,6.08,3.84,4.96,MEDIUM,5.04,MEDIUM,4.16
CLG0062,104,7.26,7.31,5,Yes,7,2,3,No,4.72,4.24,4.66,MEDIUM,5.34,MEDIUM,3.76
CLG0068,82,6.67,6.61,1,No,3,2,2,No,2.52,2.64,2.76,LOW,7.24,HIGH,5.36
CLG0050,96,6.52,6.15,1,Yes,9,5,4,No,2.09,6.78,4.49,MEDIUM,5.51,MEDIUM,1.22
CLG0041,109,7.05,7.46,10,Yes,0,7,0,No,6.37,2.67,4.78,MEDIUM,5.22,MEDIUM,5.33
CLG0061,76,5.12,5.19,2,Yes,1,1,2,No,0.88,1.8,1.67,LOW,8.33,HIGH,6.2
CLG0025,103,8.34,8.72,1,No,0,9,4,Yes,5.07,6.76,5.79,MEDIUM,4.21,MEDIUM,1.24
CLG0028,101,9.23,9.55,8,Yes,4,6,3,No,8.54,5.42,6.61,HIGH,3.39,LOW,2.58
CLG0082,100,6.77,6.35,4,No,0,1,5,No,3.39,4.0,3.96,LOW,6.04,HIGH,4.0
CLG0035,115,5.23,4.94,6,Yes,10,1,3,No,2.1,4.4,3.86,LOW,6.14,HIGH,3.6
CLG0083,105,9.93,9.58,8,No,8,9,3,Yes,8.98,7.56,7.71,HIGH,2.29,LOW,0.44
CLG0053,122,6.32,6.65,5,Yes,10,9,4,Yes,3.67,8.76,6.36,HIGH,3.64,LOW,0.0
CLG0084,85,5.63,5.99,6,Yes,10,1,3,No,3.11,4.4,3.76,LOW,6.24,HIGH,3.6
CLG0039,102,6.85,6.88,4,Yes,3,1,4,No,3.82,3.8,4.09,LOW,5.91,HIGH,4.2
CLG0097,101,8.69,8.29,6,No,9,5,4,No,6.63,6.78,6.39,HIGH,3.61,LOW,1.22
CLG0059,83,6.47,6.11,6,Yes,2,5,3,No,3.7,4.58,4.03,LOW,5.97,HIGH,3.42
CLG0065,114,7.87,8.18,3,Yes,8,7,1,No,5.06,5.07,5.3,MEDIUM,4.7,MEDIUM,2.93
CLG0001,134,7.08,7.51,4,Yes,3,4,1,No,4.42,2.73,4.45,MEDIUM,5.55,MEDIUM,5.27
CLG0045,99,5.59,5.29,6,Yes,0,10,2,No,2.57,5.6,4.26,MEDIUM,5.74,HIGH,2.4
CLG0019,107,6.65,6.16,8,No,1,1,4,No,4.51,3.4,4.29,MEDIUM,5.71,MEDIUM,4.6
CLG0048,101,8.62,8.45,7,Yes,3,6,3,No,7.04,5.22,5.93,HIGH,4.07,MEDIUM,2.78
CLG0049,89,8.06,7.59,4,No,10,10,5,No,5.07,10.0,6.85,HIGH,3.15,LOW,0.0
CLG0073,72,5.6,5.93,3,No,0,3,3,No,2.04,3.29,2.66,LOW,7.34,HIGH,4.71
CLG0014,89,5.82,5.81,8,No,5,7,3,No,3.76,6.07,4.75,MEDIUM,5.25,MEDIUM,1.93
CLG0067,79,8.2,8.34,6,Yes,6,1,1,No,6.37,2.0,4.0,LOW,6.0,HIGH,6.0
CLG0030,125,9.07,8.98,8,No,0,4,0,No,8.03,1.33,5.18,MEDIUM,4.82,MEDIUM,6.67
CLG0065,98,6.75,6.6,9,No,5,10,5,No,5.23,9.0,6.67,HIGH,3.33,LOW,0.0
CLG0069,94,7.98,7.7,9,No,2,9,4,No,6.77,7.16,6.48,HIGH,3.52,LOW,0.84
CLG0087,113,5.85,6.12,10,No,6,10,2,Yes,4.67,6.8,5.82,MEDIUM,4.18,MEDIUM,1.2
CLG0006,83,6.56,6.76,9,Yes,10,6,2,No,5.23,5.82,5.14,MEDIUM,4.86,MEDIUM,2.18
CLG0084,88,5.1,4.96,10,Yes,1,2,2,No,3.37,2.24,3.05,LOW,6.95,HIGH,5.76
CLG0046,101,8.84,8.66,1,No,1,6,4,No,5.32,5.62,5.4,MEDIUM,4.6,MEDIUM,2.38
CLG0042,115,7.01,6.51,3,No,10,9,4,Yes,3.32,8.76,6.1,HIGH,3.9,LOW,0.0
CLG0072,107,9.08,8.64,9,Yes,3,1,2,No,8.12,2.2,5.26,MEDIUM,4.74,MEDIUM,5.8
CLG0061,103,8.54,8.66,4,Yes,10,5,2,No,6.14,5.38,5.67,MEDIUM,4.33,MEDIUM,2.62
CLG0031,101,9.14,9.15,10,Yes,7,8,3,Yes,8.86,6.91,7.33,HIGH,2.67,LOW,1.09
CLG0079,106,6.43,6.36,2,No,2,7,5,No,2.52,7.07,4.95,MEDIUM,5.05,MEDIUM,0.93
CLG0026,103,5.93,6.26,1,No,7,10,0,No,1.82,5.4,3.95,LOW,6.05,HIGH,2.6
CLG0058,84,9.86,9.86,5,No,6,2,1,No,8.15,2.44,4.97,MEDIUM,5.03,MEDIUM,5.56
CLG0033,100,8.59,8.47,4,No,4,8,4,Yes,6.03,7.11,6.26,HIGH,3.74,LOW,0.89
CLG0052,83,9.17,8.83,5,No,3,9,0,No,6.98,4.16,5.17,MEDIUM,4.83,MEDIUM,3.84
CLG0032,101,5.07,5.39,5,Yes,9,10,2,No,2.0,7.4,4.79,MEDIUM,5.21,MEDIUM,0.6
CLG0054,92,6.77,6.85,8,No,9,8,5,No,5.09,8.91,6.47,HIGH,3.53,LOW,0.0
CLG0001,138,8.71,8.3,6,Yes,1,6,2,Yes,6.65,4.02,5.93,HIGH,4.07,MEDIUM,3.98
CLG0005,99,5.39,5.54,3,No,8,9,2,No,1.63,6.76,4.35,MEDIUM,5.65,MEDIUM,1.24
CLG0022,78,7.84,7.77,9,Yes,3,8,2,No,6.74,5.31,5.45,MEDIUM,4.55,MEDIUM,2.69
CLG0095,97,7.15,7.46,8,No,4,4,3,No,5.76,4.53,5.07,MEDIUM,4.93,MEDIUM,3.47
CLG0005,107,5.09,5.51,9,No,1,6,4,No,3.43,5.62,4.75,MEDIUM,5.25,MEDIUM,2.38
CLG0008,125,6.18,6.28,4,No,1,5,2,No,2.98,3.58,4.06,LOW,5.94,HIGH,4.42
CLG0070,91,6.42,6.65,8,No,1,10,2,No,4.73,5.8,5.07,MEDIUM,4.93,MEDIUM,2.2
CLG0063,76,5.56,5.12,3,Yes,9,9,4,No,1.43,8.56,4.59,MEDIUM,5.41,MEDIUM,0.0
CLG0010,112,8.16,8.22,5,No,1,4,1,No,5.93,2.33,4.52,MEDIUM,5.48,MEDIUM,5.67
CLG0062,79,6.21,6.47,7,No,8,1,3,No,4.14,4.0,3.91,LOW,6.09,HIGH,4.0
CLG0040,93,6.39,6.39,1,No,4,9,3,No,2.19,6.76,4.47,MEDIUM,5.53,MEDIUM,1.24
CLG0047,96,9.49,9.58,1,No,10,9,0,No,6.39,5.56,5.72,MEDIUM,4.28,MEDIUM,2.44
CLG0080,98,7.34,7.74,3,Yes,5,7,3,No,4.41,6.07,5.17,MEDIUM,4.83,MEDIUM,1.93
CLG0056,110,6.96,6.66,4,No,3,5,0,No,3.73,2.38,3.62,LOW,6.38,HIGH,5.62
CLG0028,89,8.62,8.22,1,No,1,7,1,No,4.87,3.67,4.24,LOW,5.76,HIGH,4.33
CLG0056,95,9.55,9.74,8,No,2,9,4,Yes,8.87,7.16,7.34,HIGH,2.66,LOW,0.84
CLG0001,99,5.13,5.45,2,No,2,3,2,No,1.08,2.89,2.58,LOW,7.42,HIGH,5.11
CLG0052,102,7.24,7.59,5,Yes,10,5,5,No,4.91,7.78,6.12,HIGH,3.88,LOW,0.22
CLG0082,101,8.05,8.19,6,No,10,3,0,No,6.17,2.89,4.65,MEDIUM,5.35,MEDIUM,5.11
CLG0062,106,6.59,6.92,6,No,9,8,5,No,4.36,8.91,6.42,HIGH,3.58,LOW,0.0
CLG0042,112,8.86,9.06,6,No,7,1,5,Yes,7.29,5.4,6.29,HIGH,3.71,LOW,2.6
CLG0047,105,9.86,9.45,1,No,7,4,3,No,6.51,5.13,5.75,MEDIUM,4.25,MEDIUM,2.87
CLG0037,106,9.72,9.98,3,Yes,5,7,5,No,7.48,7.67,7.17,HIGH,2.83,LOW,0.33
CLG0011,76,6.33,6.01,3,No,10,9,2,No,2.54,7.16,4.48,MEDIUM,5.52,MEDIUM,0.84
CLG0067,100,6.13,5.87,8,No,9,10,1,No,3.99,6.6,5.24,MEDIUM,4.76,MEDIUM,1.4
CLG0029,107,9.79,9.68,6,No,10,2,4,No,8.31,5.64,6.71,HIGH,3.29,LOW,2.36
CLG0004,110,7.29,7.1,2,No,7,9,0,No,3.58,4.96,4.6,MEDIUM,5.4,MEDIUM,3.04
CLG0095,89,6.04,5.86,1,No,2,6,3,No,1.59,5.02,3.46,LOW,6.54,HIGH,2.98
CLG0011,90,8.53,8.2,4,No,6,7,5,No,5.8,7.87,6.31,HIGH,3.69,LOW,0.13
CLG0030,91,6.42,6.21,1,Yes,4,4,5,No,2.08,6.13,4.14,LOW,5.86,HIGH,1.87
CLG0079,108,6.34,5.86,5,No,8,5,2,No,3.1,4.98,4.38,MEDIUM,5.62,MEDIUM,3.02
CLG0079,115,9.4,9.37,8,Yes,8,1,2,Yes,8.51,3.2,5.95,HIGH,4.05,LOW,4.8
CLG0058,93,5.81,6.08,10,Yes,4,4,2,No,4.61,3.73,4.22,LOW,5.78,HIGH,4.27
CLG0032,113,5.32,5.68,2,No,5,8,4,Yes,1.36,7.31,4.7,MEDIUM,5.3,MEDIUM,0.69
CLG0029,101,6.35,6.67,8,No,0,6,0,No,4.7,2.22,3.79,LOW,6.21,HIGH,5.78
CLG0043,98,8.03,7.95,8,Yes,3,7,4,No,6.65,6.47,6.22,HIGH,3.78,LOW,1.53
CLG0092,96,5.62,5.85,6,Yes,0,1,5,No,3.0,4.0,3.74,LOW,6.26,HIGH,4.0
CLG0085,111,7.36,7.15,8,No,3,7,3,No,5.66,5.67,5.73,MEDIUM,4.27,MEDIUM,2.33
CLG0039,104,8.14,7.7,2,No,0,6,0,No,4.53,2.22,3.78,LOW,6.22,HIGH,5.78
CLG0011,134,9.24,9.42,7,No,9,4,1,No,8.12,3.93,6.41,HIGH,3.59,LOW,4.07
CLG0096,87,6.15,6.3,8,No,3,2,1,No,4.31,1.84,3.25,LOW,6.75,HIGH,6.16
CLG0027,107,9.09,9.39,4,No,5,2,5,No,7.01,5.44,6.11,HIGH,3.89,LOW,2.56
CLG0024,92,6.17,6.29,9,Yes,8,7,4,No,4.65,7.47,5.72,MEDIUM,4.28,MEDIUM,0.53
CLG0037,86,8.38,8.04,6,Yes,1,3,4,No,6.26,4.29,4.99,MEDIUM,5.01,MEDIUM,3.71
CLG0065,99,7.15,7.5,3,No,1,2,5,No,4.13,4.64,4.5,MEDIUM,5.5,MEDIUM,3.36
CLG0032,102,5.57,5.7,4,No,5,10,4,No,2.19,8.2,5.2,MEDIUM,4.8,MEDIUM,0.0
CLG0053,143,8.57,8.88,4,Yes,10,3,1,No,6.32,3.69,5.75,MEDIUM,4.25,MEDIUM,4.31
CLG0001,97,6.09,6.36,1,No,9,10,1,No,1.99,6.6,4.39,MEDIUM,5.61,MEDIUM,1.4
CLG0056,83,5.88,5.68,10,Yes,5,2,0,No,4.36,1.44,3.04,LOW,6.96,HIGH,6.56
CLG0034,104,6.79,6.36,1,No,2,3,5,No,2.41,5.29,4.16,LOW,5.84,HIGH,2.71
CLG0082,68,8.27,7.95,1,Yes,1,5,0,No,4.46,1.98,3.04,LOW,6.96,HIGH,6.02
CLG0029,98,6.17,5.76,4,No,2,10,4,No,2.6,7.6,5.05,MEDIUM,4.95,MEDIUM,0.4
CLG0006,100,5.92,5.66,1,No,3,10,5,No,1.37,8.6,5.0,MEDIUM,5.0,MEDIUM,0.0
CLG0057,111,5.05,5.01,6,No,3,10,2,Yes,2.04,6.2,4.49,MEDIUM,5.51,MEDIUM,1.8
CLG0095,114,7.36,7.77,2,No,6,5,0,No,4.12,2.98,4.09,LOW,5.91,HIGH,5.02
CLG0014,92,7.14,7.51,1,Yes,3,7,1,No,3.46,4.07,3.88,LOW,6.12,HIGH,3.93
CLG0075,97,6.17,6.39,7,No,9,10,3,No,4.06,8.2,5.86,MEDIUM,4.14,MEDIUM,0.0
CLG0069,88,5.27,4.79,6,Yes,5,3,2,No,2.01,3.49,3.0,LOW,7.0,HIGH,4.51
CLG0062,83,7.15,6.99,1,No,5,3,5,No,3.08,5.89,4.31,MEDIUM,5.69,MEDIUM,2.11
CLG0086,104,8.94,9.12,10,Yes,9,7,1,No,8.72,5.27,6.67,HIGH,3.33,LOW,2.73
CLG0051,80,8.58,8.21,9,Yes,2,6,2,No,7.5,4.22,5.35,MEDIUM,4.65,MEDIUM,3.78
CLG0013,93,9.3,9.6,6,No,8,6,3,No,7.95,6.22,6.56,HIGH,3.44,LOW,1.78
CLG0076,85,5.05,5.46,2,No,9,4,5,No,1.04,7.13,4.02,LOW,5.98,HIGH,0.87
CLG0004,108,9.83,9.68,7,No,4,4,4,No,8.66,5.33,6.74,HIGH,3.26,LOW,2.67
CLG0038,127,6.71,6.92,3,No,9,2,2,No,3.44,3.84,4.38,MEDIUM,5.62,MEDIUM,4.16
CLG0004,80,9.95,9.6,7,No,8,6,3,No,8.68,6.22,6.63,HIGH,3.37,LOW,1.78
CLG0030,72,6.26,6.45,9,No,9,10,3,No,4.82,8.2,5.74,MEDIUM,4.26,MEDIUM,0.0
CLG0054,98,7.36,6.88,5,Yes,5,3,2,No,4.46,3.49,4.15,LOW,5.85,HIGH,4.51
CLG0065,100,6.77,6.42,1,No,5,6,5,No,2.44,7.22,4.87,MEDIUM,5.13,MEDIUM,0.78
CLG0061,103,6.78,6.99,5,No,8,3,2,No,4.2,4.09,4.38,MEDIUM,5.62,MEDIUM,3.91
CLG0049,93,9.21,9.42,8,Yes,9,3,2,No,8.43,4.29,5.98,HIGH,4.02,LOW,3.71
CLG0031,96,8.73,8.87,8,No,4,1,2,No,7.74,2.4,5.0,MEDIUM,5.0,MEDIUM,5.6
CLG0042,105,9.96,9.94,3,No,2,5,4,No,7.6,5.38,6.29,HIGH,3.71,LOW,2.62
CLG0050,115,8.07,8.24,4,No,2,2,1,No,5.55,1.64,4.14,LOW,5.86,HIGH,6.36
CLG0023,70,7.32,7.59,8,No,1,10,0,No,5.96,4.2,4.56,MEDIUM,5.44,MEDIUM,3.8
CLG0078,94,5.45,5.92,8,No,1,2,4,No,3.61,3.84,3.89,LOW,6.11,HIGH,4.16
CLG0099,103,9.98,10.0,7,Yes,5,9,2,Yes,8.99,6.16,7.12,HIGH,2.88,LOW,1.84
CLG0081,86,7.76,8.05,6,Yes,7,2,3,No,5.89,4.24,4.82,MEDIUM,5.18,MEDIUM,3.76
CLG0060,125,8.5,8.69,4,No,10,2,5,Yes,6.14,6.44,6.47,HIGH,3.53,LOW,1.56
CLG0032,90,7.03,7.1,10,No,7,6,4,No,6.09,6.82,6.0,HIGH,4.0,LOW,1.18
CLG0056,99,7.74,7.36,9,No,7,10,0,No,6.38,5.4,5.7,MEDIUM,4.3,MEDIUM,2.6
CLG0056,108,9.71,9.38,2,Yes,9,1,5,No,6.71,5.8,6.15,HIGH,3.85,LOW,2.2
CLG0100,91,5.83,6.15,2,No,6,8,0,No,2.01,4.31,3.38,LOW,6.62,HIGH,3.69
CLG0087,72,6.46,6.76,1,No,1,1,4,No,2.5,3.4,2.89,LOW,7.11,HIGH,4.6
CLG0034,93,5.76,5.87,3,No,9,9,3,No,2.1,7.76,4.83,MEDIUM,5.17,MEDIUM,0.24
CLG0041,115,8.96,8.9,3,Yes,10,4,3,Yes,6.24,5.73,6.05,HIGH,3.95,LOW,2.27
CLG0039,94,5.31,4.84,4,No,1,3,5,No,1.41,5.09,3.51,LOW,6.49,HIGH,2.91
CLG0086,87,5.41,5.24,3,No,9,7,3,No,1.43,6.87,4.11,LOW,5.89,HIGH,1.13
CLG0042,113,6.49,6.41,10,Yes,6,8,1,No,5.26,5.11,5.38,MEDIUM,4.62,MEDIUM,2.89
CLG0066,95,7.57,7.56,6,No,3,5,3,No,5.42,4.78,5.0,MEDIUM,5.0,MEDIUM,3.22
CLG0020,92,7.03,7.46,9,Yes,5,3,0,No,6.02,1.89,4.04,LOW,5.96,HIGH,6.11
CLG0014,102,5.22,4.83,8,No,8,4,5,No,2.68,6.93,4.89,MEDIUM,5.11,MEDIUM,1.07
CLG0038,111,9.79,9.81,6,No,4,10,2,Yes,8.4,6.4,7.12,HIGH,2.88,LOW,1.6
CLG0037,135,9.76,9.63,8,No,9,6,2,Yes,8.92,5.62,7.42,HIGH,2.58,LOW,2.38
CLG0037,112,6.4,6.89,8,Yes,3,5,0,No,4.89,2.38,4.12,LOW,5.88,HIGH,5.62
CLG0012,117,8.66,9.02,10,Yes,2,4,3,Yes,8.48,4.13,6.34,HIGH,3.66,LOW,3.87
CLG0092,92,7.89,7.83,6,No,6,3,2,No,5.81,3.69,4.67,MEDIUM,5.33,MEDIUM,4.31
CLG0056,84,6.19,6.69,2,Yes,6,6,5,No,2.62,7.42,4.75,MEDIUM,5.25,MEDIUM,0.58
CLG0008,100,6.31,6.32,5,No,6,7,0,No,3.42,3.87,3.92,LOW,6.08,HIGH,4.13
CLG0093,101,7.46,7.13,4,Yes,4,2,3,No,4.37,3.64,4.23,LOW,5.77,HIGH,4.36
CLG0021,83,7.1,7.16,6,No,9,6,1,No,4.85,4.82,4.59,MEDIUM,5.41,MEDIUM,3.18
CLG0039,97,6.46,6.19,2,Yes,7,3,2,No,2.42,3.89,3.48,LOW,6.52,HIGH,4.11
CLG0048,105,9.04,9.18,4,No,10,10,5,Yes,6.82,10.0,7.82,HIGH,2.18,LOW,0.0
CLG0018,105,7.41,7.85,8,No,1,8,3,No,6.2,5.71,5.86,MEDIUM,4.14,MEDIUM,2.29
CLG0063,107,8.27,8.56,1,Yes,3,2,5,No,4.91,5.04,5.11,MEDIUM,4.89,MEDIUM,2.96
CLG0083,104,5.95,5.72,3,Yes,0,5,3,No,2.1,4.18,3.59,LOW,6.41,HIGH,3.82
CLG0074,92,7.67,7.47,4,No,5,8,5,No,4.75,8.11,6.02,HIGH,3.98,LOW,0.0
CLG0009,92,6.59,6.16,2,No,5,9,2,No,2.47,6.16,4.32,MEDIUM,5.68,MEDIUM,1.84
CLG0087,82,7.63,7.42,2,Yes,2,7,3,No,4.02,5.47,4.5,MEDIUM,5.5,MEDIUM,2.53
CLG0030,126,8.9,8.49,6,No,0,9,5,Yes,6.9,7.56,7.24,HIGH,2.76,LOW,0.44
CLG0086,100,8.84,8.84,6,No,4,9,4,Yes,7.12,7.56,6.88,HIGH,3.12,LOW,0.44
CLG0059,96,6.77,6.98,3,Yes,0,8,4,No,3.52,6.31,4.87,MEDIUM,5.13,MEDIUM,1.69
CLG0055,86,8.47,8.72,8,Yes,2,7,1,No,7.48,3.87,5.31,MEDIUM,4.69,MEDIUM,4.13
CLG0093,144,9.71,9.27,3,Yes,7,6,0,No,6.96,3.62,5.99,HIGH,4.01,LOW,4.38
CLG0070,83,8.13,7.97,2,No,9,3,4,No,4.72,5.89,4.96,MEDIUM,5.04,MEDIUM,2.11
CLG0050,93,5.74,5.53,5,No,8,8,4,No,2.5,7.91,5.05,MEDIUM,4.95,MEDIUM,0.09
CLG0061,106,8.4,8.0,7,Yes,2,3,1,No,6.57,2.09,4.58,MEDIUM,5.42,MEDIUM,5.91
CLG0035,109,5.52,5.38,1,No,8,9,4,No,0.93,8.36,4.88,MEDIUM,5.12,MEDIUM,0.0
CLG0014,114,9.36,9.16,2,No,6,9,4,Yes,6.33,7.96,6.96,HIGH,3.04,LOW,0.04
CLG0069,127,7.58,7.71,2,Yes,7,10,5,Yes,4.2,9.4,6.91,HIGH,3.09,LOW,0.0
CLG0046,107,6.93,7.31,8,No,5,10,2,No,5.52,6.6,5.98,HIGH,4.02,LOW,1.4
CLG0082,84,5.29,5.24,10,No,4,9,1,No,3.69,5.16,4.28,MEDIUM,5.72,MEDIUM,2.84
CLG0035,96,6.9,7.15,6,Yes,9,4,3,No,4.72,5.53,5.04,MEDIUM,4.96,MEDIUM,2.47
CLG0094,104,9.52,9.17,4,No,7,9,3,Yes,7.1,7.36,6.86,HIGH,3.14,LOW,0.64
CLG0071,131,5.1,5.49,4,No,1,2,0,No,1.76,0.64,2.5,LOW,7.5,HIGH,7.36
CLG0098,79,7.37,7.02,5,Yes,6,1,0,No,4.57,1.2,2.96,LOW,7.04,HIGH,6.8
CLG0042,118,9.66,9.35,3,Yes,0,8,4,Yes,6.99,6.31,6.64,HIGH,3.36,LOW,1.69
CLG0053,102,6.97,6.58,4,No,6,6,4,No,3.68,6.62,5.16,MEDIUM,4.84,MEDIUM,1.38
CLG0019,112,7.14,6.95,4,No,5,10,3,Yes,4.05,7.4,5.79,MEDIUM,4.21,MEDIUM,0.6
CLG0045,98,7.89,7.94,7,No,3,9,1,No,6.22,4.96,5.45,MEDIUM,4.55,MEDIUM,3.04
CLG0054,87,7.31,7.8,7,Yes,2,9,2,No,5.77,5.56,5.32,MEDIUM,4.68,MEDIUM,2.44
CLG0064,111,5.84,6.13,1,Yes,8,3,5,No,1.67,6.49,4.46,MEDIUM,5.54,MEDIUM,1.51
CLG0075,109,5.09,4.97,3,No,5,2,0,No,1.04,1.44,2.15,LOW,7.85,HIGH,6.56
CLG0041,114,8.05,8.13,9,Yes,5,7,4,Yes,7.13,6.87,6.85,HIGH,3.15,LOW,1.13
CLG0017,99,9.6,9.72,6,Yes,0,5,0,No,8.22,1.78,4.99,MEDIUM,5.01,MEDIUM,6.22
CLG0011,91,5.53,5.85,6,No,4,10,3,No,2.94,7.2,4.91,MEDIUM,5.09,MEDIUM,0.8
CLG0092,76,6.05,6.29,4,No,6,6,1,No,2.91,4.22,3.45,LOW,6.55,HIGH,3.78
CLG0003,112,6.85,6.92,10,Yes,3,5,3,No,5.85,4.78,5.47,MEDIUM,4.53,MEDIUM,3.22
CLG0010,106,9.04,9.21,9,No,1,4,2,No,8.51,3.13,5.77,MEDIUM,4.23,MEDIUM,4.87
CLG0024,85,6.35,6.6,3,Yes,8,1,1,No,2.99,2.4,2.91,LOW,7.09,HIGH,5.6
CLG0097,91,9.41,9.04,8,No,5,4,2,No,8.28,3.93,5.74,MEDIUM,4.26,MEDIUM,4.07
CLG0056,92,5.27,4.97,6,No,8,10,2,No,2.14,7.2,4.61,MEDIUM,5.39,MEDIUM,0.8
CLG0026,77,9.7,9.89,2,Yes,7,3,1,No,7.07,3.09,4.68,MEDIUM,5.32,MEDIUM,4.91
CLG0069,87,7.8,8.15,3,No,0,3,2,No,4.99,2.49,3.78,LOW,6.22,HIGH,5.51
CLG0024,82,8.29,8.2,1,No,1,5,0,No,4.66,1.98,3.36,LOW,6.64,HIGH,6.02
CLG0044,93,6.84,7.32,3,No,1,1,4,No,3.81,3.4,3.77,LOW,6.23,HIGH,4.6
CLG0026,88,8.91,8.63,4,No,1,6,1,No,6.34,3.22,4.63,MEDIUM,5.37,MEDIUM,4.78
CLG0071,75,5.83,5.75,6,Yes,3,2,3,No,3.05,3.44,3.18,LOW,6.82,HIGH,4.56
CLG0076,130,5.24,5.12,10,Yes,6,1,3,No,3.57,3.6,4.39,MEDIUM,5.61,MEDIUM,4.4
CLG0057,118,6.98,7.41,7,No,6,8,4,Yes,5.29,7.51,6.44,HIGH,3.56,LOW,0.49
CLG0036,88,9.27,9.06,3,No,0,10,3,Yes,6.54,6.4,5.98,HIGH,4.02,LOW,1.6
CLG0017,104,8.77,8.74,7,No,7,3,4,No,7.34,5.49,6.21,HIGH,3.79,LOW,2.51
CLG0080,106,7.59,7.28,4,No,3,6,0,No,4.56,2.82,4.06,LOW,5.94,HIGH,5.18
CLG0095,117,7.86,7.88,1,No,7,2,3,No,4.16,4.24,4.66,MEDIUM,5.34,MEDIUM,3.76
CLG0018,87,5.65,6.01,1,Yes,9,5,3,No,1.47,5.98,3.77,LOW,6.23,HIGH,2.02
CLG0096,116,9.2,9.0,8,No,8,9,0,Yes,8.12,5.16,6.59,HIGH,3.41,LOW,2.84
CLG0066,91,8.93,9.24,10,Yes,6,7,3,No,8.8,6.27,6.88,HIGH,3.12,LOW,1.73
CLG0010,79,8.28,8.69,7,No,2,4,3,No,7.01,4.13,5.11,MEDIUM,4.89,MEDIUM,3.87
CLG0061,110,7.33,6.9,4,No,2,3,0,No,4.13,1.29,3.35,LOW,6.65,HIGH,6.71
CLG0039,119,9.82,10.0,1,No,4,9,5,Yes,6.89,8.36,7.43,HIGH,2.57,LOW,0.0
CLG0014,138,9.4,9.16,6,No,6,4,0,No,7.69,2.53,5.75,MEDIUM,4.25,MEDIUM,5.47
CLG0047,82,8.22,7.9,10,Yes,6,5,5,No,7.39,6.98,6.45,HIGH,3.55,LOW,1.02
CLG0010,110,6.86,6.96,7,Yes,8,6,0,No,4.89,3.82,4.66,MEDIUM,5.34,MEDIUM,4.18
CLG0055,93,8.09,8.3,6,No,0,10,5,Yes,6.28,8.0,6.6,HIGH,3.4,LOW,0.0
CLG0092,111,7.88,7.77,6,No,2,5,3,No,5.76,4.58,5.33,MEDIUM,4.67,MEDIUM,3.42
CLG0024,77,6.97,6.51,8,Yes,0,9,4,No,4.96,6.76,5.3,MEDIUM,4.7,MEDIUM,1.24
CLG0040,81,6.53,6.94,6,No,5,1,5,No,4.34,5.0,4.42,MEDIUM,5.58,MEDIUM,3.0
CLG0063,88,7.04,7.27,2,No,9,6,4,No,3.56,7.22,5.12,MEDIUM,4.88,MEDIUM,0.78
CLG0034,101,7.87,7.64,7,No,6,4,1,No,5.99,3.33,4.75,MEDIUM,5.25,MEDIUM,4.67
CLG0049,90,7.14,7.14,10,No,1,4,1,No,6.19,2.33,4.25,LOW,5.75,HIGH,5.67
CLG0063,109,6.32,5.85,4,No,8,3,3,No,2.75,4.89,4.22,LOW,5.78,HIGH,3.11
CLG0009,115,8.8,8.64,3,No,4,5,3,Yes,5.95,4.98,5.64,MEDIUM,4.36,MEDIUM,3.02
CLG0047,108,7.66,7.68,8,No,2,8,4,No,6.23,6.71,6.32,HIGH,3.68,LOW,1.29
CLG0093,124,5.34,5.36,10,No,6,4,2,No,3.8,4.13,4.59,MEDIUM,5.41,MEDIUM,3.87
CLG0045,106,6.84,6.55,5,Yes,6,7,1,No,3.91,4.67,4.54,MEDIUM,5.46,MEDIUM,3.33
CLG0036,81,9.42,9.7,4,No,0,8,4,Yes,7.43,6.31,6.18,HIGH,3.82,LOW,1.69
CLG0009,120,8.78,8.58,4,No,5,5,3,Yes,6.23,5.18,5.91,MEDIUM,4.09,MEDIUM,2.82
CLG0011,90,6.62,6.7,5,No,2,10,1,No,3.89,5.2,4.47,MEDIUM,5.53,MEDIUM,2.8
CLG0085,113,9.69,9.46,4,Yes,6,1,1,No,7.42,2.0,5.0,MEDIUM,5.0,MEDIUM,6.0
CLG0077,123,5.38,5.31,3,No,4,8,5,Yes,1.46,7.91,5.15,MEDIUM,4.85,MEDIUM,0.09
CLG0024,106,9.81,9.52,4,Yes,3,10,1,No,7.53,5.4,6.28,HIGH,3.72,LOW,2.6
CLG0001,77,6.23,6.36,10,No,9,3,3,No,5.07,5.09,4.68,MEDIUM,5.32,MEDIUM,2.91
CLG0099,86,5.05,4.98,5,Yes,6,4,4,No,1.69,5.73,3.74,LOW,6.26,HIGH,2.27
CLG0099,119,7.17,6.69,2,No,6,10,2,Yes,3.21,6.8,5.34,MEDIUM,4.66,MEDIUM,1.2
CLG0061,97,6.79,6.32,7,Yes,7,7,3,No,4.38,6.47,5.3,MEDIUM,4.7,MEDIUM,1.53
CLG0085,101,7.7,7.67,5,No,4,9,1,No,5.25,5.16,5.19,MEDIUM,4.81,MEDIUM,2.84
CLG0069,111,8.98,8.66,9,No,3,4,5,Yes,8.07,5.93,6.8,HIGH,3.2,LOW,2.07
CLG0021,110,9.21,9.3,6,No,0,4,5,No,7.68,5.33,6.38,HIGH,3.62,LOW,2.67
CLG0004,104,7.01,6.92,1,Yes,3,6,0,No,2.95,2.82,3.38,LOW,6.62,HIGH,5.18
CLG0097,96,7.15,7.3,9,No,10,9,4,No,5.98,8.76,6.84,HIGH,3.16,LOW,0.0
CLG0100,95,5.74,6.19,5,Yes,9,4,3,No,2.99,5.53,4.33,MEDIUM,5.67,MEDIUM,2.47
CLG0058,112,5.24,5.27,9,No,0,10,1,No,3.35,4.8,4.47,MEDIUM,5.53,MEDIUM,3.2
CLG0072,108,8.21,8.5,1,No,6,8,2,Yes,4.83,5.91,5.44,MEDIUM,4.56,MEDIUM,2.09
CLG0093,96,5.32,5.57,2,Yes,5,3,5,No,1.28,5.89,3.81,LOW,6.19,HIGH,2.11
CLG0007,116,8.67,9.09,3,No,6,2,1,No,6.2,2.44,4.74,MEDIUM,5.26,MEDIUM,5.56
CLG0001,98,7.7,7.41,5,No,7,4,1,No,5.06,3.53,4.41,MEDIUM,5.59,MEDIUM,4.47
CLG0069,87,5.99,6.32,6,No,5,4,3,No,3.56,4.73,4.1,LOW,5.9,HIGH,3.27
CLG0077,88,7.7,8.11,5,Yes,1,7,5,No,5.57,6.87,5.78,MEDIUM,4.22,MEDIUM,1.13
CLG0064,85,5.91,5.8,1,No,1,7,2,No,1.47,4.47,3.13,LOW,6.87,HIGH,3.53
CLG0090,95,7.19,7.0,4,No,8,9,5,No,4.12,9.16,6.24,HIGH,3.76,LOW,0.0
CLG0076,118,9.0,9.45,6,Yes,5,10,0,Yes,7.66,5.0,6.38,HIGH,3.62,LOW,3.0
CLG0008,87,7.31,7.44,4,No,5,2,5,No,4.51,5.44,4.77,MEDIUM,5.23,MEDIUM,2.56
CLG0060,102,5.74,5.62,4,Yes,0,4,5,No,2.24,5.33,4.07,LOW,5.93,HIGH,2.67
CLG0034,90,8.62,8.91,5,Yes,7,3,3,No,6.71,4.69,5.4,MEDIUM,4.6,MEDIUM,3.31
CLG0086,96,5.93,5.73,8,Yes,10,3,5,No,3.76,6.89,5.2,MEDIUM,4.8,MEDIUM,1.11
CLG0009,77,8.69,8.37,5,No,7,7,4,No,6.35,7.27,6.06,HIGH,3.94,LOW,0.73
CLG0073,96,7.4,7.44,7,Yes,3,10,2,No,5.56,6.2,5.64,MEDIUM,4.36,MEDIUM,1.8
CLG0045,97,7.27,7.34,8,No,6,6,0,No,5.75,3.42,4.63,MEDIUM,5.37,MEDIUM,4.58
CLG0082,108,9.26,9.59,6,Yes,8,3,0,No,7.92,2.49,5.31,MEDIUM,4.69,MEDIUM,5.51
CLG0017,103,8.54,8.5,6,Yes,10,8,2,Yes,6.69,6.71,6.42,HIGH,3.58,LOW,1.29
CLG0007,82,5.16,5.47,2,Yes,0,8,4,No,1.11,6.31,3.67,LOW,6.33,HIGH,1.69
CLG0051,116,6.48,6.29,10,No,4,7,1,No,5.17,4.27,5.06,MEDIUM,4.94,MEDIUM,3.73
CLG0098,103,9.35,9.43,5,Yes,7,9,3,Yes,7.53,7.36,7.02,HIGH,2.98,LOW,0.64
CLG0016,102,5.09,4.8,1,Yes,6,3,4,No,0.24,5.29,3.25,LOW,6.75,HIGH,2.71
CLG0057,99,7.73,7.62,9,Yes,9,5,5,No,6.56,7.58,6.65,HIGH,3.35,LOW,0.42
CLG0092,92,8.64,9.0,7,Yes,3,6,0,No,7.45,2.82,4.98,MEDIUM,5.02,MEDIUM,5.18
CLG0025,103,8.11,7.83,2,No,2,9,5,No,4.61,7.96,6.09,HIGH,3.91,LOW,0.04
CLG0022,107,8.8,9.11,6,No,0,4,4,No,7.29,4.53,5.86,MEDIUM,4.14,MEDIUM,3.47
CLG0055,73,8.63,8.41,10,Yes,2,5,1,No,8.01,2.98,4.94,MEDIUM,5.06,MEDIUM,5.02
CLG0034,91,8.46,7.99,9,Yes,1,9,5,No,7.27,7.76,6.87,HIGH,3.13,LOW,0.24
CLG0015,96,9.11,8.72,5,No,4,4,4,No,6.86,5.33,5.82,MEDIUM,4.18,MEDIUM,2.67
CLG0016,103,8.23,8.48,3,Yes,0,2,4,No,5.49,3.64,4.71,MEDIUM,5.29,MEDIUM,4.36
CLG0016,117,7.01,6.77,10,No,3,9,5,Yes,5.84,8.16,6.9,HIGH,3.1,LOW,0.0
CLG0038,88,7.36,7.51,4,Yes,7,3,0,No,4.59,2.29,3.56,LOW,6.44,HIGH,5.71
CLG0086,92,8.58,8.78,3,No,8,6,4,No,5.92,7.02,6.05,HIGH,3.95,LOW,0.98
CLG0093,92,9.38,9.23,1,Yes,0,9,5,Yes,6.06,7.56,6.32,HIGH,3.68,LOW,0.44
CLG0032,87,6.36,6.33,10,No,2,3,3,No,5.13,3.69,4.31,MEDIUM,5.69,MEDIUM,4.31
CLG0043,94,6.71,6.61,7,Yes,5,8,2,No,4.54,5.71,5.01,MEDIUM,4.99,MEDIUM,2.29
CLG0088,111,9.65,10.0,8,Yes,4,9,5,Yes,9.12,8.36,8.19,HIGH,1.81,LOW,0.0
CLG0050,84,7.89,7.71,2,No,0,3,0,No,4.39,0.89,2.85,LOW,7.15,HIGH,7.11
CLG0087,106,5.89,5.57,8,Yes,1,3,2,No,3.62,2.69,3.64,LOW,6.36,HIGH,5.31
CLG0057,74,8.32,8.19,9,Yes,1,4,4,No,7.33,4.73,5.39,MEDIUM,4.61,MEDIUM,3.27
CLG0038,91,9.95,10.0,7,Yes,6,1,1,No,8.97,2.0,5.24,MEDIUM,4.76,MEDIUM,6.0
CLG0023,95,9.12,9.32,1,No,5,2,5,No,5.97,5.44,5.49,MEDIUM,4.51,MEDIUM,2.56
CLG0089,125,8.73,9.15,4,Yes,5,1,5,Yes,6.62,5.0,6.08,HIGH,3.92,LOW,3.0
CLG0090,95,6.04,6.42,7,Yes,0,3,0,No,4.0,0.89,2.88,LOW,7.12,HIGH,7.11
CLG0036,66,9.38,9.17,6,No,0,6,4,No,7.69,5.42,5.67,MEDIUM,4.33,MEDIUM,2.58
CLG0050,70,7.63,7.59,8,No,3,8,4,No,6.15,6.91,5.72,MEDIUM,4.28,MEDIUM,1.09
CLG0098,100,9.45,9.7,6,No,9,5,1,No,8.12,4.38,6.01,HIGH,3.99,LOW,3.62
CLG0013,109,6.65,7.07,10,No,5,8,4,No,5.84,7.31,6.42,HIGH,3.58,LOW,0.69
CLG0097,105,5.31,5.15,6,No,10,6,3,No,2.3,6.62,4.66,MEDIUM,5.34,MEDIUM,1.38
CLG0004,102,7.38,7.32,10,Yes,5,1,1,No,6.46,1.8,4.35,MEDIUM,5.65,MEDIUM,6.2
CLG0036,117,6.35,6.75,6,No,4,3,0,No,4.1,1.69,3.62,LOW,6.38,HIGH,6.31
CLG0063,91,8.58,8.44,7,Yes,3,2,0,No,7.01,1.04,4.07,LOW,5.93,HIGH,6.96
CLG0084,113,9.79,9.77,5,Yes,1,6,2,Yes,8.04,4.02,6.05,HIGH,3.95,LOW,3.98
CLG0093,75,8.45,8.85,9,Yes,6,8,3,Yes,7.89,6.71,6.42,HIGH,3.58,LOW,1.29
CLG0079,86,9.43,9.73,7,No,5,6,5,No,8.46,7.22,7.04,HIGH,2.96,LOW,0.78
CLG0054,72,7.27,7.01,1,No,6,4,3,No,3.17,4.93,3.77,LOW,6.23,HIGH,3.07
CLG0079,95,8.86,8.68,9,No,2,4,0,No,8.02,1.73,4.82,MEDIUM,5.18,MEDIUM,6.27
CLG0077,99,9.22,9.07,6,No,0,9,4,Yes,7.52,6.76,6.7,HIGH,3.3,LOW,1.24
CLG0060,101,8.55,8.96,8,No,0,1,5,No,7.7,4.0,5.71,MEDIUM,4.29,MEDIUM,4.0
CLG0014,100,7.54,8.04,9,No,3,2,3,No,6.75,3.44,5.08,MEDIUM,4.92,MEDIUM,4.56
CLG0060,86,8.13,8.4,2,No,3,4,3,No,5.04,4.33,4.52,MEDIUM,5.48,MEDIUM,3.67
CLG0060,97,8.5,8.48,2,No,6,3,4,No,5.32,5.29,5.2,MEDIUM,4.8,MEDIUM,2.71
CLG0022,77,6.27,5.78,5,Yes,6,9,1,No,3.0,5.56,4.04,LOW,5.96,HIGH,2.44
CLG0065,120,9.05,9.25,5,No,3,5,4,Yes,7.21,5.58,6.47,HIGH,3.53,LOW,2.42
CLG0065,95,9.75,9.64,10,Yes,6,8,2,Yes,9.59,5.91,7.12,HIGH,2.88,LOW,2.09
CLG0031,92,7.33,7.46,10,No,7,4,2,No,6.54,4.33,5.22,MEDIUM,4.78,MEDIUM,3.67
CLG0097,123,8.51,8.62,2,No,8,4,5,Yes,5.43,6.93,6.35,HIGH,3.65,LOW,1.07
CLG0065,81,8.69,8.67,10,Yes,5,10,0,No,8.24,5.0,5.98,HIGH,4.02,LOW,3.0
CLG0088,83,8.31,8.75,4,Yes,3,3,1,No,6.07,2.29,4.06,LOW,5.94,HIGH,5.71
CLG0022,83,7.74,7.26,9,No,9,9,3,No,6.3,7.76,6.34,HIGH,3.66,LOW,0.24
CLG0087,98,9.41,9.62,4,No,1,10,5,Yes,7.37,8.2,7.2,HIGH,2.8,LOW,0.0
CLG0066,106,7.24,7.15,1,Yes,8,2,0,No,3.26,2.04,3.23,LOW,6.77,HIGH,5.96
CLG0086,111,5.31,5.52,5,Yes,6,3,0,No,2.24,2.09,2.93,LOW,7.07,HIGH,5.91
CLG0073,138,9.22,9.4,2,Yes,5,3,5,Yes,6.43,5.89,6.59,HIGH,3.41,LOW,2.11
CLG0004,66,8.37,7.88,6,No,3,3,5,No,6.14,5.49,5.08,MEDIUM,4.92,MEDIUM,2.51
CLG0089,109,9.25,9.04,1,No,3,4,3,No,5.85,4.33,5.23,MEDIUM,4.77,MEDIUM,3.67
CLG0079,91,5.69,5.38,7,Yes,1,5,3,No,3.03,4.38,3.82,LOW,6.18,HIGH,3.62
CLG0088,91,5.15,4.82,7,No,0,6,4,No,2.3,5.42,3.94,LOW,6.06,HIGH,2.58
CLG0007,90,9.67,9.9,4,No,4,5,2,No,7.73,4.18,5.6,MEDIUM,4.4,MEDIUM,3.82
CLG0072,86,5.74,5.48,9,Yes,5,9,3,No,3.8,6.96,5.07,MEDIUM,4.93,MEDIUM,1.04
CLG0027,125,9.05,9.02,3,Yes,9,7,4,Yes,6.38,7.67,7.06,HIGH,2.94,LOW,0.33
CLG0091,112,9.12,8.87,5,No,8,7,2,Yes,6.98,5.87,6.35,HIGH,3.65,LOW,2.13
CLG0045,100,8.54,8.62,5,No,0,7,1,No,6.45,3.47,4.98,MEDIUM,5.02,MEDIUM,4.53
CLG0099,120,5.66,5.88,8,Yes,4,7,1,No,3.71,4.27,4.54,MEDIUM,5.46,MEDIUM,3.73
CLG0061,77,8.34,8.17,10,No,10,2,1,No,7.66,3.24,4.98,MEDIUM,5.02,MEDIUM,4.76
CLG0094,80,9.45,9.55,10,No,4,8,3,Yes,9.34,6.31,6.93,HIGH,3.07,LOW,1.69
CLG0039,67,7.13,7.45,4,Yes,8,10,2,No,4.41,7.2,5.09,MEDIUM,4.91,MEDIUM,0.8
CLG0093,89,7.07,6.66,1,Yes,10,1,5,No,2.8,6.0,4.34,MEDIUM,5.66,MEDIUM,2.0
CLG0005,102,7.21,7.42,5,Yes,10,6,2,No,4.77,5.82,5.28,MEDIUM,4.72,MEDIUM,2.18
CLG0082,101,5.41,5.23,1,No,3,3,1,No,0.75,2.29,2.24,LOW,7.76,HIGH,5.71
CLG0079,102,9.46,9.08,3,Yes,2,6,0,No,6.67,2.62,4.76,MEDIUM,5.24,MEDIUM,5.38
CLG0090,78,9.35,9.4,6,Yes,2,6,2,No,7.84,4.22,5.46,MEDIUM,4.54,MEDIUM,3.78
CLG0055,112,9.99,9.72,1,Yes,5,8,2,Yes,6.79,5.71,6.21,HIGH,3.79,LOW,2.29
CLG0002,103,7.93,8.25,10,No,10,4,4,No,7.48,6.53,6.66,HIGH,3.34,LOW,1.47
CLG0095,110,8.76,8.3,3,Yes,0,3,1,No,5.68,1.69,4.13,LOW,5.87,HIGH,6.31
CLG0025,71,6.01,5.61,7,No,0,2,0,No,3.39,0.44,2.04,LOW,7.96,HIGH,7.56
CLG0089,104,8.34,8.36,2,Yes,0,6,4,No,5.14,5.42,5.3,MEDIUM,4.7,MEDIUM,2.58
CLG0032,82,8.25,8.34,6,No,6,3,0,No,6.4,2.09,4.1,LOW,5.9,HIGH,5.91
CLG0058,94,9.51,9.74,7,No,4,4,5,No,8.52,6.13,6.77,HIGH,3.23,LOW,1.87
CLG0022,108,9.15,8.91,2,Yes,10,9,0,No,6.02,5.56,5.78,MEDIUM,4.22,MEDIUM,2.44
CLG0052,101,9.69,10.0,5,Yes,8,7,5,No,8.15,8.27,7.59,HIGH,2.41,LOW,0.0
CLG0074,87,9.34,9.79,10,Yes,10,1,0,No,9.45,2.0,5.37,MEDIUM,4.63,MEDIUM,6.0
CLG0061,100,9.34,9.34,10,Yes,2,4,3,No,9.12,4.13,6.31,HIGH,3.69,LOW,3.87
CLG0100,77,5.32,5.58,1,No,5,8,2,No,0.95,5.71,3.28,LOW,6.72,HIGH,2.29
CLG0076,117,9.23,9.25,3,Yes,6,10,2,Yes,6.66,6.8,6.68,HIGH,3.32,LOW,1.2
CLG0021,96,8.04,7.61,1,No,2,4,4,No,4.07,4.93,4.54,MEDIUM,5.46,MEDIUM,3.07
CLG0062,116,6.9,6.73,3,Yes,8,1,5,No,3.41,5.6,4.89,MEDIUM,5.11,MEDIUM,2.4
CLG0015,92,5.28,4.87,4,Yes,1,10,0,No,1.41,4.2,3.12,LOW,6.88,HIGH,3.8
CLG0011,92,8.39,8.88,5,Yes,6,2,0,No,6.55,1.64,4.15,LOW,5.85,HIGH,6.36
CLG0046,88,6.64,6.37,4,Yes,9,5,2,No,3.32,5.18,4.2,LOW,5.8,HIGH,2.82
CLG0071,113,7.34,7.48,4,Yes,3,6,5,No,4.56,6.82,5.78,MEDIUM,4.22,MEDIUM,1.18
CLG0088,89,8.41,8.19,9,No,8,1,0,No,7.39,1.6,4.42,MEDIUM,5.58,MEDIUM,6.4
CLG0030,109,9.56,9.71,9,Yes,6,5,0,No,9.19,2.98,6.03,HIGH,3.97,LOW,5.02
CLG0014,94,9.13,8.84,9,No,7,8,0,No,8.29,4.51,6.03,HIGH,3.97,LOW,3.49
CLG0040,70,7.25,7.54,5,No,10,8,1,No,4.88,5.91,4.81,MEDIUM,5.19,MEDIUM,2.09
CLG0070,91,6.94,6.55,5,No,9,2,1,No,3.97,3.04,3.66,LOW,6.34,HIGH,4.96
CLG0050,82,6.2,6.6,2,No,2,9,1,No,2.56,4.76,3.63,LOW,6.37,HIGH,3.24
CLG0046,100,6.86,7.2,6,No,5,2,5,No,4.73,5.44,5.08,MEDIUM,4.92,MEDIUM,2.56
CLG0072,82,5.56,5.74,2,Yes,3,4,5,No,1.55,5.93,3.69,LOW,6.31,HIGH,2.07
CLG0036,113,9.86,9.43,10,Yes,3,10,4,Yes,9.5,7.8,8.15,HIGH,1.85,LOW,0.2
CLG0056,98,7.87,7.58,5,No,1,4,0,No,5.28,1.53,3.7,LOW,6.3,HIGH,6.47
CLG0012,97,5.64,6.0,5,Yes,10,4,1,No,2.79,4.13,3.73,LOW,6.27,HIGH,3.87
CLG0069,109,6.76,6.38,4,No,9,7,1,No,3.4,5.27,4.63,MEDIUM,5.37,MEDIUM,2.73
CLG0077,114,7.74,7.4,5,Yes,8,8,3,Yes,5.07,7.11,6.12,HIGH,3.88,LOW,0.89
CLG0019,99,7.66,7.7,7,No,10,8,4,No,5.91,8.31,6.68,HIGH,3.32,LOW,0.0
CLG0022,88,5.18,4.95,10,No,0,4,1,No,3.41,2.13,3.02,LOW,6.98,HIGH,5.87
CLG0012,73,9.75,9.47,2,No,0,4,1,No,6.8,2.13,4.12,LOW,5.88,HIGH,5.87
CLG0032,89,6.38,6.46,1,No,6,6,1,No,2.23,4.22,3.4,LOW,6.6,HIGH,3.78
CLG0038,90,5.08,4.95,4,Yes,9,9,3,No,1.35,7.76,4.48,MEDIUM,5.52,MEDIUM,0.24
CLG0061,101,5.38,5.02,7,Yes,6,5,3,No,2.58,5.38,4.21,LOW,5.79,HIGH,2.62
CLG0038,94,7.9,7.93,1,No,3,2,4,No,4.22,4.24,4.29,MEDIUM,5.71,MEDIUM,3.76
CLG0081,110,5.69,5.58,4,No,7,9,0,No,2.18,4.96,4.04,LOW,5.96,HIGH,3.04
CLG0090,90,5.21,5.44,6,No,4,9,0,No,2.45,4.36,3.56,LOW,6.44,HIGH,3.64
CLG0080,99,6.9,6.5,6,No,5,1,5,No,4.24,5.0,4.69,MEDIUM,5.31,MEDIUM,3.0
CLG0012,117,8.11,8.23,1,Yes,3,9,4,Yes,4.57,7.36,6.07,HIGH,3.93,LOW,0.64
CLG0046,105,5.56,5.5,7,No,2,7,5,No,3.04,7.07,5.14,MEDIUM,4.86,MEDIUM,0.93
CLG0080,99,6.57,6.48,5,No,1,1,0,No,3.7,0.2,2.55,LOW,7.45,HIGH,7.8
CLG0069,90,7.09,6.82,6,Yes,7,2,2,No,4.59,3.44,4.05,LOW,5.95,HIGH,4.56
CLG0072,90,5.8,5.33,1,No,10,2,5,No,1.06,6.44,3.84,LOW,6.16,HIGH,1.56
CLG0071,87,7.53,7.88,7,Yes,4,8,0,No,5.96,3.91,4.73,MEDIUM,5.27,MEDIUM,4.09
CLG0091,91,5.43,5.26,4,No,9,1,3,No,1.79,4.2,3.25,LOW,6.75,HIGH,3.8
CLG0026,111,5.23,5.41,3,No,5,3,3,No,1.44,4.29,3.49,LOW,6.51,HIGH,3.71
CLG0077,96,7.6,8.05,4,No,5,1,1,No,5.13,1.8,3.71,LOW,6.29,HIGH,6.2
CLG0099,79,6.24,6.3,9,Yes,3,5,3,No,4.7,4.78,4.44,MEDIUM,5.56,MEDIUM,3.22
CLG0046,126,5.48,5.38,5,Yes,8,4,2,No,2.24,4.53,4.16,LOW,5.84,HIGH,3.47
CLG0017,104,7.12,6.89,5,No,6,3,2,No,4.33,3.69,4.28,MEDIUM,5.72,MEDIUM,4.31
CLG0007,78,9.58,10.0,8,No,9,8,2,Yes,9.08,6.51,6.87,HIGH,3.13,LOW,1.49
CLG0073,93,8.62,8.8,7,Yes,7,7,1,No,7.29,4.87,5.75,MEDIUM,4.25,MEDIUM,3.13
CLG0074,101,9.08,9.25,3,Yes,6,4,0,No,6.57,2.53,4.67,MEDIUM,5.33,MEDIUM,5.47
CLG0064,125,9.36,9.29,1,No,3,1,1,No,6.1,1.4,4.44,MEDIUM,5.56,MEDIUM,6.6
CLG0042,83,9.86,10.0,2,Yes,8,7,3,No,7.25,6.67,6.29,HIGH,3.71,LOW,1.33
CLG0053,114,8.82,9.03,3,Yes,1,3,2,Yes,6.25,2.69,4.82,MEDIUM,5.18,MEDIUM,5.31
CLG0014,120,8.04,7.82,1,No,4,5,1,No,4.23,3.38,4.39,MEDIUM,5.61,MEDIUM,4.62
CLG0037,90,6.83,6.93,1,No,1,8,5,No,2.85,7.31,4.9,MEDIUM,5.1,MEDIUM,0.69
CLG0013,95,5.91,5.84,8,Yes,7,9,1,No,3.83,5.76,4.76,MEDIUM,5.24,MEDIUM,2.24
CLG0072,84,8.43,7.94,8,No,8,10,2,No,6.88,7.2,6.37,HIGH,3.63,LOW,0.8
CLG0052,96,9.97,10.0,2,Yes,2,10,4,Yes,7.32,7.6,6.91,HIGH,3.09,LOW,0.4
CLG0074,99,7.34,6.96,8,Yes,4,7,2,No,5.51,5.07,5.22,MEDIUM,4.78,MEDIUM,2.93
CLG0033,109,8.62,8.63,2,No,8,6,4,No,5.5,7.02,6.17,HIGH,3.83,LOW,0.98
CLG0020,116,7.48,7.32,5,No,5,5,2,No,4.86,4.38,4.98,MEDIUM,5.02,MEDIUM,3.62
CLG0068,88,7.16,7.0,1,No,2,5,0,No,3.1,2.18,2.92,LOW,7.08,HIGH,5.82
CLG0001,70,7.05,7.03,9,Yes,5,4,4,No,5.72,5.53,5.0,MEDIUM,5.0,MEDIUM,2.47
CLG0083,99,7.52,8.02,4,Yes,8,7,4,No,5.06,7.47,6.0,HIGH,4.0,LOW,0.53
CLG0088,104,6.83,6.74,10,Yes,10,1,5,No,5.71,6.0,5.76,MEDIUM,4.24,MEDIUM,2.0
CLG0061,103,8.74,8.42,2,Yes,10,3,1,No,5.42,3.69,4.7,MEDIUM,5.3,MEDIUM,4.31
CLG0054,95,9.37,9.48,1,No,9,6,4,No,6.24,7.22,6.31,HIGH,3.69,LOW,0.78
CLG0075,101,9.41,9.15,6,No,6,10,3,Yes,7.69,7.6,7.14,HIGH,2.86,LOW,0.4
CLG0086,122,6.14,5.75,8,No,3,1,1,No,3.9,1.4,3.5,LOW,6.5,HIGH,6.6
CLG0037,105,9.48,9.03,4,No,3,7,1,No,6.98,4.07,5.51,MEDIUM,4.49,MEDIUM,3.93
CLG0067,94,6.71,6.23,1,No,0,2,5,No,2.26,4.44,3.59,LOW,6.41,HIGH,3.56
CLG0081,92,6.55,6.48,1,Yes,2,7,0,No,2.35,3.07,3.04,LOW,6.96,HIGH,4.93
CLG0040,97,8.63,8.56,6,Yes,8,4,1,No,6.79,3.73,5.17,MEDIUM,4.83,MEDIUM,4.27
CLG0020,124,6.52,6.21,2,No,0,9,1,No,2.47,4.36,4.15,LOW,5.85,HIGH,3.64
CLG0035,97,5.26,5.54,5,No,1,5,3,No,2.22,4.38,3.6,LOW,6.4,HIGH,3.62
CLG0040,99,6.87,6.5,2,No,1,1,1,No,2.89,1.0,2.55,LOW,7.45,HIGH,7.0
CLG0079,92,8.61,9.03,9,No,7,4,4,No,8.12,5.93,6.49,HIGH,3.51,LOW,2.07
CLG0075,116,6.63,6.72,2,Yes,5,4,5,No,2.91,6.33,4.98,MEDIUM,5.02,MEDIUM,1.67
CLG0013,129,8.15,7.68,5,Yes,6,4,5,No,5.52,6.53,6.32,HIGH,3.68,LOW,1.47
CLG0090,106,8.3,8.76,4,No,10,3,0,No,6.07,2.89,4.7,MEDIUM,5.3,MEDIUM,5.11
CLG0023,101,8.67,8.48,1,No,3,3,5,No,5.09,5.49,5.26,MEDIUM,4.74,MEDIUM,2.51
CLG0013,100,9.49,9.44,10,No,10,10,5,Yes,9.28,10.0,8.72,HIGH,1.28,LOW,0.0
CLG0048,64,7.16,6.94,9,No,3,5,3,No,5.72,4.78,4.59,MEDIUM,5.41,MEDIUM,3.22
CLG0050,111,5.83,6.06,3,Yes,3,5,5,No,2.28,6.38,4.66,MEDIUM,5.34,MEDIUM,1.62
CLG0080,102,6.59,6.58,10,Yes,5,2,2,No,5.45,3.04,4.44,MEDIUM,5.56,MEDIUM,4.96
CLG0078,106,7.16,6.79,8,No,3,10,2,No,5.28,6.2,5.7,MEDIUM,4.3,MEDIUM,1.8
CLG0052,89,8.57,8.17,4,No,0,10,2,Yes,5.8,5.6,5.38,MEDIUM,4.62,MEDIUM,2.4
CLG0098,94,5.07,5.3,9,Yes,0,9,3,No,3.27,5.96,4.6,MEDIUM,5.4,MEDIUM,2.04
CLG0093,93,6.58,6.32,5,Yes,7,3,2,No,3.59,3.89,3.88,LOW,6.12,HIGH,4.11
CLG0092,115,8.9,8.54,2,Yes,1,4,4,Yes,5.6,4.73,5.4,MEDIUM,4.6,MEDIUM,3.27
CLG0027,94,8.35,8.35,8,No,8,2,2,No,7.13,3.64,5.21,MEDIUM,4.79,MEDIUM,4.36
CLG0038,131,8.66,8.96,4,No,9,8,2,Yes,6.43,6.51,6.71,HIGH,3.29,LOW,1.49
CLG0077,106,9.06,8.84,2,No,7,7,0,No,5.92,4.07,5.11,MEDIUM,4.89,MEDIUM,3.93
CLG0067,80,8.92,8.7,6,Yes,0,3,2,No,7.07,2.49,4.49,MEDIUM,5.51,MEDIUM,5.51
CLG0069,98,8.41,8.74,1,No,9,5,2,No,5.12,5.18,5.09,MEDIUM,4.91,MEDIUM,2.82
CLG0059,90,7.2,6.85,8,Yes,10,1,1,No,5.35,2.8,4.1,LOW,5.9,HIGH,5.2
CLG0080,67,9.92,10.0,9,Yes,7,6,4,No,9.62,6.82,7.02,HIGH,2.98,LOW,1.18
CLG0031,123,7.85,8.31,7,No,8,10,3,Yes,6.47,8.0,7.19,HIGH,2.81,LOW,0.0
CLG0086,110,6.01,6.35,9,Yes,3,6,0,No,4.6,2.82,4.15,LOW,5.85,HIGH,5.18
CLG0003,107,6.46,6.02,2,Yes,6,5,3,No,2.29,5.38,4.2,LOW,5.8,HIGH,2.62
CLG0069,102,8.47,8.29,1,No,3,9,2,Yes,4.83,5.76,5.28,MEDIUM,4.72,MEDIUM,2.24
CLG0067,79,9.62,9.26,7,Yes,2,4,1,No,8.23,2.53,4.95,MEDIUM,5.05,MEDIUM,5.47
CLG0079,92,5.89,6.34,4,No,10,2,2,No,2.85,4.04,3.63,LOW,6.37,HIGH,3.96
CLG0098,112,5.41,5.9,10,Yes,0,7,2,No,4.24,4.27,4.62,MEDIUM,5.38,MEDIUM,3.73
CLG0015,84,9.41,9.14,8,No,1,5,5,No,8.35,5.98,6.47,HIGH,3.53,LOW,2.02
CLG0027,62,9.58,9.75,3,No,6,7,5,No,7.23,7.87,6.4,HIGH,3.6,LOW,0.13
CLG0077,96,6.38,6.72,7,Yes,5,7,0,No,4.43,3.67,4.18,LOW,5.82,HIGH,4.33
CLG0098,97,6.89,6.62,7,No,7,7,0,No,4.66,4.07,4.45,MEDIUM,5.55,MEDIUM,3.93
CLG0018,102,8.3,7.99,10,Yes,10,3,3,No,7.51,5.29,6.16,HIGH,3.84,LOW,2.71
CLG0010,110,6.65,6.16,9,No,2,5,2,No,4.84,3.78,4.63,MEDIUM,5.37,MEDIUM,4.22
CLG0032,109,9.39,9.3,4,No,5,1,5,No,7.12,5.0,6.01,HIGH,3.99,LOW,3.0
CLG0068,103,5.54,5.94,10,No,5,6,3,No,4.35,5.62,5.05,MEDIUM,4.95,MEDIUM,2.38
CLG0066,117,5.19,5.59,1,Yes,1,4,2,No,0.88,3.13,2.9,LOW,7.1,HIGH,4.87
CLG0030,77,6.04,5.67,7,Yes,0,2,0,No,3.45,0.44,2.17,LOW,7.83,HIGH,7.56
CLG0052,107,6.43,6.13,10,Yes,1,3,1,No,5.02,1.89,3.89,LOW,6.11,HIGH,6.11
CLG0095,109,5.56,5.47,6,No,8,3,5,No,2.68,6.49,4.83,MEDIUM,5.17,MEDIUM,1.51
CLG0057,81,5.33,5.61,1,No,5,1,5,No,0.98,5.0,3.08,LOW,6.92,HIGH,3.0
CLG0046,77,8.78,8.89,9,Yes,2,7,3,No,8.12,5.47,6.05,HIGH,3.95,LOW,2.53
CLG0003,88,5.82,5.83,10,Yes,9,10,3,No,4.44,8.2,5.86,MEDIUM,4.14,MEDIUM,0.0
CLG0063,90,9.57,9.66,8,Yes,6,3,4,No,8.83,5.29,6.49,HIGH,3.51,LOW,2.71
CLG0044,111,6.84,6.44,10,Yes,0,7,5,No,5.5,6.67,6.06,HIGH,3.94,LOW,1.33
CLG0069,90,8.35,8.33,4,No,7,10,4,Yes,5.79,8.6,6.59,HIGH,3.41,LOW,0.0
CLG0098,87,6.13,6.62,5,Yes,9,10,1,No,3.54,6.6,4.84,MEDIUM,5.16,MEDIUM,1.4
CLG0078,90,6.2,5.79,8,No,6,9,5,No,3.97,8.76,5.93,HIGH,4.07,MEDIUM,0.0
CLG0055,116,7.87,7.89,2,Yes,2,6,4,No,4.51,5.82,5.41,MEDIUM,4.59,MEDIUM,2.18
CLG0058,100,7.8,7.6,6,No,3,8,1,No,5.59,4.51,5.05,MEDIUM,4.95,MEDIUM,3.49
CLG0062,97,8.84,8.88,10,Yes,10,1,2,No,8.48,3.6,5.79,MEDIUM,4.21,MEDIUM,4.4
CLG0007,98,8.79,8.86,2,No,6,8,4,Yes,5.77,7.51,6.29,HIGH,3.71,LOW,0.49
CLG0079,119,8.35,8.43,8,No,3,8,4,Yes,7.19,6.91,6.97,HIGH,3.03,LOW,1.09
CLG0019,88,7.25,7.6,5,No,4,3,3,No,4.93,4.09,4.41,MEDIUM,5.59,MEDIUM,3.91
CLG0019,119,9.45,9.34,10,No,0,6,1,No,9.19,3.02,6.22,HIGH,3.78,LOW,4.98
CLG0081,103,8.11,8.13,3,Yes,4,6,3,No,5.16,5.42,5.29,MEDIUM,4.71,MEDIUM,2.58
CLG0048,97,9.95,9.46,2,Yes,9,7,4,No,6.91,7.67,6.79,HIGH,3.21,LOW,0.33
CLG0077,137,9.1,9.39,4,No,9,3,5,Yes,7.01,6.69,7.12,HIGH,2.88,LOW,1.31
CLG0057,84,5.22,4.98,8,No,3,10,2,No,2.79,6.2,4.33,MEDIUM,5.67,MEDIUM,1.8
CLG0021,94,6.6,6.92,1,Yes,2,1,0,No,2.7,0.4,2.15,LOW,7.85,HIGH,7.6
CLG0001,81,7.86,7.63,10,No,8,9,1,No,6.98,5.96,5.86,MEDIUM,4.14,MEDIUM,2.04
CLG0082,114,8.61,8.12,3,No,0,6,1,No,5.46,3.02,4.64,MEDIUM,5.36,MEDIUM,4.98
CLG0024,125,7.75,7.4,1,Yes,9,5,2,No,3.75,5.18,5.01,MEDIUM,4.99,MEDIUM,2.82
CLG0030,125,8.93,9.42,2,Yes,4,2,2,Yes,6.27,2.84,5.08,MEDIUM,4.92,MEDIUM,5.16
CLG0062,118,6.41,6.23,10,Yes,9,4,1,No,5.08,3.93,4.92,MEDIUM,5.08,MEDIUM,4.07
CLG0071,97,5.92,5.53,7,Yes,1,5,1,No,3.28,2.78,3.38,LOW,6.62,HIGH,5.22
CLG0027,94,5.27,4.89,1,No,4,10,2,No,0.42,6.4,3.63,LOW,6.37,HIGH,1.6
CLG0052,74,7.87,7.68,9,Yes,4,4,5,No,6.69,6.13,5.69,MEDIUM,4.31,MEDIUM,1.87
CLG0027,130,8.44,7.98,8,No,9,10,2,Yes,6.92,7.4,7.25,HIGH,2.75,LOW,0.6
CLG0067,107,6.63,6.64,1,No,10,4,2,No,2.52,4.93,4.11,LOW,5.89,HIGH,3.07
CLG0080,92,8.07,7.78,10,No,0,6,4,No,7.22,5.42,5.93,HIGH,4.07,MEDIUM,2.58
CLG0004,119,5.26,5.28,1,No,3,4,5,No,0.7,5.93,3.99,LOW,6.01,HIGH,2.07
CLG0045,85,5.5,5.14,2,No,6,9,1,No,1.07,5.56,3.4,LOW,6.6,HIGH,2.44
CLG0057,106,8.51,8.44,2,No,0,2,1,No,5.3,1.24,3.73,LOW,6.27,HIGH,6.76
CLG0001,97,6.84,6.94,6,Yes,9,5,2,No,4.53,5.18,4.84,MEDIUM,5.16,MEDIUM,2.82
CLG0097,109,8.36,7.92,1,Yes,1,3,3,No,4.49,3.49,4.35,MEDIUM,5.65,MEDIUM,4.51
CLG0044,99,9.16,9.06,4,No,3,8,0,No,6.81,3.71,5.2,MEDIUM,4.8,MEDIUM,4.29
CLG0090,78,9.26,9.06,7,Yes,9,3,1,No,7.87,3.49,5.18,MEDIUM,4.82,MEDIUM,4.51
CLG0067,101,5.86,5.6,9,Yes,1,8,4,No,3.96,6.51,5.21,MEDIUM,4.79,MEDIUM,1.49
CLG0004,115,7.43,7.53,10,No,1,8,0,No,6.65,3.31,5.25,MEDIUM,4.75,MEDIUM,4.69
CLG0033,99,8.67,8.76,3,Yes,0,2,3,No,5.96,2.84,4.51,MEDIUM,5.49,MEDIUM,5.16
CLG0050,111,8.87,9.0,4,No,1,10,5,Yes,6.59,8.2,7.11,HIGH,2.89,LOW,0.0
CLG0005,84,8.92,8.58,5,Yes,2,7,4,No,6.65,6.27,5.9,MEDIUM,4.1,MEDIUM,1.73
CLG0093,99,6.14,5.93,5,No,3,6,2,No,3.04,4.42,3.98,LOW,6.02,HIGH,3.58
CLG0052,90,5.96,5.67,2,No,0,1,3,No,1.74,2.4,2.49,LOW,7.51,HIGH,5.6
CLG0011,111,7.95,7.99,5,No,0,2,2,No,5.63,2.04,4.26,MEDIUM,5.74,HIGH,5.96
CLG0003,100,8.71,8.67,10,No,6,4,4,No,8.25,5.73,6.6,HIGH,3.4,LOW,2.27
CLG0018,110,6.6,6.43,1,Yes,4,2,4,No,2.34,4.44,3.89,LOW,6.11,HIGH,3.56
CLG0030,116,5.52,5.81,7,Yes,6,5,2,No,3.24,4.58,4.41,MEDIUM,5.59,MEDIUM,3.42
CLG0081,110,8.58,8.17,5,Yes,9,3,0,No,6.14,2.69,4.71,MEDIUM,5.29,MEDIUM,5.31
CLG0046,104,6.5,6.97,6,No,8,6,1,No,4.35,4.62,4.66,MEDIUM,5.34,MEDIUM,3.38
CLG0094,85,5.83,5.45,9,No,0,9,1,No,3.83,4.36,4.03,LOW,5.97,HIGH,3.64
CLG0094,99,5.74,6.01,3,No,7,10,5,No,2.19,9.4,5.63,MEDIUM,4.37,MEDIUM,0.0
CLG0097,92,6.57,6.44,1,No,9,7,4,No,2.33,7.67,4.87,MEDIUM,5.13,MEDIUM,0.33
CLG0017,94,7.96,8.33,8,Yes,3,5,3,No,6.89,4.78,5.57,MEDIUM,4.43,MEDIUM,3.22
CLG0039,94,6.79,6.36,2,Yes,8,1,2,No,2.74,3.2,3.28,LOW,6.72,HIGH,4.8
CLG0080,85,5.1,4.97,2,No,1,1,3,No,0.71,2.6,2.08,LOW,7.92,HIGH,5.4
CLG0033,70,5.48,5.32,10,No,8,1,2,No,3.86,3.2,3.32,LOW,6.68,HIGH,4.8
CLG0066,89,6.45,6.94,4,Yes,7,3,3,No,3.63,4.69,4.15,LOW,5.85,HIGH,3.31
CLG0066,102,8.3,8.79,5,Yes,5,7,5,No,6.43,7.67,6.68,HIGH,3.32,LOW,0.33
CLG0088,79,5.49,5.18,1,No,4,9,2,No,0.76,5.96,3.34,LOW,6.66,HIGH,2.04
CLG0005,100,7.8,7.93,3,No,2,6,4,No,4.83,5.82,5.27,MEDIUM,4.73,MEDIUM,2.18
CLG0036,128,5.6,5.64,8,No,0,7,0,No,3.5,2.67,3.96,LOW,6.04,HIGH,5.33
CLG0003,115,6.06,5.71,6,No,5,3,1,No,3.16,2.69,3.6,LOW,6.4,HIGH,5.31
CLG0032,124,5.86,5.53,3,Yes,9,8,3,Yes,1.91,7.31,5.11,MEDIUM,4.89,MEDIUM,0.69
CLG0014,105,5.34,5.83,7,No,4,10,5,No,3.15,8.8,5.87,MEDIUM,4.13,MEDIUM,0.0
CLG0038,117,8.36,8.31,6,Yes,7,6,1,No,6.44,4.42,5.64,MEDIUM,4.36,MEDIUM,3.58
CLG0005,89,7.32,6.95,5,No,0,3,3,No,4.49,3.29,3.93,LOW,6.07,HIGH,4.71
CLG0046,90,9.16,8.87,8,No,9,2,4,No,8.0,5.44,6.21,HIGH,3.79,LOW,2.56
CLG0090,58,5.49,5.26,8,No,0,9,5,No,3.15,7.56,4.57,MEDIUM,5.43,MEDIUM,0.44
CLG0056,117,5.72,5.73,3,Yes,6,7,4,No,1.97,7.07,4.92,MEDIUM,5.08,MEDIUM,0.93
CLG0081,123,6.53,6.37,8,No,7,10,3,Yes,4.59,7.8,6.36,HIGH,3.64,LOW,0.2
CLG0060,91,8.83,8.79,10,Yes,9,10,3,Yes,8.41,8.2,7.5,HIGH,2.5,LOW,0.0
CLG0083,96,6.53,6.2,9,Yes,0,9,3,No,4.8,5.96,5.24,MEDIUM,4.76,MEDIUM,2.04
CLG0075,88,7.04,6.87,10,Yes,8,4,5,No,5.93,6.93,5.95,HIGH,4.05,LOW,1.07
CLG0007,105,6.51,6.08,3,No,6,4,4,No,2.7,5.73,4.47,MEDIUM,5.53,MEDIUM,2.27
CLG0013,116,5.4,5.79,8,Yes,6,6,0,No,3.49,3.42,4.05,LOW,5.95,HIGH,4.58
CLG0025,73,9.7,9.4,8,Yes,7,2,0,No,8.71,1.84,4.77,MEDIUM,5.23,MEDIUM,6.16
CLG0012,106,7.74,8.0,7,Yes,7,10,3,No,6.18,7.8,6.7,HIGH,3.3,LOW,0.2
CLG0031,95,8.94,8.79,8,Yes,0,1,2,No,7.81,1.6,4.69,MEDIUM,5.31,MEDIUM,6.4
CLG0092,101,8.29,8.26,1,No,3,10,0,No,4.7,4.6,4.75,MEDIUM,5.25,MEDIUM,3.4
CLG0015,106,7.57,7.36,3,No,10,3,4,No,4.27,6.09,5.26,MEDIUM,4.74,MEDIUM,1.91
CLG0097,97,5.45,5.65,6,No,8,5,4,No,2.75,6.58,4.69,MEDIUM,5.31,MEDIUM,1.42
CLG0011,98,8.21,8.55,7,No,2,2,5,No,6.86,4.84,5.65,MEDIUM,4.35,MEDIUM,3.16
CLG0032,96,5.78,5.57,7,No,5,9,4,No,3.22,7.76,5.33,MEDIUM,4.67,MEDIUM,0.24
CLG0080,114,7.07,6.81,6,No,3,1,1,No,4.57,1.4,3.64,LOW,6.36,HIGH,6.6
CLG0009,106,8.15,8.33,4,No,0,3,1,No,5.67,1.69,4.06,LOW,5.94,HIGH,6.31
CLG0052,103,8.91,8.61,5,Yes,2,5,4,No,6.66,5.38,5.88,MEDIUM,4.12,MEDIUM,2.62
CLG0041,80,8.43,8.57,9,No,2,1,0,No,7.68,0.4,3.9,LOW,6.1,HIGH,7.6
CLG0012,94,8.36,7.95,1,Yes,2,4,1,No,4.51,2.53,3.72,LOW,6.28,HIGH,5.47
CLG0083,113,5.75,5.87,2,No,10,10,2,Yes,1.76,7.6,4.97,MEDIUM,5.03,MEDIUM,0.4
CLG0078,100,6.73,6.74,5,No,5,1,3,No,3.98,3.4,3.96,LOW,6.04,HIGH,4.6
CLG0012,109,5.21,4.82,5,Yes,8,7,1,No,1.66,5.07,3.85,LOW,6.15,HIGH,2.93
CLG0064,126,8.6,8.75,7,Yes,6,1,1,No,7.24,2.0,5.15,MEDIUM,4.85,MEDIUM,6.0
CLG0088,115,9.76,9.71,8,No,6,3,0,No,8.98,2.09,5.69,MEDIUM,4.31,MEDIUM,5.91
CLG0073,101,6.32,6.04,10,No,0,4,0,No,4.89,1.33,3.51,LOW,6.49,HIGH,6.67
CLG0085,92,5.44,5.29,6,No,8,4,2,No,2.48,4.53,3.68,LOW,6.32,HIGH,3.47
CLG0012,61,7.38,7.37,6,Yes,3,7,5,No,5.17,7.27,5.32,MEDIUM,4.68,MEDIUM,0.73
CLG0037,97,9.28,8.87,5,Yes,7,5,2,No,7.07,4.78,5.7,MEDIUM,4.3,MEDIUM,3.22
CLG0005,95,7.76,8.22,5,No,0,8,5,Yes,5.69,7.11,6.04,HIGH,3.96,LOW,0.89
CLG0009,105,5.23,5.4,8,No,7,3,2,No,3.1,3.89,3.89,LOW,6.11,HIGH,4.11
CLG0057,97,9.87,9.47,5,No,8,8,2,Yes,7.87,6.31,6.63,HIGH,3.37,LOW,1.69
CLG0020,95,9.14,9.46,6,No,4,9,1,No,7.76,5.16,6.09,HIGH,3.91,LOW,2.84
CLG0070,73,5.66,5.48,3,No,6,9,2,No,1.75,6.36,3.79,LOW,6.21,HIGH,1.64
CLG0013,85,9.61,9.71,5,Yes,10,9,5,Yes,7.89,9.56,7.73,HIGH,2.27,LOW,0.0
CLG0080,107,7.25,7.03,9,Yes,9,1,2,No,5.84,3.4,4.82,MEDIUM,5.18,MEDIUM,4.6
CLG0084,125,6.86,7.09,3,No,1,9,4,Yes,3.65,6.96,5.68,MEDIUM,4.32,MEDIUM,1.04
CLG0005,98,7.31,7.53,8,No,0,8,1,No,5.91,3.91,4.9,MEDIUM,5.1,MEDIUM,4.09
CLG0043,104,9.17,9.22,7,Yes,10,2,1,No,7.93,3.24,5.54,MEDIUM,4.46,MEDIUM,4.76
CLG0081,114,8.3,8.04,4,Yes,5,3,1,No,5.54,2.69,4.54,MEDIUM,5.46,MEDIUM,5.31
CLG0054,87,5.3,5.05,5,No,8,7,3,No,1.89,6.67,4.21,LOW,5.79,HIGH,1.33
CLG0062,105,9.79,9.67,8,Yes,0,3,2,No,8.97,2.49,5.68,MEDIUM,4.32,MEDIUM,5.51
CLG0010,88,5.74,5.39,10,No,9,2,5,No,4.07,6.24,4.93,MEDIUM,5.07,MEDIUM,1.76
CLG0030,112,8.73,8.57,7,No,0,4,2,Yes,7.19,2.93,5.26,MEDIUM,4.74,MEDIUM,5.07
CLG0007,102,8.18,8.36,10,No,3,9,2,Yes,7.71,5.76,6.43,HIGH,3.57,LOW,2.24
CLG0057,104,5.94,6.27,10,No,9,2,0,No,4.83,2.24,3.9,LOW,6.1,HIGH,5.76
CLG0011,88,5.85,5.68,2,No,5,1,0,No,1.68,1.0,1.88,LOW,8.12,HIGH,7.0
CLG0072,110,9.35,9.08,8,Yes,8,10,0,No,8.27,5.6,6.73,HIGH,3.27,LOW,2.4
CLG0051,131,7.1,7.43,8,No,1,7,3,No,5.71,5.27,5.93,HIGH,4.07,MEDIUM,2.73
CLG0064,84,8.27,8.66,9,No,4,1,2,No,7.65,2.4,4.76,MEDIUM,5.24,MEDIUM,5.6
CLG0031,94,7.52,7.43,2,No,6,6,1,No,3.96,4.22,4.18,LOW,5.82,HIGH,3.78
CLG0001,103,8.64,8.17,4,No,3,5,1,No,5.84,3.18,4.67,MEDIUM,5.33,MEDIUM,4.82
CLG0089,111,7.4,7.59,2,No,5,8,4,Yes,4.01,7.31,5.72,MEDIUM,4.28,MEDIUM,0.69
CLG0058,91,6.44,6.72,4,Yes,5,3,5,No,3.46,5.89,4.59,MEDIUM,5.41,MEDIUM,2.11
CLG0092,57,6.82,6.34,3,No,3,3,0,No,3.08,1.49,2.1,LOW,7.9,HIGH,6.51
CLG0087,120,9.3,9.4,7,No,3,1,3,Yes,8.14,3.0,5.81,MEDIUM,4.19,MEDIUM,5.0
CLG0051,111,7.34,7.43,5,No,8,4,4,No,4.85,6.13,5.59,MEDIUM,4.41,MEDIUM,1.87
CLG0093,73,6.07,5.95,7,Yes,10,10,3,No,3.67,8.4,5.38,MEDIUM,4.62,MEDIUM,0.0
CLG0022,90,9.67,9.92,2,No,0,10,1,No,7.08,4.8,5.59,MEDIUM,4.41,MEDIUM,3.2
CLG0074,123,8.98,8.91,4,No,4,6,5,Yes,6.59,7.02,6.85,HIGH,3.15,LOW,0.98
CLG0046,121,5.28,5.46,6,Yes,10,5,2,No,2.51,5.38,4.52,MEDIUM,5.48,MEDIUM,2.62
CLG0017,114,9.99,10.0,5,Yes,8,7,1,No,8.33,5.07,6.61,HIGH,3.39,LOW,2.93
CLG0013,97,8.47,8.22,2,No,8,10,1,No,5.11,6.4,5.56,MEDIUM,4.44,MEDIUM,1.6
CLG0080,101,5.8,5.91,7,No,8,1,0,No,3.48,1.6,3.06,LOW,6.94,HIGH,6.4
CLG0076,98,6.19,6.43,2,No,1,3,1,No,2.43,1.89,2.7,LOW,7.3,HIGH,6.11
CLG0079,116,8.46,8.93,9,Yes,6,4,3,Yes,7.96,4.93,6.44,HIGH,3.56,LOW,3.07
CLG0039,86,8.9,8.78,7,No,9,6,2,No,7.45,5.62,6.0,HIGH,4.0,LOW,2.38
CLG0019,87,6.2,5.76,3,No,7,4,0,No,2.28,2.73,2.79,LOW,7.21,HIGH,5.27
CLG0085,115,6.28,6.77,6,Yes,0,7,4,No,4.07,5.87,5.24,MEDIUM,4.76,MEDIUM,2.13
CLG0061,99,6.54,6.66,5,No,1,10,1,No,3.81,5.0,4.52,MEDIUM,5.48,MEDIUM,3.0
CLG0096,120,7.99,8.44,9,No,0,10,0,Yes,7.32,4.0,5.88,MEDIUM,4.12,MEDIUM,4.0
CLG0005,89,5.86,5.46,3,No,8,3,0,No,1.86,2.49,2.56,LOW,7.44,HIGH,5.51
CLG0057,99,5.52,5.36,2,No,9,8,0,No,1.25,4.91,3.46,LOW,6.54,HIGH,3.09
CLG0047,86,8.39,8.02,2,Yes,10,7,3,No,4.92,7.07,5.57,MEDIUM,4.43,MEDIUM,0.93
CLG0079,100,8.9,9.24,4,Yes,4,3,4,No,6.78,4.89,5.68,MEDIUM,4.32,MEDIUM,3.11
CLG0032,77,7.5,7.88,1,Yes,3,9,0,No,3.95,4.16,3.86,LOW,6.14,HIGH,3.84
CLG0001,92,6.82,6.82,9,Yes,7,10,3,No,5.43,7.8,6.16,HIGH,3.84,LOW,0.2
CLG0079,78,7.16,6.85,3,No,2,5,4,No,3.65,5.38,4.24,LOW,5.76,HIGH,2.62
CLG0035,110,6.94,6.57,5,Yes,7,2,2,No,3.98,3.44,4.15,LOW,5.85,HIGH,4.56
CLG0084,110,9.8,9.89,2,No,2,9,3,Yes,7.13,6.36,6.58,HIGH,3.42,LOW,1.64
CLG0031,74,8.84,8.85,8,No,5,8,0,No,7.79,4.11,5.32,MEDIUM,4.68,MEDIUM,3.89
CLG0020,120,6.04,6.23,3,No,3,8,1,No,2.53,4.51,4.17,LOW,5.83,HIGH,3.49
CLG0047,137,6.92,6.73,5,No,7,1,3,No,4.09,3.8,4.8,MEDIUM,5.2,MEDIUM,4.2
CLG0024,100,7.72,7.62,7,No,6,4,2,No,5.89,4.13,5.02,MEDIUM,4.98,MEDIUM,3.87
CLG0040,90,8.06,7.58,2,Yes,4,7,4,No,4.4,6.67,5.27,MEDIUM,4.73,MEDIUM,1.33
CLG0074,142,7.34,7.45,3,No,2,6,2,No,4.2,4.22,5.09,MEDIUM,4.91,MEDIUM,3.78
CLG0078,80,9.05,8.97,8,No,4,9,4,Yes,8.01,7.56,6.89,HIGH,3.11,LOW,0.44
CLG0099,100,8.84,9.26,10,No,3,8,3,Yes,8.76,6.11,6.96,HIGH,3.04,LOW,1.89
CLG0064,102,7.53,7.67,8,Yes,7,9,4,No,6.14,8.16,6.76,HIGH,3.24,LOW,0.0
CLG0093,120,9.27,9.17,3,No,10,4,0,No,6.62,3.33,5.33,MEDIUM,4.67,MEDIUM,4.67
CLG0073,105,8.76,8.52,10,No,4,8,5,Yes,8.17,7.91,7.53,HIGH,2.47,LOW,0.09
CLG0010,92,8.89,9.3,7,No,9,6,3,No,7.82,6.42,6.57,HIGH,3.43,LOW,1.58
CLG0061,85,9.78,9.3,2,Yes,9,9,1,No,6.69,6.16,5.89,MEDIUM,4.11,MEDIUM,1.84
CLG0002,94,6.33,6.16,9,No,4,10,2,No,4.65,6.4,5.33,MEDIUM,4.67,MEDIUM,1.6
CLG0023,84,6.34,6.78,8,No,1,1,2,No,4.78,1.8,3.37,LOW,6.63,HIGH,6.2
CLG0082,100,9.44,9.59,9,No,8,6,3,No,9.03,6.22,7.11,HIGH,2.89,LOW,1.78
CLG0065,91,8.86,8.89,9,No,5,10,1,No,8.17,5.8,6.44,HIGH,3.56,LOW,2.2
CLG0058,77,9.63,9.33,7,No,10,10,3,Yes,8.29,8.4,7.29,HIGH,2.71,LOW,0.0
CLG0011,118,5.32,5.65,4,No,0,2,0,No,2.01,0.44,2.3,LOW,7.7,HIGH,7.56
CLG0036,92,8.14,7.84,5,No,2,3,5,No,5.63,5.29,5.24,MEDIUM,4.76,MEDIUM,2.71
CLG0097,80,5.72,5.47,7,No,3,9,5,No,3.11,8.16,5.17,MEDIUM,4.83,MEDIUM,0.0
CLG0063,97,7.52,7.21,5,No,9,5,0,No,4.8,3.58,4.31,MEDIUM,5.69,MEDIUM,4.42
CLG0036,101,5.78,5.44,10,Yes,9,5,1,No,4.13,4.38,4.43,MEDIUM,5.57,MEDIUM,3.62
CLG0057,73,5.64,6.09,8,No,1,1,3,No,3.85,2.6,3.13,LOW,6.87,HIGH,5.4
CLG0088,104,5.06,5.16,5,No,10,10,1,No,1.82,6.8,4.52,MEDIUM,5.48,MEDIUM,1.2
CLG0089,84,8.15,8.29,5,Yes,9,2,1,No,5.97,3.04,4.34,MEDIUM,5.66,MEDIUM,4.96
CLG0023,125,6.8,7.25,5,No,3,9,0,No,4.4,4.16,4.86,MEDIUM,5.14,MEDIUM,3.84
CLG0054,107,5.53,5.26,4,Yes,1,7,0,No,1.85,2.87,3.02,LOW,6.98,HIGH,5.13
CLG0063,94,6.61,6.12,7,Yes,5,4,1,No,4.12,3.13,3.81,LOW,6.19,HIGH,4.87
CLG0086,88,5.84,5.94,2,No,9,7,1,No,1.86,5.27,3.66,LOW,6.34,HIGH,2.73
CLG0033,98,9.71,9.72,10,No,8,10,4,Yes,9.62,8.8,8.34,HIGH,1.66,LOW,0.0
CLG0047,109,6.6,6.58,4,Yes,0,2,0,No,3.45,0.44,2.72,LOW,7.28,HIGH,7.56
CLG0019,99,6.67,6.23,3,Yes,4,5,1,No,2.91,3.38,3.51,LOW,6.49,HIGH,4.62
CLG0034,96,9.2,9.15,10,Yes,8,9,4,Yes,8.9,8.36,7.84,HIGH,2.16,LOW,0.0
CLG0023,100,8.24,8.03,8,Yes,10,2,5,No,6.83,6.44,6.32,HIGH,3.68,LOW,1.56
CLG0090,90,8.55,8.32,7,Yes,6,3,5,No,6.9,6.09,6.03,HIGH,3.97,LOW,1.91
CLG0086,94,8.18,7.9,3,No,10,5,5,No,5.04,7.78,6.03,HIGH,3.97,LOW,0.22
CLG0067,68,9.73,9.56,4,Yes,5,5,1,No,7.52,3.58,4.9,MEDIUM,5.1,MEDIUM,4.42
CLG0004,114,6.04,5.89,4,Yes,6,8,4,Yes,2.61,7.51,5.3,MEDIUM,4.7,MEDIUM,0.49
CLG0097,104,9.95,9.76,10,No,8,7,1,No,9.79,5.07,7.02,HIGH,2.98,LOW,2.93
CLG0075,88,9.15,9.63,7,No,2,3,5,No,8.22,5.29,6.21,HIGH,3.79,LOW,2.71
CLG0084,128,7.94,8.37,8,Yes,7,5,5,Yes,6.9,7.18,7.12,HIGH,2.88,LOW,0.82
CLG0096,101,8.31,8.38,4,Yes,0,8,5,Yes,5.8,7.11,6.19,HIGH,3.81,LOW,0.89
CLG0053,84,8.24,8.72,8,Yes,9,5,3,No,7.34,5.98,6.06,HIGH,3.94,LOW,2.02
CLG0015,112,5.29,5.78,1,No,5,2,0,No,1.08,1.44,2.22,LOW,7.78,HIGH,6.56
CLG0089,105,6.09,5.95,9,Yes,8,10,5,No,4.35,9.6,6.67,HIGH,3.33,LOW,0.0
CLG0017,105,9.81,9.76,7,No,0,2,1,No,8.71,1.24,5.07,MEDIUM,4.93,MEDIUM,6.76
CLG0022,93,7.67,8.13,4,Yes,4,1,2,No,5.23,2.4,3.94,LOW,6.06,HIGH,5.6
CLG0034,106,6.89,7.0,8,No,7,6,5,No,5.27,7.62,6.27,HIGH,3.73,LOW,0.38
CLG0033,96,8.81,8.52,10,No,9,1,2,No,8.2,3.4,5.58,MEDIUM,4.42,MEDIUM,4.6
CLG0025,108,7.62,7.81,2,No,10,8,4,No,4.3,8.31,6.19,HIGH,3.81,LOW,0.0
CLG0014,71,5.07,4.78,8,Yes,5,1,0,No,2.55,1.0,1.93,LOW,8.07,HIGH,7.0
CLG0050,93,8.68,8.52,10,Yes,5,8,4,Yes,8.12,7.31,7.06,HIGH,2.94,LOW,0.69
CLG0030,125,8.66,8.39,6,No,2,6,0,No,6.68,2.62,5.16,MEDIUM,4.84,MEDIUM,5.38
CLG0086,88,5.83,5.57,7,No,7,9,2,No,3.25,6.56,4.73,MEDIUM,5.27,MEDIUM,1.44
CLG0022,90,9.78,9.28,7,No,0,3,5,No,8.34,4.89,6.13,HIGH,3.87,LOW,3.11
CLG0083,93,6.12,6.5,2,No,3,7,2,No,2.44,4.87,3.81,LOW,6.19,HIGH,3.13
CLG0004,81,7.29,7.09,2,Yes,7,2,5,No,3.58,5.84,4.45,MEDIUM,5.55,MEDIUM,2.16
CLG0072,66,5.57,5.16,4,No,5,5,4,No,1.8,5.98,3.54,LOW,6.46,HIGH,2.02
CLG0045,96,8.02,7.61,6,Yes,10,1,5,No,5.73,6.0,5.63,MEDIUM,4.37,MEDIUM,2.0
CLG0074,102,6.88,6.94,4,No,8,5,5,No,3.89,7.38,5.55,MEDIUM,4.45,MEDIUM,0.62
CLG0028,99,6.77,7.26,6,No,0,8,3,No,4.72,5.51,5.08,MEDIUM,4.92,MEDIUM,2.49
CLG0054,97,9.13,8.78,5,Yes,1,10,2,Yes,6.92,5.8,6.05,HIGH,3.95,LOW,2.2
CLG0058,100,5.05,4.65,6,No,0,3,0,No,1.78,0.89,2.08,LOW,7.92,HIGH,7.11
CLG0085,115,8.99,8.93,9,No,10,6,1,No,8.28,5.02,6.58,HIGH,3.42,LOW,2.98
CLG0065,97,7.86,7.92,6,No,3,4,1,No,5.86,2.73,4.39,MEDIUM,5.61,MEDIUM,5.27
CLG0037,91,9.93,9.72,6,No,8,8,1,No,8.42,5.51,6.43,HIGH,3.57,LOW,2.49
CLG0054,95,7.95,7.75,8,No,3,2,2,No,6.45,2.64,4.56,MEDIUM,5.44,MEDIUM,5.36
CLG0098,108,5.28,5.2,5,No,8,5,3,No,1.98,5.78,4.25,LOW,5.75,HIGH,2.22
CLG0011,121,5.25,5.06,5,No,5,6,2,No,1.86,4.82,4.04,LOW,5.96,HIGH,3.18
CLG0016,90,9.42,9.84,10,No,4,8,0,No,9.53,3.91,6.21,HIGH,3.79,LOW,4.09
CLG0078,101,9.21,8.75,1,Yes,9,2,5,No,5.61,6.24,5.77,MEDIUM,4.23,MEDIUM,1.76
CLG0065,105,6.73,6.46,6,Yes,3,9,2,No,4.11,5.76,5.04,MEDIUM,4.96,MEDIUM,2.24
CLG0095,85,8.09,8.4,1,No,9,7,2,No,4.68,6.07,5.05,MEDIUM,4.95,MEDIUM,1.93
CLG0044,100,7.45,7.78,8,No,1,10,2,No,6.18,5.8,5.8,MEDIUM,4.2,MEDIUM,2.2
CLG0043,78,9.84,9.45,10,Yes,7,4,2,No,9.5,4.33,6.16,HIGH,3.84,LOW,3.67
CLG0076,73,9.75,10.0,9,No,2,10,0,No,9.52,4.4,6.12,HIGH,3.88,LOW,3.6
CLG0027,105,9.92,10.0,6,Yes,0,2,2,No,8.62,2.04,5.36,MEDIUM,4.64,MEDIUM,5.96
CLG0081,94,9.33,9.1,9,No,10,8,3,Yes,8.61,7.51,7.35,HIGH,2.65,LOW,0.49
CLG0080,103,9.55,9.51,2,No,9,2,4,No,6.7,5.44,5.92,MEDIUM,4.08,MEDIUM,2.56
CLG0001,99,6.09,5.89,9,Yes,6,2,0,No,4.31,1.64,3.37,LOW,6.63,HIGH,6.36
CLG0030,85,9.16,8.81,4,Yes,7,9,3,Yes,6.62,7.36,6.34,HIGH,3.66,LOW,0.64
CLG0064,99,8.54,8.33,3,No,6,4,1,No,5.57,3.33,4.55,MEDIUM,5.45,MEDIUM,4.67
CLG0037,81,9.81,9.89,1,No,3,7,1,No,6.81,4.07,5.04,MEDIUM,4.96,MEDIUM,3.93
CLG0023,120,7.86,8.19,1,No,7,10,0,Yes,4.39,5.4,5.27,MEDIUM,4.73,MEDIUM,2.6
CLG0027,79,5.43,5.29,8,No,9,4,4,No,3.14,6.33,4.44,MEDIUM,5.56,MEDIUM,1.67
CLG0080,97,7.99,7.84,2,No,3,5,2,No,4.54,3.98,4.37,MEDIUM,5.63,MEDIUM,4.02
CLG0088,84,8.43,8.4,1,Yes,4,1,0,No,4.89,0.8,3.01,LOW,6.99,HIGH,7.2
CLG0028,108,6.1,6.24,2,No,7,10,2,No,2.24,7.0,4.84,MEDIUM,5.16,MEDIUM,1.0
CLG0030,95,6.97,7.22,3,No,1,1,2,No,3.81,1.8,3.17,LOW,6.83,HIGH,6.2
CLG0090,92,7.99,7.82,4,Yes,9,10,1,No,5.2,6.6,5.59,MEDIUM,4.41,MEDIUM,1.4
CLG0088,112,6.87,6.96,9,Yes,7,10,4,Yes,5.56,8.6,6.88,HIGH,3.12,LOW,0.0
CLG0095,100,6.87,6.76,7,No,4,3,2,No,4.75,3.29,4.22,LOW,5.78,HIGH,4.71
CLG0089,107,5.67,5.89,5,No,4,6,0,No,2.72,3.02,3.42,LOW,6.58,HIGH,4.98
CLG0051,85,9.7,9.36,5,Yes,6,1,1,No,7.68,2.0,4.62,MEDIUM,5.38,MEDIUM,6.0
CLG0002,78,8.75,8.51,6,No,3,4,2,No,6.83,3.53,4.78,MEDIUM,5.22,MEDIUM,4.47
CLG0071,101,5.01,4.94,1,No,2,9,5,No,0.3,7.96,4.33,MEDIUM,5.67,MEDIUM,0.04
CLG0087,95,8.83,9.22,6,Yes,5,2,5,No,7.39,5.44,6.06,HIGH,3.94,LOW,2.56
CLG0093,109,8.7,8.77,6,Yes,5,2,5,No,6.99,5.44,6.13,HIGH,3.87,LOW,2.56
CLG0035,98,5.05,5.52,5,No,9,2,1,No,2.08,3.04,3.02,LOW,6.98,HIGH,4.96
CLG0094,103,6.85,6.45,10,No,5,10,1,No,5.51,5.8,5.58,MEDIUM,4.42,MEDIUM,2.2
CLG0029,75,8.03,7.99,9,Yes,6,10,0,No,7.01,5.2,5.47,MEDIUM,4.53,MEDIUM,2.8
CLG0031,128,7.26,7.18,10,Yes,3,7,0,No,6.29,3.27,5.31,MEDIUM,4.69,MEDIUM,4.73
CLG0042,97,8.89,8.99,10,Yes,2,7,3,No,8.59,5.47,6.58,HIGH,3.42,LOW,2.53
CLG0066,110,7.13,7.44,5,Yes,2,6,2,No,4.74,4.22,4.76,MEDIUM,5.24,MEDIUM,3.78
CLG0051,87,5.77,6.11,9,Yes,2,2,5,No,4.28,4.84,4.43,MEDIUM,5.57,MEDIUM,3.16
CLG0079,104,9.88,10.0,10,No,1,5,1,No,9.93,2.78,6.16,HIGH,3.84,LOW,5.22
CLG0016,80,6.21,6.35,7,No,5,6,3,No,4.05,5.62,4.53,MEDIUM,5.47,MEDIUM,2.38
CLG0008,106,8.59,9.04,3,No,0,6,0,No,6.12,2.22,4.45,MEDIUM,5.55,MEDIUM,5.78
CLG0061,94,5.72,5.6,9,Yes,5,10,4,No,3.88,8.2,5.74,MEDIUM,4.26,MEDIUM,0.0
CLG0092,100,6.65,6.98,10,No,7,6,1,No,5.78,4.42,5.09,MEDIUM,4.91,MEDIUM,3.58
CLG0040,110,7.21,7.63,7,Yes,5,6,4,No,5.59,6.42,5.98,HIGH,4.02,LOW,1.58
CLG0081,81,5.96,5.95,4,Yes,1,1,4,No,2.61,3.4,3.09,LOW,6.91,HIGH,4.6
CLG0057,89,7.25,7.48,9,No,6,4,5,No,6.17,6.53,5.9,MEDIUM,4.1,MEDIUM,1.47
CLG0078,106,5.79,5.67,6,Yes,2,1,1,No,2.97,1.2,2.78,LOW,7.22,HIGH,6.8
CLG0085,131,7.8,7.46,9,Yes,8,3,3,No,6.49,4.89,6.09,HIGH,3.91,LOW,3.11
CLG0050,97,8.32,8.41,4,No,10,2,3,No,5.83,4.84,5.23,MEDIUM,4.77,MEDIUM,3.16
CLG0027,108,5.31,5.01,10,No,7,2,1,No,3.53,2.64,3.61,LOW,6.39,HIGH,5.36
CLG0085,98,9.36,9.32,2,Yes,5,6,5,No,6.45,7.22,6.44,HIGH,3.56,LOW,0.78
CLG0032,129,5.93,6.3,9,Yes,0,1,2,No,4.51,1.6,3.95,LOW,6.05,HIGH,6.4
CLG0080,73,6.13,5.72,10,No,1,4,4,No,4.54,4.73,4.26,MEDIUM,5.74,HIGH,3.27
CLG0028,101,8.31,7.84,4,No,7,9,3,No,5.4,7.36,6.13,HIGH,3.87,LOW,0.64
CLG0029,75,7.34,7.45,2,No,5,3,1,No,3.87,2.69,3.21,LOW,6.79,HIGH,5.31
CLG0049,62,7.5,7.33,7,No,0,8,0,No,5.54,3.11,3.82,LOW,6.18,HIGH,4.89
CLG0036,104,5.64,5.56,7,Yes,8,9,0,No,3.13,5.16,4.39,MEDIUM,5.61,MEDIUM,2.84
CLG0024,102,9.03,8.94,5,Yes,7,2,1,No,6.97,2.64,4.89,MEDIUM,5.11,MEDIUM,5.36
CLG0085,95,8.09,7.68,5,Yes,1,5,2,No,5.49,3.58,4.55,MEDIUM,5.45,MEDIUM,4.42
CLG0039,98,5.68,5.18,8,Yes,9,6,0,No,3.21,4.02,3.87,LOW,6.13,HIGH,3.98
CLG0050,146,6.87,7.27,6,Yes,4,5,2,No,4.79,4.18,5.38,MEDIUM,4.62,MEDIUM,3.82
CLG0008,96,9.05,8.77,1,No,2,6,1,No,5.53,3.42,4.52,MEDIUM,5.48,MEDIUM,4.58
CLG0092,107,7.84,7.77,4,Yes,0,5,1,No,5.07,2.58,4.19,LOW,5.81,HIGH,5.42
CLG0082,90,5.54,6.01,1,Yes,6,7,4,No,1.4,7.07,4.23,LOW,5.77,HIGH,0.93
CLG0083,104,6.86,7.19,5,No,8,5,1,No,4.39,4.18,4.5,MEDIUM,5.5,MEDIUM,3.82
CLG0019,96,6.21,5.82,5,Yes,10,5,2,No,3.0,5.38,4.29,MEDIUM,5.71,MEDIUM,2.62
CLG0038,93,7.59,7.6,4,Yes,6,7,3,No,4.8,6.27,5.32,MEDIUM,4.68,MEDIUM,1.73
CLG0044,127,9.22,9.45,9,No,2,3,0,No,8.8,1.29,5.51,MEDIUM,4.49,MEDIUM,6.71
CLG0026,117,7.18,7.38,8,Yes,5,10,0,No,5.72,5.0,5.59,MEDIUM,4.41,MEDIUM,3.0
CLG0070,102,7.17,7.43,10,No,2,7,4,No,6.42,6.27,6.12,HIGH,3.88,LOW,1.73
CLG0049,65,9.53,9.49,3,No,3,8,3,Yes,7.01,6.11,5.66,MEDIUM,4.34,MEDIUM,1.89
CLG0026,94,7.88,7.56,5,No,0,5,2,No,5.27,3.38,4.37,MEDIUM,5.63,MEDIUM,4.62
CLG0092,140,7.83,7.79,6,No,1,4,2,No,5.75,3.13,5.24,MEDIUM,4.76,MEDIUM,4.87
CLG0032,96,6.31,6.46,5,Yes,0,2,4,No,3.53,3.64,3.81,LOW,6.19,HIGH,4.36
CLG0034,116,8.04,8.15,8,No,9,5,1,No,6.8,4.38,5.75,MEDIUM,4.25,MEDIUM,3.62
CLG0045,121,7.88,7.45,5,Yes,1,6,3,No,5.19,4.82,5.37,MEDIUM,4.63,MEDIUM,3.18
CLG0037,103,6.98,6.54,8,No,3,9,0,No,4.99,4.16,4.72,MEDIUM,5.28,MEDIUM,3.84
CLG0089,87,9.95,10.0,10,No,5,6,3,No,9.97,5.62,7.02,HIGH,2.98,LOW,2.38
CLG0086,63,9.41,9.06,10,No,10,6,4,No,8.96,7.42,6.93,HIGH,3.07,LOW,0.58
CLG0095,110,8.75,8.54,3,No,7,6,1,No,5.85,4.42,5.29,MEDIUM,4.71,MEDIUM,3.58
CLG0006,87,7.69,7.96,5,No,9,8,5,No,5.45,8.91,6.53,HIGH,3.47,LOW,0.0
CLG0031,102,7.31,7.22,4,Yes,8,6,3,No,4.35,6.22,5.27,MEDIUM,4.73,MEDIUM,1.78
CLG0065,81,5.92,5.6,6,No,9,1,1,No,3.0,2.6,2.92,LOW,7.08,HIGH,5.4
CLG0009,96,6.53,6.5,3,No,6,1,3,No,3.02,3.6,3.59,LOW,6.41,HIGH,4.4
CLG0076,100,8.87,8.94,10,No,3,10,0,No,8.55,4.6,6.27,HIGH,3.73,LOW,3.4
CLG0021,104,7.27,7.22,4,No,6,2,2,No,4.33,3.24,4.1,LOW,5.9,HIGH,4.76
CLG0067,83,9.41,9.83,4,No,0,1,3,No,7.52,2.4,4.69,MEDIUM,5.31,MEDIUM,5.6
CLG0042,117,5.74,5.52,5,No,10,3,2,No,2.5,4.49,4.1,LOW,5.9,HIGH,3.51
CLG0046,91,7.54,7.7,6,No,9,3,2,No,5.51,4.29,4.77,MEDIUM,5.23,MEDIUM,3.71
CLG0005,74,8.23,7.84,2,Yes,10,4,2,No,4.69,4.93,4.41,MEDIUM,5.59,MEDIUM,3.07
CLG0037,98,7.58,7.47,10,No,10,6,4,No,6.69,7.42,6.62,HIGH,3.38,LOW,0.58
CLG0077,100,9.45,9.69,8,Yes,5,10,0,No,8.78,5.0,6.52,HIGH,3.48,LOW,3.0
CLG0029,102,9.95,9.67,4,No,0,7,2,No,7.73,4.27,5.84,MEDIUM,4.16,MEDIUM,3.73
CLG0092,120,5.58,5.67,7,No,7,9,0,No,3.18,4.96,4.61,MEDIUM,5.39,MEDIUM,3.04
CLG0049,96,5.65,5.3,7,Yes,3,8,3,No,2.95,6.11,4.56,MEDIUM,5.44,MEDIUM,1.89
CLG0025,98,5.65,5.25,10,No,7,6,5,No,3.91,7.62,5.59,MEDIUM,4.41,MEDIUM,0.38
CLG0010,83,8.41,8.43,2,Yes,7,9,0,No,5.23,4.96,4.79,MEDIUM,5.21,MEDIUM,3.04
CLG0098,112,6.86,7.04,7,Yes,1,4,1,No,4.95,2.33,4.13,LOW,5.87,HIGH,5.67
CLG0015,102,8.67,8.28,1,No,5,6,2,No,4.94,4.82,4.95,MEDIUM,5.05,MEDIUM,3.18
CLG0030,93,7.03,7.45,2,No,9,7,3,No,3.68,6.87,5.11,MEDIUM,4.89,MEDIUM,1.13
CLG0077,71,8.14,7.87,5,No,3,2,2,No,5.66,2.64,3.83,LOW,6.17,HIGH,5.36
CLG0059,121,8.85,8.47,8,Yes,2,1,2,Yes,7.52,2.0,5.18,MEDIUM,4.82,MEDIUM,6.0
CLG0055,81,7.74,7.44,7,No,8,10,3,No,5.77,8.0,6.19,HIGH,3.81,LOW,0.0
CLG0055,91,7.7,7.37,3,Yes,9,8,3,No,4.36,7.31,5.52,MEDIUM,4.48,MEDIUM,0.69
CLG0069,105,5.44,5.03,10,Yes,8,8,4,No,3.62,7.91,5.71,MEDIUM,4.29,MEDIUM,0.09
CLG0014,82,7.05,7.35,9,No,1,7,4,No,5.96,6.07,5.51,MEDIUM,4.49,MEDIUM,1.93
CLG0074,77,7.73,7.73,5,Yes,4,9,4,No,5.31,7.56,5.76,MEDIUM,4.24,MEDIUM,0.44
CLG0098,68,7.31,7.2,3,Yes,9,9,0,No,4.0,5.36,4.21,LOW,5.79,HIGH,2.64
CLG0095,110,9.5,9.95,7,No,9,3,1,No,8.66,3.49,6.04,HIGH,3.96,LOW,4.51
CLG0056,91,9.53,9.4,4,No,6,1,1,No,7.28,2.0,4.57,MEDIUM,5.43,MEDIUM,6.0
CLG0061,143,9.11,8.78,1,No,8,9,0,Yes,5.57,5.16,6.04,HIGH,3.96,LOW,2.84
CLG0005,85,6.88,6.65,5,No,7,1,4,No,4.01,4.6,4.2,LOW,5.8,HIGH,3.4
CLG0006,86,8.59,8.33,8,Yes,9,1,1,No,7.26,2.6,4.71,MEDIUM,5.29,MEDIUM,5.4
CLG0013,91,6.98,6.98,4,No,3,5,4,No,3.98,5.58,4.68,MEDIUM,5.32,MEDIUM,2.42
CLG0040,103,6.16,5.95,7,No,2,2,3,No,3.73,3.24,3.85,LOW,6.15,HIGH,4.76
CLG0059,92,6.71,6.73,8,No,0,2,0,No,4.96,0.44,3.03,LOW,6.97,HIGH,7.56
CLG0013,109,5.35,5.52,9,No,0,5,4,No,3.59,4.98,4.59,MEDIUM,5.41,MEDIUM,3.02
CLG0046,85,6.66,6.94,9,No,8,7,0,No,5.42,4.27,4.63,MEDIUM,5.37,MEDIUM,3.73
CLG0097,79,7.3,7.51,5,No,3,6,2,No,4.89,4.42,4.37,MEDIUM,5.63,MEDIUM,3.58
CLG0023,73,9.78,9.49,6,No,7,5,0,No,8.16,3.18,5.08,MEDIUM,4.92,MEDIUM,4.82
CLG0021,66,6.57,6.19,7,No,3,3,0,No,4.15,1.49,2.68,LOW,7.32,HIGH,6.51
CLG0072,92,9.51,9.55,10,No,5,9,4,Yes,9.38,7.76,7.73,HIGH,2.27,LOW,0.24
CLG0034,95,6.14,5.84,2,Yes,3,8,0,No,1.97,3.71,3.2,LOW,6.8,HIGH,4.29
CLG0053,90,5.95,5.53,9,Yes,1,3,5,No,3.96,5.09,4.46,MEDIUM,5.54,MEDIUM,2.91
CLG0095,118,7.59,7.62,1,Yes,0,7,5,No,3.81,6.67,5.51,MEDIUM,4.49,MEDIUM,1.33
CLG0031,118,8.36,8.19,6,No,7,3,2,Yes,6.36,3.89,5.42,MEDIUM,4.58,MEDIUM,4.11
CLG0084,94,5.22,5.48,6,No,5,6,3,No,2.49,5.62,4.15,LOW,5.85,HIGH,2.38
CLG0099,73,6.11,5.92,7,No,0,3,5,No,3.68,4.89,3.98,LOW,6.02,HIGH,3.11
CLG0066,91,7.28,7.76,2,Yes,4,8,1,No,4.06,4.71,4.36,MEDIUM,5.64,MEDIUM,3.29
CLG0088,91,6.66,6.92,6,Yes,2,3,3,No,4.41,3.69,4.09,LOW,5.91,HIGH,4.31
CLG0075,90,8.56,8.12,6,Yes,1,5,0,No,6.43,1.98,4.2,LOW,5.8,HIGH,6.02
CLG0068,89,7.56,7.57,9,Yes,2,3,5,No,6.42,5.29,5.5,MEDIUM,4.5,MEDIUM,2.71
CLG0026,90,5.8,5.86,8,Yes,1,8,2,No,3.78,4.91,4.31,MEDIUM,5.69,MEDIUM,3.09
CLG0014,94,9.47,9.67,5,No,9,10,2,Yes,7.77,7.4,6.97,HIGH,3.03,LOW,0.6
CLG0084,90,6.46,6.46,7,No,1,9,3,No,4.28,6.16,5.01,MEDIUM,4.99,MEDIUM,1.84
CLG0100,103,8.66,8.64,7,Yes,0,6,4,No,7.2,5.42,6.11,HIGH,3.89,LOW,2.58
CLG0025,105,8.9,8.77,5,Yes,2,10,1,No,6.77,5.2,5.88,MEDIUM,4.12,MEDIUM,2.8
CLG0074,86,9.82,9.59,7,No,2,4,0,No,8.59,1.73,4.9,MEDIUM,5.1,MEDIUM,6.27
CLG0099,119,7.49,7.94,3,Yes,3,10,0,No,4.65,4.6,5.03,MEDIUM,4.97,MEDIUM,3.4
CLG0064,85,8.08,7.9,7,No,2,4,3,No,6.31,4.13,4.93,MEDIUM,5.07,MEDIUM,3.87
CLG0069,75,6.67,6.23,6,Yes,7,5,2,No,3.91,4.78,4.06,LOW,5.94,HIGH,3.22
CLG0068,105,8.39,8.06,6,No,3,3,2,No,6.28,3.09,4.84,MEDIUM,5.16,MEDIUM,4.91
CLG0020,87,7.32,7.68,2,No,9,4,4,No,4.03,6.33,4.93,MEDIUM,5.07,MEDIUM,1.67
CLG0087,104,7.19,7.28,2,No,0,4,1,No,3.65,2.13,3.39,LOW,6.61,HIGH,5.87
CLG0043,63,9.28,9.56,7,No,1,1,0,No,8.25,0.2,3.76,LOW,6.24,HIGH,7.8
CLG0005,120,5.25,5.56,1,Yes,6,1,3,No,0.9,3.6,3.15,LOW,6.85,HIGH,4.4
CLG0093,110,9.41,9.73,9,No,5,9,4,Yes,9.11,7.76,7.93,HIGH,2.07,LOW,0.24
CLG0093,77,9.26,9.31,3,Yes,8,3,1,No,6.72,3.29,4.62,MEDIUM,5.38,MEDIUM,4.71
CLG0032,77,7.53,7.21,6,No,5,5,0,No,5.14,2.78,3.78,LOW,6.22,HIGH,5.22
CLG0086,125,7.45,7.1,3,Yes,1,2,1,No,4.01,1.44,3.62,LOW,6.38,HIGH,6.56
CLG0045,88,6.81,6.88,9,No,7,1,0,No,5.47,1.4,3.55,LOW,6.45,HIGH,6.6
CLG0043,87,9.97,9.84,10,Yes,8,7,5,No,9.86,8.27,8.04,HIGH,1.96,LOW,0.0
CLG0071,66,5.56,5.62,7,Yes,4,10,1,No,3.13,5.6,3.92,LOW,6.08,HIGH,2.4
CLG0097,94,7.95,7.95,1,No,5,9,1,No,4.27,5.36,4.76,MEDIUM,5.24,MEDIUM,2.64
CLG0022,96,8.41,8.51,4,No,3,4,5,No,5.95,5.93,5.69,MEDIUM,4.31,MEDIUM,2.07
CLG0041,110,9.67,9.2,5,Yes,10,4,3,No,7.55,5.73,6.49,HIGH,3.51,LOW,2.27
CLG0058,79,8.9,8.43,7,Yes,1,3,4,No,7.19,4.29,5.24,MEDIUM,4.76,MEDIUM,3.71
CLG0059,77,8.22,8.44,7,Yes,4,3,2,No,6.79,3.29,4.65,MEDIUM,5.35,MEDIUM,4.71
CLG0028,106,5.58,5.27,5,Yes,4,2,1,No,2.22,2.04,2.82,LOW,7.18,HIGH,5.96
CLG0085,115,6.87,7.02,1,Yes,0,3,3,No,2.94,3.29,3.76,LOW,6.24,HIGH,4.71
CLG0055,76,5.69,5.74,5,No,4,5,5,No,2.63,6.58,4.28,MEDIUM,5.72,MEDIUM,1.42
CLG0051,116,9.41,9.89,5,Yes,0,8,2,Yes,7.9,4.71,6.33,HIGH,3.67,LOW,3.29
CLG0036,100,8.75,9.09,4,Yes,2,8,4,Yes,6.58,6.71,6.32,HIGH,3.68,LOW,1.29
CLG0068,116,8.79,8.7,6,No,10,5,4,Yes,6.99,6.98,6.87,HIGH,3.13,LOW,1.02
CLG0043,98,8.26,8.38,8,No,8,1,1,No,7.1,2.4,4.77,MEDIUM,5.23,MEDIUM,5.6
CLG0006,62,7.54,7.16,10,No,3,10,5,No,6.44,8.6,6.37,HIGH,3.63,LOW,0.0
CLG0083,97,5.75,5.64,5,Yes,8,2,5,No,2.59,6.04,4.41,MEDIUM,5.59,MEDIUM,1.96
CLG0051,115,6.65,6.88,8,No,5,8,0,No,5.04,4.11,4.92,MEDIUM,5.08,MEDIUM,3.89
CLG0053,86,5.68,5.8,5,No,0,10,4,No,2.66,7.2,4.71,MEDIUM,5.29,MEDIUM,0.8
CLG0011,94,8.62,8.6,3,No,2,9,3,Yes,5.81,6.36,5.77,MEDIUM,4.23,MEDIUM,1.64
CLG0050,97,5.8,5.48,8,No,2,7,1,No,3.5,3.87,3.91,LOW,6.09,HIGH,4.13
CLG0017,56,8.51,8.81,4,Yes,3,9,4,Yes,6.23,7.36,5.69,MEDIUM,4.31,MEDIUM,0.64
CLG0046,125,8.46,8.23,3,Yes,9,9,1,Yes,5.45,6.16,6.08,HIGH,3.92,LOW,1.84
CLG0082,86,7.3,7.62,3,No,3,6,0,No,4.3,2.82,3.62,LOW,6.38,HIGH,5.18
CLG0046,107,5.68,5.79,6,No,7,6,4,No,2.99,6.82,5.05,MEDIUM,4.95,MEDIUM,1.18
CLG0077,98,6.57,6.44,8,No,2,7,1,No,4.67,3.87,4.39,MEDIUM,5.61,MEDIUM,4.13
CLG0041,118,6.6,6.14,10,No,10,1,3,No,5.13,4.4,5.13,MEDIUM,4.87,MEDIUM,3.6
CLG0051,106,8.5,8.23,5,No,3,9,4,Yes,6.14,7.36,6.51,HIGH,3.49,LOW,0.64
CLG0011,96,5.57,5.96,1,No,2,1,0,No,1.38,0.4,1.65,LOW,8.35,HIGH,7.6
CLG0051,86,9.15,9.47,1,No,6,8,2,Yes,6.1,5.91,5.57,MEDIUM,4.43,MEDIUM,2.09
CLG0027,111,8.81,8.88,3,Yes,5,10,2,Yes,6.13,6.6,6.29,HIGH,3.71,LOW,1.4
CLG0049,71,5.93,5.9,6,No,0,2,1,No,3.22,1.24,2.3,LOW,7.7,HIGH,6.76
CLG0016,109,8.6,8.75,2,No,9,10,4,Yes,5.58,9.0,6.99,HIGH,3.01,LOW,0.0
CLG0050,83,8.34,8.31,1,Yes,0,7,4,No,4.77,5.87,4.97,MEDIUM,5.03,MEDIUM,2.13
CLG0015,118,8.74,8.88,7,Yes,5,5,0,No,7.42,2.78,5.4,MEDIUM,4.6,MEDIUM,5.22
CLG0054,102,5.94,5.75,2,No,2,8,2,No,1.78,5.11,3.8,LOW,6.2,HIGH,2.89
CLG0014,109,5.79,6.13,8,Yes,8,10,5,No,3.97,9.6,6.59,HIGH,3.41,LOW,0.0
CLG0079,101,6.18,6.38,2,No,1,7,3,No,2.39,5.27,4.09,LOW,5.91,HIGH,2.73
CLG0082,73,6.83,6.66,1,Yes,2,8,5,No,2.65,7.51,4.61,MEDIUM,5.39,MEDIUM,0.49
CLG0076,87,8.97,9.3,10,No,8,2,2,No,8.87,3.64,5.79,MEDIUM,4.21,MEDIUM,4.36
CLG0026,110,8.69,8.68,2,No,5,10,4,Yes,5.58,8.2,6.69,HIGH,3.31,LOW,0.0
CLG0040,102,9.63,9.3,2,No,0,9,3,Yes,6.6,5.96,6.07,HIGH,3.93,LOW,2.04
CLG0018,117,5.29,4.87,7,No,1,6,3,No,2.42,4.82,4.2,LOW,5.8,HIGH,3.18
CLG0026,106,5.06,5.26,1,No,6,6,0,No,0.56,3.42,2.7,LOW,7.3,HIGH,4.58
CLG0018,85,8.5,8.87,3,No,5,6,5,No,5.94,7.22,6.02,HIGH,3.98,LOW,0.78
CLG0001,88,6.4,6.71,5,No,0,1,1,No,3.76,0.8,2.63,LOW,7.37,HIGH,7.2
CLG0016,101,6.67,6.83,7,No,9,7,1,No,4.68,5.27,5.01,MEDIUM,4.99,MEDIUM,2.73
CLG0021,65,7.73,7.37,6,No,1,2,0,No,5.38,0.64,2.82,LOW,7.18,HIGH,7.36
CLG0072,125,5.51,5.1,8,No,5,2,4,No,3.05,4.64,4.51,MEDIUM,5.49,MEDIUM,3.36
CLG0066,106,8.21,8.06,1,Yes,5,5,4,No,4.5,5.98,5.3,MEDIUM,4.7,MEDIUM,2.02
CLG0083,118,6.63,6.98,7,No,5,6,1,No,4.77,4.02,4.83,MEDIUM,5.17,MEDIUM,3.98
CLG0093,76,8.16,8.62,9,No,8,1,2,No,7.55,3.2,4.9,MEDIUM,5.1,MEDIUM,4.8
CLG0094,118,9.17,8.91,7,No,1,1,0,No,7.7,0.2,4.48,MEDIUM,5.52,MEDIUM,7.8
CLG0003,133,5.86,6.12,6,Yes,9,1,2,No,3.34,3.4,4.27,MEDIUM,5.73,MEDIUM,4.6
CLG0008,80,9.65,9.72,9,Yes,9,7,0,No,9.25,4.47,6.15,HIGH,3.85,LOW,3.53
CLG0099,111,7.65,7.18,4,Yes,10,1,0,No,4.52,2.0,3.8,LOW,6.2,HIGH,6.0
CLG0018,100,9.61,9.65,10,No,8,9,1,No,9.51,5.96,7.2,HIGH,2.8,LOW,2.04
CLG0090,76,6.04,6.35,6,Yes,8,3,1,No,3.62,3.29,3.36,LOW,6.64,HIGH,4.71
CLG0025,107,8.02,7.8,6,No,9,10,5,No,5.87,9.8,7.4,HIGH,2.6,LOW,0.0
CLG0072,112,7.02,7.42,10,No,8,2,2,No,6.32,3.64,5.2,MEDIUM,4.8,MEDIUM,4.36
CLG0018,90,8.87,8.61,3,No,8,6,4,No,5.97,7.02,6.03,HIGH,3.97,LOW,0.98
CLG0024,117,8.03,7.61,7,No,2,2,3,No,6.07,3.24,5.02,MEDIUM,4.98,MEDIUM,4.76
CLG0069,74,7.47,7.13,1,No,9,5,5,No,3.38,7.58,4.95,MEDIUM,5.05,MEDIUM,0.42
CLG0026,77,9.56,9.9,8,Yes,8,5,2,No,9.0,4.98,6.21,HIGH,3.79,LOW,3.02
CLG0074,102,6.89,6.81,8,Yes,9,9,0,No,5.13,5.36,5.24,MEDIUM,4.76,MEDIUM,2.64
CLG0011,100,6.1,6.4,8,No,8,4,3,No,4.36,5.33,4.88,MEDIUM,5.12,MEDIUM,2.67
CLG0004,89,8.04,8.07,9,Yes,2,8,3,Yes,7.08,5.91,6.02,HIGH,3.98,LOW,2.09
CLG0010,112,8.12,8.1,4,Yes,3,7,5,Yes,5.48,7.27,6.31,HIGH,3.69,LOW,0.73
CLG0012,107,7.2,7.51,6,Yes,3,7,3,No,5.16,5.67,5.46,MEDIUM,4.54,MEDIUM,2.33
CLG0074,112,7.43,7.35,7,No,3,1,5,No,5.52,4.6,5.26,MEDIUM,4.74,MEDIUM,3.4
CLG0012,98,9.8,10.0,2,No,6,6,3,No,7.21,5.82,6.19,HIGH,3.81,LOW,2.18
CLG0005,109,8.66,8.26,6,Yes,4,6,5,No,6.59,7.02,6.61,HIGH,3.39,LOW,0.98
CLG0091,93,5.55,5.69,8,No,6,10,5,No,3.51,9.2,5.97,HIGH,4.03,LOW,0.0
CLG0097,130,6.06,6.26,4,No,5,8,3,Yes,2.9,6.51,5.29,MEDIUM,4.71,MEDIUM,1.49
CLG0096,87,9.88,10.0,5,No,6,6,2,No,8.26,5.02,6.1,HIGH,3.9,LOW,2.98
CLG0005,131,8.63,8.35,8,Yes,7,8,1,Yes,7.3,5.31,6.58,HIGH,3.42,LOW,2.69
CLG0023,100,9.58,9.68,3,Yes,5,6,1,No,7.18,4.02,5.49,MEDIUM,4.51,MEDIUM,3.98
CLG0056,79,6.52,6.45,6,Yes,8,8,0,No,3.98,4.71,4.13,LOW,5.87,HIGH,3.29
CLG0088,120,8.71,8.59,1,No,3,5,4,Yes,5.19,5.58,5.66,MEDIUM,4.34,MEDIUM,2.42
CLG0046,101,8.57,8.18,4,Yes,4,9,2,Yes,5.81,5.96,5.73,MEDIUM,4.27,MEDIUM,2.04
CLG0002,112,6.47,6.1,6,Yes,8,4,3,No,3.69,5.33,4.82,MEDIUM,5.18,MEDIUM,2.67
CLG0094,118,7.75,8.09,3,Yes,8,6,1,No,4.92,4.62,5.13,MEDIUM,4.87,MEDIUM,3.38
CLG0074,105,8.14,8.39,1,No,1,2,0,No,4.7,0.64,3.23,LOW,6.77,HIGH,7.36
CLG0001,91,7.41,7.29,6,No,1,3,3,No,5.13,3.49,4.3,MEDIUM,5.7,MEDIUM,4.51
CLG0013,114,9.14,9.47,3,No,8,4,0,No,6.76,2.93,5.12,MEDIUM,4.88,MEDIUM,5.07
CLG0060,100,9.16,8.74,8,No,5,3,3,No,7.91,4.29,5.89,MEDIUM,4.11,MEDIUM,3.71
CLG0036,110,9.25,9.37,7,No,7,7,5,No,8.09,8.07,7.64,HIGH,2.36,LOW,0.0
CLG0062,67,9.02,9.39,7,Yes,7,9,3,Yes,7.97,7.36,6.58,HIGH,3.42,LOW,0.64
CLG0063,106,7.44,7.78,8,No,7,6,1,No,6.17,4.42,5.35,MEDIUM,4.65,MEDIUM,3.58
CLG0067,90,6.91,6.78,7,No,4,3,1,No,4.79,2.49,3.75,LOW,6.25,HIGH,5.51
CLG0016,124,9.16,9.41,5,Yes,10,9,3,Yes,7.4,7.96,7.56,HIGH,2.44,LOW,0.04
CLG0078,109,7.45,7.38,10,No,10,1,1,No,6.55,2.8,4.9,MEDIUM,5.1,MEDIUM,5.2
CLG0040,103,6.23,6.57,8,Yes,9,5,2,No,4.56,5.18,4.96,MEDIUM,5.04,MEDIUM,2.82
CLG0048,107,7.54,7.57,8,No,3,10,3,No,6.08,7.0,6.36,HIGH,3.64,LOW,1.0
CLG0046,85,5.71,5.97,8,Yes,2,10,1,No,3.81,5.2,4.36,MEDIUM,5.64,MEDIUM,2.8
CLG0005,124,8.46,8.04,10,No,3,5,0,No,7.64,2.38,5.43,MEDIUM,4.57,MEDIUM,5.62
CLG0025,129,6.68,6.77,6,Yes,7,2,0,No,4.31,1.84,3.96,LOW,6.04,HIGH,6.16
CLG0038,105,6.3,6.35,2,Yes,3,5,0,No,2.44,2.38,3.02,LOW,6.98,HIGH,5.62
CLG0054,123,9.78,9.89,8,No,7,1,4,Yes,9.12,4.6,6.89,HIGH,3.11,LOW,3.4
CLG0093,91,8.88,9.08,10,No,7,1,0,No,8.65,1.4,4.87,MEDIUM,5.13,MEDIUM,6.6
CLG0081,88,8.94,9.36,1,No,0,4,5,No,5.9,5.33,5.3,MEDIUM,4.7,MEDIUM,2.67
CLG0073,100,8.12,8.41,9,No,10,6,0,No,7.37,4.22,5.64,MEDIUM,4.36,MEDIUM,3.78
CLG0082,106,9.2,8.92,9,No,10,2,2,No,8.4,4.04,6.09,HIGH,3.91,LOW,3.96
CLG0076,94,8.8,9.13,6,No,8,5,2,No,7.31,4.98,5.82,MEDIUM,4.18,MEDIUM,3.02
CLG0045,108,7.99,7.61,10,Yes,2,10,4,No,7.04,7.6,7.0,HIGH,3.0,LOW,0.4
CLG0039,104,9.81,9.93,6,Yes,5,5,2,No,8.5,4.38,6.23,HIGH,3.77,LOW,3.62
CLG0028,85,5.96,6.34,6,Yes,2,3,1,No,3.56,2.09,3.01,LOW,6.99,HIGH,5.91
CLG0053,107,9.72,9.32,4,No,8,4,0,No,7.33,2.93,5.23,MEDIUM,4.77,MEDIUM,5.07
CLG0054,112,7.01,7.36,1,No,0,2,1,No,3.27,1.24,3.02,LOW,6.98,HIGH,6.76
CLG0096,102,7.64,7.94,1,Yes,6,7,4,No,4.07,7.07,5.5,MEDIUM,4.5,MEDIUM,0.93
CLG0020,117,5.61,5.61,1,No,4,3,1,No,1.15,2.49,2.76,LOW,7.24,HIGH,5.51
CLG0055,81,7.7,7.51,5,Yes,2,6,5,No,5.13,6.62,5.38,MEDIUM,4.62,MEDIUM,1.38
CLG0065,107,8.06,7.97,7,No,10,9,1,No,6.35,6.36,6.21,HIGH,3.79,LOW,1.64
CLG0076,82,9.99,10.0,1,No,6,7,1,No,6.99,4.67,5.36,MEDIUM,4.64,MEDIUM,3.33
CLG0022,83,9.88,9.58,1,No,0,4,5,No,6.62,5.33,5.5,MEDIUM,4.5,MEDIUM,2.67
CLG0051,90,9.83,9.91,6,Yes,5,2,2,No,8.5,3.04,5.45,MEDIUM,4.55,MEDIUM,4.96
CLG0072,85,6.74,6.32,2,Yes,6,7,0,No,2.68,3.87,3.37,LOW,6.63,HIGH,4.13
CLG0012,91,9.96,9.68,2,No,8,8,5,Yes,7.07,8.71,7.17,HIGH,2.83,LOW,0.0
CLG0059,96,7.28,7.54,7,No,8,3,1,No,5.57,3.29,4.48,MEDIUM,5.52,MEDIUM,4.71
CLG0054,112,9.26,9.06,9,No,6,7,3,Yes,8.53,6.27,7.13,HIGH,2.87,LOW,1.73
CLG0053,95,6.08,6.57,8,No,4,1,0,No,4.47,0.8,3.03,LOW,6.97,HIGH,7.2
CLG0088,76,7.53,7.53,2,Yes,6,8,0,No,4.04,4.31,3.94,LOW,6.06,HIGH,3.69
CLG0038,117,9.83,9.85,7,No,10,7,3,Yes,8.79,7.07,7.64,HIGH,2.36,LOW,0.93
CLG0092,87,9.74,9.28,5,No,0,6,4,No,7.65,5.42,6.01,HIGH,3.99,LOW,2.58
CLG0012,99,8.42,8.88,10,No,6,3,4,No,8.23,5.29,6.4,HIGH,3.6,LOW,2.71
CLG0095,106,8.99,8.66,4,No,9,4,0,No,6.41,3.13,4.93,MEDIUM,5.07,MEDIUM,4.87
CLG0092,102,5.88,5.92,10,No,3,8,2,No,4.54,5.31,4.98,MEDIUM,5.02,MEDIUM,2.69
CLG0073,116,8.61,8.51,4,No,1,1,5,Yes,6.07,4.2,5.39,MEDIUM,4.61,MEDIUM,3.8
CLG0086,107,8.09,8.01,4,Yes,5,2,4,No,5.4,4.64,5.14,MEDIUM,4.86,MEDIUM,3.36
CLG0007,87,5.46,5.6,9,Yes,6,1,4,No,3.72,4.4,4.03,LOW,5.97,HIGH,3.6
CLG0068,132,5.57,5.73,7,Yes,10,4,1,No,3.21,4.13,4.49,MEDIUM,5.51,MEDIUM,3.87
CLG0029,102,5.54,5.19,7,No,6,6,1,No,2.8,4.22,3.85,LOW,6.15,HIGH,3.78
CLG0045,97,8.62,8.62,4,No,7,5,4,No,6.16,6.38,5.97,HIGH,4.03,LOW,1.62
CLG0010,114,5.71,6.0,9,No,4,6,2,No,4.16,4.62,4.76,MEDIUM,5.24,MEDIUM,3.38
CLG0085,103,7.34,7.28,8,Yes,9,2,1,No,5.74,3.04,4.57,MEDIUM,5.43,MEDIUM,4.96
CLG0004,105,6.78,6.45,10,Yes,10,5,5,No,5.47,7.78,6.39,HIGH,3.61,LOW,0.22
CLG0024,137,7.75,7.56,4,Yes,9,1,2,No,4.86,3.4,4.95,MEDIUM,5.05,MEDIUM,4.6
CLG0085,95,8.53,8.24,6,No,10,6,5,No,6.5,8.22,6.81,HIGH,3.19,LOW,0.0
CLG0082,95,8.42,8.05,4,No,7,4,5,No,5.62,6.73,5.86,MEDIUM,4.14,MEDIUM,1.27
CLG0026,101,7.58,7.46,1,No,3,10,0,No,3.69,4.6,4.34,MEDIUM,5.66,MEDIUM,3.4
CLG0056,116,7.32,7.36,5,No,9,9,5,Yes,4.79,9.36,6.94,HIGH,3.06,LOW,0.0
CLG0072,77,6.99,6.56,10,Yes,0,3,5,No,5.67,4.89,4.84,MEDIUM,5.16,MEDIUM,3.11
CLG0023,70,9.31,9.41,3,Yes,7,3,2,No,6.82,3.89,4.78,MEDIUM,5.22,MEDIUM,4.11
CLG0009,91,6.65,7.14,1,No,3,9,1,No,2.89,4.96,3.99,LOW,6.01,HIGH,3.04
CLG0025,75,6.3,6.76,2,No,4,4,5,No,2.74,6.13,4.13,LOW,5.87,HIGH,1.87
CLG0100,93,8.72,9.05,2,Yes,3,7,3,No,5.87,5.67,5.5,MEDIUM,4.5,MEDIUM,2.33
CLG0032,107,6.8,6.57,8,No,6,10,2,No,4.9,6.8,5.81,MEDIUM,4.19,MEDIUM,1.2
CLG0007,86,9.23,8.75,4,No,9,2,4,No,6.62,5.44,5.59,MEDIUM,4.41,MEDIUM,2.56
CLG0097,78,6.64,6.97,3,No,2,1,5,No,3.43,4.4,3.76,LOW,6.24,HIGH,3.6
CLG0059,101,8.51,8.07,4,No,1,10,5,Yes,5.69,8.2,6.58,HIGH,3.42,LOW,0.0
CLG0059,112,5.23,4.94,10,Yes,9,1,2,No,3.43,3.4,3.95,LOW,6.05,HIGH,4.6
CLG0095,74,6.93,6.97,1,Yes,1,6,2,No,2.94,4.02,3.35,LOW,6.65,HIGH,3.98
CLG0062,112,6.72,6.4,1,No,6,4,2,No,2.39,4.13,3.82,LOW,6.18,HIGH,3.87
CLG0017,112,9.08,9.41,5,Yes,10,2,4,Yes,7.35,5.64,6.41,HIGH,3.59,LOW,2.36
CLG0035,114,9.84,10.0,7,Yes,9,7,5,Yes,8.9,8.47,8.2,HIGH,1.8,LOW,0.0
CLG0086,118,7.3,7.56,9,No,5,8,2,Yes,6.26,5.71,6.1,HIGH,3.9,LOW,2.29
CLG0058,133,9.12,9.44,7,No,1,7,3,Yes,8.06,5.27,6.9,HIGH,3.1,LOW,2.73
CLG0029,94,8.5,8.22,5,No,7,10,4,Yes,6.13,8.6,6.8,HIGH,3.2,LOW,0.0
CLG0063,101,9.84,10.0,3,No,5,9,3,Yes,7.57,6.96,6.84,HIGH,3.16,LOW,1.04
CLG0056,93,9.06,8.92,8,Yes,7,1,3,No,7.98,3.8,5.6,MEDIUM,4.4,MEDIUM,4.2
CLG0063,100,5.39,5.56,7,No,5,10,3,No,2.98,7.4,5.16,MEDIUM,4.84,MEDIUM,0.6
CLG0082,122,8.57,8.19,4,No,3,6,4,Yes,5.82,6.02,6.12,HIGH,3.88,LOW,1.98
CLG0047,79,7.68,7.89,1,No,7,8,1,No,4.06,5.31,4.4,MEDIUM,5.6,MEDIUM,2.69
CLG0074,87,5.08,5.55,3,Yes,3,9,4,No,1.45,7.36,4.31,MEDIUM,5.69,MEDIUM,0.64
CLG0015,120,6.26,5.8,8,No,5,8,2,Yes,4.01,5.71,5.24,MEDIUM,4.76,MEDIUM,2.29
CLG0057,115,9.61,9.2,2,No,4,6,5,Yes,6.51,7.02,6.68,HIGH,3.32,LOW,0.98
CLG0007,94,9.63,9.25,9,No,3,8,3,Yes,8.9,6.11,6.91,HIGH,3.09,LOW,1.89
CLG0078,112,8.99,8.92,4,No,6,8,2,Yes,6.6,5.91,6.22,HIGH,3.78,LOW,2.09
CLG0090,105,9.91,9.7,7,No,7,1,3,No,8.73,3.8,6.11,HIGH,3.89,LOW,4.2
CLG0018,122,9.03,9.34,10,Yes,5,8,3,Yes,8.93,6.51,7.56,HIGH,2.44,LOW,1.49
CLG0082,101,5.05,5.02,7,Yes,0,7,5,No,2.38,6.67,4.65,MEDIUM,5.35,MEDIUM,1.33
CLG0006,115,6.44,6.42,8,Yes,6,8,2,Yes,4.57,5.91,5.46,MEDIUM,4.54,MEDIUM,2.09
CLG0043,139,5.15,5.37,7,No,3,8,0,No,2.7,3.71,4.24,LOW,5.76,HIGH,4.29
CLG0089,108,5.47,5.33,4,No,1,10,3,No,1.86,6.6,4.53,MEDIUM,5.47,MEDIUM,1.4
CLG0057,100,6.09,5.94,7,No,2,10,5,No,3.68,8.4,5.84,MEDIUM,4.16,MEDIUM,0.0
CLG0041,110,7.52,7.78,5,No,9,6,0,No,5.22,4.02,4.88,MEDIUM,5.12,MEDIUM,3.98
CLG0076,94,9.24,9.52,10,No,3,9,4,Yes,9.19,7.36,7.53,HIGH,2.47,LOW,0.64
CLG0051,135,9.31,8.82,7,No,6,3,3,Yes,7.72,4.49,6.49,HIGH,3.51,LOW,3.51
CLG0061,102,8.08,7.72,3,No,8,10,3,No,4.84,8.0,6.18,HIGH,3.82,LOW,0.0
CLG0094,95,9.64,9.35,10,No,9,1,5,No,9.31,5.8,6.97,HIGH,3.03,LOW,2.2
CLG0019,87,7.5,7.35,7,No,10,9,4,No,5.56,8.76,6.51,HIGH,3.49,LOW,0.0
CLG0021,116,9.45,9.24,7,Yes,5,10,2,Yes,8.11,6.6,7.17,HIGH,2.83,LOW,1.4
CLG0080,113,7.27,7.44,2,Yes,9,10,2,Yes,3.82,7.4,5.72,MEDIUM,4.28,MEDIUM,0.6
CLG0035,92,6.39,6.72,8,No,4,2,0,No,4.76,1.24,3.27,LOW,6.73,HIGH,6.76
CLG0071,108,9.58,9.27,7,No,8,3,4,No,8.21,5.69,6.71,HIGH,3.29,LOW,2.31
CLG0054,77,6.94,7.0,9,Yes,7,4,3,No,5.63,5.13,4.92,MEDIUM,5.08,MEDIUM,2.87
CLG0083,102,7.52,7.39,4,Yes,7,8,0,No,4.6,4.51,4.69,MEDIUM,5.31,MEDIUM,3.49
CLG0026,106,6.64,6.65,9,No,7,9,2,No,5.2,6.56,5.82,MEDIUM,4.18,MEDIUM,1.44
CLG0041,125,8.31,8.43,1,No,7,3,3,Yes,4.84,4.69,5.25,MEDIUM,4.75,MEDIUM,3.31
CLG0082,88,9.98,10.0,5,No,7,2,5,No,8.32,5.84,6.47,HIGH,3.53,LOW,2.16
CLG0012,80,5.13,4.82,10,No,9,2,2,No,3.28,3.84,3.51,LOW,6.49,HIGH,4.16
CLG0005,86,9.5,9.09,7,Yes,9,9,0,No,8.03,5.36,6.13,HIGH,3.87,LOW,2.64
CLG0026,79,5.02,5.15,4,No,6,8,2,No,1.46,5.91,3.6,LOW,6.4,HIGH,2.09
CLG0005,120,6.82,6.71,7,No,1,2,5,No,4.68,4.64,5.08,MEDIUM,4.92,MEDIUM,3.36
CLG0038,123,5.84,5.5,9,No,1,8,2,Yes,3.87,4.91,4.91,MEDIUM,5.09,MEDIUM,3.09
CLG0082,104,8.79,8.41,5,Yes,10,4,4,No,6.44,6.53,6.26,HIGH,3.74,LOW,1.47
CLG0006,118,5.25,5.31,5,No,4,6,5,No,2.05,7.02,4.94,MEDIUM,5.06,MEDIUM,0.98
CLG0001,102,7.77,7.57,2,No,5,5,0,No,4.22,2.78,3.84,LOW,6.16,HIGH,5.22
CLG0075,98,6.47,6.97,5,Yes,8,5,3,No,4.0,5.78,4.89,MEDIUM,5.11,MEDIUM,2.22
CLG0080,95,5.67,5.58,8,No,0,10,2,No,3.5,5.6,4.56,MEDIUM,5.44,MEDIUM,2.4
CLG0090,95,8.86,8.57,4,Yes,10,10,2,Yes,6.27,7.6,6.47,HIGH,3.53,LOW,0.4
CLG0039,76,6.09,6.22,2,Yes,6,7,1,No,2.22,4.67,3.35,LOW,6.65,HIGH,3.33
CLG0049,103,6.12,5.86,8,No,6,8,0,No,3.97,4.31,4.37,MEDIUM,5.63,MEDIUM,3.69
CLG0082,99,6.38,6.37,4,Yes,7,5,0,No,3.17,3.18,3.53,LOW,6.47,HIGH,4.82
CLG0100,111,7.93,7.91,5,Yes,0,4,3,No,5.56,3.73,4.91,MEDIUM,5.09,MEDIUM,4.27
CLG0037,101,8.3,8.25,7,No,9,2,4,No,6.7,5.44,5.88,MEDIUM,4.12,MEDIUM,2.56
CLG0090,97,5.09,5.39,5,No,3,5,3,No,2.01,4.78,3.67,LOW,6.33,HIGH,3.22
CLG0097,86,6.21,5.93,10,No,9,8,5,No,4.74,8.91,6.23,HIGH,3.77,LOW,0.0
CLG0001,101,7.15,7.55,4,Yes,4,1,0,No,4.5,0.8,3.15,LOW,6.85,HIGH,7.2
CLG0091,111,6.66,6.95,7,Yes,1,6,2,No,4.76,4.02,4.71,MEDIUM,5.29,MEDIUM,3.98
CLG0037,82,9.42,9.25,4,No,1,2,4,No,7.1,3.84,5.08,MEDIUM,4.92,MEDIUM,4.16
CLG0086,101,8.94,8.62,10,No,10,2,4,No,8.35,5.64,6.62,HIGH,3.38,LOW,2.36
CLG0019,103,8.13,7.91,4,No,3,8,0,No,5.35,3.71,4.68,MEDIUM,5.32,MEDIUM,4.29
CLG0077,89,6.69,6.52,2,No,2,6,0,No,2.8,2.62,2.99,LOW,7.01,HIGH,5.38
CLG0037,91,8.5,8.56,5,No,6,6,3,No,6.38,5.82,5.73,MEDIUM,4.27,MEDIUM,2.18
CLG0056,103,9.22,8.77,8,No,6,6,1,No,7.96,4.22,5.93,HIGH,4.07,MEDIUM,3.78
CLG0067,82,7.97,8.38,4,Yes,1,9,0,No,5.6,3.76,4.44,MEDIUM,5.56,MEDIUM,4.24
CLG0091,105,8.92,8.52,2,Yes,4,3,0,No,5.6,1.69,4.01,LOW,5.99,HIGH,6.31
CLG0035,86,8.75,8.53,9,No,4,2,3,No,7.84,3.64,5.36,MEDIUM,4.64,MEDIUM,4.36
CLG0073,115,7.86,7.47,6,No,7,5,0,No,5.53,3.18,4.75,MEDIUM,5.25,MEDIUM,4.82
CLG0084,135,6.56,6.32,3,Yes,7,6,5,No,2.91,7.62,5.82,MEDIUM,4.18,MEDIUM,0.38
CLG0026,87,8.73,9.07,10,No,10,9,3,Yes,8.56,7.96,7.39,HIGH,2.61,LOW,0.04
CLG0046,108,6.03,6.15,5,Yes,3,9,5,No,3.13,8.16,5.66,MEDIUM,4.34,MEDIUM,0.0
CLG0035,89,8.9,8.63,6,No,9,2,0,No,7.0,2.24,4.52,MEDIUM,5.48,MEDIUM,5.76
CLG0085,115,9.02,9.39,9,Yes,0,9,2,Yes,8.63,5.16,6.78,HIGH,3.22,LOW,2.84
CLG0096,81,9.11,9.41,5,No,5,9,0,No,7.37,4.56,5.46,MEDIUM,4.54,MEDIUM,3.44
CLG0022,107,7.36,7.61,9,Yes,6,6,1,No,6.33,4.22,5.35,MEDIUM,4.65,MEDIUM,3.78
CLG0014,86,5.96,6.31,1,No,0,1,4,No,1.87,3.2,2.8,LOW,7.2,HIGH,4.8
CLG0029,96,5.5,5.62,10,Yes,7,8,3,No,4.09,6.91,5.34,MEDIUM,4.66,MEDIUM,1.09
CLG0058,84,8.72,8.72,4,No,8,8,1,No,6.29,5.51,5.46,MEDIUM,4.54,MEDIUM,2.49
CLG0031,112,9.43,9.3,1,No,7,8,5,Yes,6.15,8.51,7.08,HIGH,2.92,LOW,0.0
CLG0017,87,8.25,7.97,2,Yes,2,8,3,No,4.8,5.91,5.07,MEDIUM,4.93,MEDIUM,2.09
CLG0023,108,5.72,5.78,2,Yes,8,10,1,No,1.67,6.4,4.37,MEDIUM,5.63,MEDIUM,1.6
CLG0059,94,9.67,10.0,10,No,9,5,3,No,9.8,5.98,7.22,HIGH,2.78,LOW,2.02
CLG0036,98,9.95,10.0,5,Yes,2,2,5,No,8.3,4.84,6.23,HIGH,3.77,LOW,3.16
CLG0089,102,7.17,7.59,1,No,3,9,3,No,3.54,6.56,5.08,MEDIUM,4.92,MEDIUM,1.44
CLG0082,88,7.97,7.83,10,Yes,5,6,5,No,7.19,7.22,6.57,HIGH,3.43,LOW,0.78
CLG0059,103,8.89,9.09,3,Yes,6,3,4,No,6.33,5.29,5.71,MEDIUM,4.29,MEDIUM,2.71
CLG0080,122,8.68,8.83,6,Yes,7,1,0,No,7.02,1.4,4.75,MEDIUM,5.25,MEDIUM,6.6
CLG0002,88,9.84,10.0,1,Yes,6,5,3,No,6.9,5.38,5.72,MEDIUM,4.28,MEDIUM,2.62
CLG0090,117,5.57,5.72,1,No,2,4,3,No,1.21,4.13,3.44,LOW,6.56,HIGH,3.87
CLG0098,122,7.9,7.62,3,No,10,4,5,No,4.66,7.33,6.18,HIGH,3.82,LOW,0.67
CLG0012,87,8.46,8.1,9,No,10,9,4,Yes,7.35,8.76,7.23,HIGH,2.77,LOW,0.0
CLG0010,78,9.45,9.93,2,No,1,6,5,No,6.95,6.42,5.98,HIGH,4.02,LOW,1.58
CLG0093,104,9.37,8.92,6,Yes,10,8,5,Yes,7.5,9.11,7.72,HIGH,2.28,LOW,0.0
CLG0002,91,9.89,9.86,3,No,1,9,3,Yes,7.5,6.16,6.32,HIGH,3.68,LOW,1.84
CLG0016,128,7.56,7.49,6,Yes,8,1,3,No,5.36,4.0,5.23,MEDIUM,4.77,MEDIUM,4.0
CLG0036,100,9.15,9.01,7,Yes,6,7,2,No,7.76,5.47,6.3,HIGH,3.7,LOW,2.53
CLG0049,87,7.14,7.42,7,Yes,6,7,2,No,5.39,5.47,5.13,MEDIUM,4.87,MEDIUM,2.53
CLG0036,82,7.11,7.36,2,No,4,9,5,No,3.67,8.36,5.51,MEDIUM,4.49,MEDIUM,0.0
CLG0086,116,6.27,6.68,3,No,5,1,2,No,3.0,2.6,3.52,LOW,6.48,HIGH,5.4
CLG0006,91,9.09,8.99,4,No,6,2,4,No,6.71,4.84,5.47,MEDIUM,4.53,MEDIUM,3.16
CLG0099,100,9.93,9.99,8,No,8,6,5,No,9.28,7.82,7.85,HIGH,2.15,LOW,0.18
CLG0095,114,6.28,6.67,5,No,9,4,3,No,3.66,5.53,4.92,MEDIUM,5.08,MEDIUM,2.47
CLG0002,92,5.28,5.77,1,No,3,5,4,No,1.07,5.58,3.53,LOW,6.47,HIGH,2.42
CLG0099,99,9.08,9.55,9,Yes,5,5,5,No,8.78,6.78,7.22,HIGH,2.78,LOW,1.22
CLG0028,99,8.1,8.32,1,Yes,0,10,4,Yes,4.63,7.2,5.72,MEDIUM,4.28,MEDIUM,0.8
CLG0007,110,9.8,9.44,2,No,6,1,1,No,6.8,2.0,4.7,MEDIUM,5.3,MEDIUM,6.0
CLG0021,108,6.26,5.78,7,No,3,1,0,No,3.66,0.6,2.85,LOW,7.15,HIGH,7.4
CLG0062,96,5.36,5.69,3,Yes,1,7,1,No,1.73,3.67,3.1,LOW,6.9,HIGH,4.33
CLG0089,100,7.46,7.8,6,Yes,3,3,5,No,5.53,5.49,5.42,MEDIUM,4.58,MEDIUM,2.51
CLG0082,94,5.43,5.68,8,Yes,7,5,5,No,3.43,7.18,5.15,MEDIUM,4.85,MEDIUM,0.82
CLG0041,77,6.31,6.09,5,No,1,8,5,No,3.25,7.31,4.84,MEDIUM,5.16,MEDIUM,0.69
CLG0043,103,5.63,5.77,1,No,0,5,0,No,1.28,1.78,2.28,LOW,7.72,HIGH,6.22
CLG0077,128,6.12,5.94,10,No,0,10,1,No,4.7,4.8,5.29,MEDIUM,4.71,MEDIUM,3.2
CLG0008,86,5.53,5.48,3,No,6,9,3,No,1.67,7.16,4.3,MEDIUM,5.7,MEDIUM,0.84
CLG0014,88,9.77,9.65,2,Yes,6,4,4,No,6.94,5.73,5.87,MEDIUM,4.13,MEDIUM,2.27
CLG0081,86,6.39,6.8,6,No,3,7,1,No,4.16,4.07,4.06,LOW,5.94,HIGH,3.93
CLG0077,110,7.22,6.95,5,No,4,8,1,No,4.43,4.71,4.84,MEDIUM,5.16,MEDIUM,3.29
CLG0011,106,9.49,9.57,7,Yes,4,7,3,No,8.38,5.87,6.81,HIGH,3.19,LOW,2.13
CLG0010,97,8.39,8.25,2,No,6,4,4,No,5.09,5.73,5.29,MEDIUM,4.71,MEDIUM,2.27
CLG0081,86,8.09,8.25,6,No,2,8,0,No,6.24,3.51,4.67,MEDIUM,5.33,MEDIUM,4.49
CLG0029,101,8.53,8.59,5,No,4,10,1,No,6.42,5.6,5.83,MEDIUM,4.17,MEDIUM,2.4
CLG0055,76,9.14,9.56,6,No,6,10,0,No,7.83,5.2,5.81,MEDIUM,4.19,MEDIUM,2.8
CLG0002,102,9.39,8.99,5,Yes,10,10,2,Yes,7.23,7.6,6.97,HIGH,3.03,LOW,0.4
CLG0001,113,8.21,7.93,7,No,6,4,5,No,6.41,6.53,6.41,HIGH,3.59,LOW,1.47
CLG0047,81,9.45,9.72,5,Yes,8,10,1,No,7.8,6.4,6.36,HIGH,3.64,LOW,1.6
CLG0091,77,7.68,7.55,7,Yes,3,8,4,No,5.81,6.91,5.7,MEDIUM,4.3,MEDIUM,1.09
CLG0083,123,6.39,6.06,1,No,0,8,2,Yes,1.95,4.71,4.07,LOW,5.93,HIGH,3.29
CLG0018,90,9.4,9.4,9,Yes,4,4,2,No,8.87,3.73,5.88,MEDIUM,4.12,MEDIUM,4.27
CLG0035,117,7.71,7.86,6,Yes,10,5,1,No,5.72,4.58,5.42,MEDIUM,4.58,MEDIUM,3.42
CLG0073,97,9.53,9.07,9,No,3,5,1,No,8.7,3.18,5.71,MEDIUM,4.29,MEDIUM,4.82
CLG0062,97,5.2,4.99,1,No,2,5,5,No,0.45,6.18,3.61,LOW,6.39,HIGH,1.82
CLG0025,106,6.99,7.3,2,Yes,6,3,2,No,3.55,3.69,4.01,LOW,5.99,HIGH,4.31
CLG0086,86,9.74,9.76,7,Yes,8,2,1,No,8.67,2.84,5.37,MEDIUM,4.63,MEDIUM,5.16
CLG0077,101,6.25,5.79,4,No,3,1,5,No,2.67,4.6,3.93,LOW,6.07,HIGH,3.4
CLG0029,94,9.71,9.49,10,No,5,3,4,No,9.45,5.09,6.72,HIGH,3.28,LOW,2.91
CLG0086,80,9.77,9.91,1,Yes,0,9,4,Yes,6.8,6.76,6.09,HIGH,3.91,LOW,1.24
CLG0080,105,9.41,9.11,5,Yes,0,7,2,No,7.33,4.27,5.73,MEDIUM,4.27,MEDIUM,3.73
CLG0019,96,7.82,8.15,4,Yes,2,2,1,No,5.34,1.64,3.73,LOW,6.27,HIGH,6.36
CLG0072,97,8.23,8.41,6,Yes,4,8,5,Yes,6.44,7.91,6.7,HIGH,3.3,LOW,0.09
CLG0076,81,9.35,9.32,7,Yes,5,8,5,Yes,8.11,8.11,7.17,HIGH,2.83,LOW,0.0
CLG0066,123,8.88,9.3,3,No,8,7,2,Yes,6.48,5.87,6.34,HIGH,3.66,LOW,2.13
CLG0069,113,8.15,8.04,6,No,8,6,4,Yes,6.12,7.02,6.49,HIGH,3.51,LOW,0.98
CLG0078,114,9.91,9.65,2,No,9,2,1,No,7.02,3.04,5.27,MEDIUM,4.73,MEDIUM,4.96
CLG0080,95,8.43,8.59,10,Yes,10,4,5,No,8.03,7.33,7.07,HIGH,2.93,LOW,0.67
CLG0098,74,9.88,9.95,4,Yes,0,1,4,No,7.89,3.2,5.0,MEDIUM,5.0,MEDIUM,4.8
CLG0010,129,5.29,5.13,10,Yes,1,7,5,No,3.61,6.87,5.7,MEDIUM,4.3,MEDIUM,1.13
CLG0072,99,5.69,5.53,9,Yes,10,2,1,No,3.81,3.24,3.81,LOW,6.19,HIGH,4.76
CLG0025,88,7.26,7.16,7,No,7,6,3,No,5.28,6.02,5.32,MEDIUM,4.68,MEDIUM,1.98
CLG0027,106,6.92,6.71,2,No,4,9,4,No,3.08,7.56,5.37,MEDIUM,4.63,MEDIUM,0.44
CLG0061,117,8.91,9.12,6,No,2,5,0,No,7.37,2.18,5.12,MEDIUM,4.88,MEDIUM,5.82
CLG0010,99,5.8,5.95,4,Yes,8,5,5,No,2.51,7.38,4.95,MEDIUM,5.05,MEDIUM,0.62
CLG0036,119,9.88,9.82,8,No,1,4,5,Yes,9.13,5.53,7.2,HIGH,2.8,LOW,2.47
CLG0039,116,6.58,6.48,8,No,6,1,1,No,4.7,2.0,3.96,LOW,6.04,HIGH,6.0
CLG0007,83,7.14,7.01,1,No,9,4,3,No,3.09,5.53,4.17,LOW,5.83,HIGH,2.47
CLG0015,89,6.37,6.15,8,No,7,9,3,No,4.33,7.36,5.5,MEDIUM,4.5,MEDIUM,0.64
CLG0013,114,7.9,7.49,10,Yes,1,9,3,Yes,6.9,6.16,6.47,HIGH,3.53,LOW,1.84
CLG0033,59,5.29,5.06,7,Yes,0,7,4,No,2.55,5.87,3.68,LOW,6.32,HIGH,2.13
CLG0099,97,5.75,5.57,1,No,2,4,5,No,1.2,5.73,3.73,LOW,6.27,HIGH,2.27
CLG0066,78,8.73,8.78,3,No,7,9,0,No,6.01,4.96,5.02,MEDIUM,4.98,MEDIUM,3.04
CLG0011,92,5.93,6.2,5,No,3,5,3,No,3.11,4.78,4.03,LOW,5.97,HIGH,3.22
CLG0021,95,6.18,6.08,3,No,4,10,5,No,2.5,8.8,5.44,MEDIUM,4.56,MEDIUM,0.0
CLG0078,94,8.96,9.4,3,No,8,2,2,No,6.6,3.64,5.0,MEDIUM,5.0,MEDIUM,4.36
CLG0089,91,5.47,5.8,1,Yes,3,9,1,No,1.21,4.96,3.32,LOW,6.68,HIGH,3.04
CLG0023,83,7.19,7.67,8,Yes,8,6,1,No,5.94,4.62,4.94,MEDIUM,5.06,MEDIUM,3.38
CLG0044,134,5.12,5.5,9,Yes,5,5,5,No,3.44,6.78,5.68,MEDIUM,4.32,MEDIUM,1.22
CLG0065,128,6.73,6.85,5,Yes,6,10,0,No,4.06,5.2,5.19,MEDIUM,4.81,MEDIUM,2.8
CLG0070,82,8.49,8.59,1,Yes,7,8,5,Yes,5.06,8.51,6.13,HIGH,3.87,LOW,0.0
CLG0036,123,5.45,5.08,1,Yes,9,2,0,No,0.67,2.24,2.57,LOW,7.43,HIGH,5.76
CLG0062,94,9.44,9.66,9,Yes,9,5,4,No,9.08,6.78,7.25,HIGH,2.75,LOW,1.22
CLG0082,101,9.55,9.65,1,Yes,0,10,2,Yes,6.47,5.6,5.85,MEDIUM,4.15,MEDIUM,2.4
CLG0042,99,5.52,5.53,9,Yes,8,8,1,No,3.7,5.51,4.68,MEDIUM,5.32,MEDIUM,2.49
CLG0069,90,9.95,10.0,3,No,1,4,3,No,7.64,3.93,5.47,MEDIUM,4.53,MEDIUM,4.07
CLG0052,114,6.49,6.43,3,No,2,10,3,Yes,2.95,6.8,5.15,MEDIUM,4.85,MEDIUM,1.2
CLG0001,101,5.42,5.44,4,No,0,10,1,No,1.91,4.8,3.71,LOW,6.29,HIGH,3.2
CLG0030,92,5.03,4.93,5,No,9,9,2,No,1.64,6.96,4.31,MEDIUM,5.69,MEDIUM,1.04
CLG0001,80,7.04,7.26,6,No,10,7,2,No,4.88,6.27,5.13,MEDIUM,4.87,MEDIUM,1.73
CLG0048,86,8.15,8.53,6,No,2,7,5,No,6.48,7.07,6.19,HIGH,3.81,LOW,0.93
CLG0014,75,6.66,7.0,10,No,1,9,3,No,5.8,6.16,5.37,MEDIUM,4.63,MEDIUM,1.84
CLG0092,100,9.18,9.47,9,No,6,3,1,No,8.79,2.89,5.68,MEDIUM,4.32,MEDIUM,5.11
CLG0031,82,8.58,8.09,1,No,6,3,3,No,4.75,4.49,4.4,MEDIUM,5.6,MEDIUM,3.51
CLG0062,96,6.75,7.16,9,No,5,10,4,No,5.64,8.2,6.48,HIGH,3.52,LOW,0.0
CLG0087,120,8.67,8.44,4,Yes,9,7,1,No,6.06,5.27,5.88,MEDIUM,4.12,MEDIUM,2.73
CLG0031,117,9.7,10.0,7,No,10,2,2,Yes,8.82,4.04,6.44,HIGH,3.56,LOW,3.96
CLG0007,99,5.47,5.17,6,No,3,10,3,No,2.41,7.0,4.76,MEDIUM,5.24,MEDIUM,1.0
CLG0020,98,6.53,6.47,9,No,2,3,0,No,5.0,1.29,3.49,LOW,6.51,HIGH,6.71
CLG0084,128,7.32,7.57,2,No,6,6,0,No,3.95,3.42,4.44,MEDIUM,5.56,MEDIUM,4.58
CLG0031,107,7.49,7.63,2,No,10,9,4,No,4.09,8.76,6.27,HIGH,3.73,LOW,0.0
CLG0009,95,7.71,7.63,7,No,2,4,0,No,5.89,1.73,3.97,LOW,6.03,HIGH,6.27
CLG0011,78,6.5,6.68,9,No,8,5,4,No,5.13,6.58,5.32,MEDIUM,4.68,MEDIUM,1.42
CLG0006,105,8.34,8.39,5,No,9,6,4,No,6.16,7.22,6.45,HIGH,3.55,LOW,0.78
CLG0043,112,8.23,8.01,7,No,7,3,2,Yes,6.48,3.89,5.36,MEDIUM,4.64,MEDIUM,4.11
CLG0059,90,7.89,8.04,8,Yes,6,2,2,No,6.63,3.24,4.79,MEDIUM,5.21,MEDIUM,4.76
CLG0018,104,5.57,5.27,8,Yes,1,4,1,No,3.21,2.33,3.29,LOW,6.71,HIGH,5.67
CLG0029,94,7.38,7.57,4,No,9,6,3,No,4.65,6.42,5.33,MEDIUM,4.67,MEDIUM,1.58
CLG0001,97,6.78,6.28,10,No,2,4,5,No,5.34,5.73,5.39,MEDIUM,4.61,MEDIUM,2.27
CLG0044,62,7.46,7.51,7,Yes,7,8,0,No,5.65,4.51,4.42,MEDIUM,5.58,MEDIUM,3.49
CLG0033,96,9.61,9.51,1,Yes,10,9,3,Yes,6.41,7.96,6.69,HIGH,3.31,LOW,0.04
CLG0067,114,7.4,7.2,4,No,2,8,3,Yes,4.39,5.91,5.37,MEDIUM,4.63,MEDIUM,2.09
CLG0038,90,5.07,5.09,5,No,7,7,4,No,1.78,7.27,4.46,MEDIUM,5.54,MEDIUM,0.73
CLG0041,100,7.19,7.34,10,Yes,3,2,0,No,6.37,1.04,3.97,LOW,6.03,HIGH,6.96
CLG0016,88,9.1,9.57,7,Yes,4,10,2,Yes,8.14,6.4,6.62,HIGH,3.38,LOW,1.6
CLG0038,105,8.9,9.23,6,No,8,2,3,No,7.44,4.44,5.85,MEDIUM,4.15,MEDIUM,3.56
CLG0063,96,7.57,7.79,4,No,10,10,4,No,4.92,9.2,6.59,HIGH,3.41,LOW,0.0
CLG0099,85,6.25,6.23,3,No,9,5,2,No,2.65,5.18,3.88,LOW,6.12,HIGH,2.82
CLG0090,119,7.33,7.22,6,Yes,1,4,4,No,5.03,4.73,5.24,MEDIUM,4.76,MEDIUM,3.27
CLG0100,113,7.82,7.35,10,No,2,4,3,No,6.75,4.13,5.58,MEDIUM,4.42,MEDIUM,3.87
CLG0085,90,10.0,9.86,5,No,0,4,5,No,8.23,5.33,6.26,HIGH,3.74,LOW,2.67
CLG0100,107,8.22,8.57,3,No,7,7,3,No,5.55,6.47,5.94,HIGH,4.06,LOW,1.53
CLG0083,108,8.47,8.35,4,No,10,3,3,No,5.87,5.29,5.61,MEDIUM,4.39,MEDIUM,2.71
CLG0009,109,7.46,7.42,2,Yes,8,2,0,No,3.92,2.04,3.55,LOW,6.45,HIGH,5.96
CLG0027,74,6.77,6.54,9,Yes,9,5,0,No,5.19,3.58,4.07,LOW,5.93,HIGH,4.42
CLG0031,115,9.06,8.83,7,No,8,6,5,Yes,7.58,7.82,7.42,HIGH,2.58,LOW,0.18
CLG0015,91,7.47,7.03,10,Yes,2,8,3,No,6.31,5.91,5.74,MEDIUM,4.26,MEDIUM,2.09
CLG0096,94,9.97,10.0,3,No,4,3,0,No,7.65,1.69,4.64,MEDIUM,5.36,MEDIUM,6.31
CLG0029,139,7.29,7.24,8,No,8,4,4,No,5.69,6.13,6.4,HIGH,3.6,LOW,1.87
CLG0009,104,5.34,5.45,8,Yes,4,4,4,No,3.2,5.33,4.49,MEDIUM,5.51,MEDIUM,2.67
CLG0044,94,8.41,8.46,1,Yes,0,4,5,No,4.92,5.33,5.01,MEDIUM,4.99,MEDIUM,2.67
CLG0081,66,5.23,5.53,5,Yes,0,7,5,No,2.2,6.67,3.98,LOW,6.02,HIGH,1.33
CLG0060,120,6.25,6.5,5,No,3,4,1,No,3.52,2.73,3.85,LOW,6.15,HIGH,5.27
CLG0078,79,6.77,7.04,3,Yes,6,7,2,No,3.56,5.47,4.26,MEDIUM,5.74,HIGH,2.53
CLG0039,84,8.7,8.7,2,No,6,4,4,No,5.6,5.73,5.27,MEDIUM,4.73,MEDIUM,2.27
CLG0051,95,7.47,7.32,1,Yes,6,10,2,No,3.52,6.8,5.05,MEDIUM,4.95,MEDIUM,1.2
CLG0040,121,5.14,5.57,4,No,5,8,1,No,1.84,4.91,4.07,LOW,5.93,HIGH,3.09
CLG0063,111,8.08,7.63,10,No,0,5,1,No,7.11,2.58,5.07,MEDIUM,4.93,MEDIUM,5.42
CLG0006,97,7.06,6.71,2,No,10,2,5,No,3.16,6.44,4.8,MEDIUM,5.2,MEDIUM,1.56
CLG0038,104,9.61,9.53,5,No,2,9,2,Yes,7.76,5.56,6.4,HIGH,3.6,LOW,2.44
CLG0032,90,7.5,7.61,10,Yes,4,9,3,No,6.75,6.76,6.24,HIGH,3.76,LOW,1.24
CLG0006,102,8.54,8.05,2,Yes,3,1,2,No,5.03,2.2,3.93,LOW,6.07,HIGH,5.8
CLG0054,101,6.09,6.31,1,Yes,10,5,4,No,1.95,6.98,4.6,MEDIUM,5.4,MEDIUM,1.02
CLG0051,114,8.8,8.86,10,No,3,3,2,Yes,8.44,3.09,5.86,MEDIUM,4.14,MEDIUM,4.91
CLG0096,114,8.6,8.58,10,Yes,8,10,4,Yes,8.12,8.8,8.02,HIGH,1.98,LOW,0.0
CLG0098,107,9.52,9.44,10,No,6,5,4,No,9.3,6.18,7.32,HIGH,2.68,LOW,1.82
CLG0034,94,5.17,5.19,10,No,8,4,4,No,3.58,6.13,4.79,MEDIUM,5.21,MEDIUM,1.87
CLG0076,111,7.24,6.9,9,No,6,3,3,No,5.74,4.49,5.29,MEDIUM,4.71,MEDIUM,3.51
CLG0009,98,8.4,8.01,2,No,9,7,3,No,4.92,6.87,5.69,MEDIUM,4.31,MEDIUM,1.13
CLG0005,83,5.48,5.27,10,Yes,2,5,1,No,3.82,2.98,3.44,LOW,6.56,HIGH,5.02
CLG0081,93,7.05,7.26,4,Yes,10,1,0,No,4.22,2.0,3.38,LOW,6.62,HIGH,6.0
CLG0092,101,9.71,9.8,3,No,9,4,3,No,7.35,5.53,6.18,HIGH,3.82,LOW,2.47
CLG0061,113,7.18,7.16,1,No,3,1,3,No,3.23,3.0,3.72,LOW,6.28,HIGH,5.0
CLG0086,97,9.93,10.0,8,No,8,3,1,No,9.29,3.29,5.99,HIGH,4.01,LOW,4.71
CLG0006,81,5.28,5.34,2,Yes,0,10,1,No,1.09,4.8,3.04,LOW,6.96,HIGH,3.2
CLG0050,100,8.59,8.4,8,No,2,10,1,No,7.32,5.2,6.02,HIGH,3.98,LOW,2.8
CLG0032,101,7.91,7.51,1,No,10,5,2,No,3.92,5.38,4.75,MEDIUM,5.25,MEDIUM,2.62
CLG0019,102,7.5,7.9,6,No,3,6,4,No,5.63,6.02,5.7,MEDIUM,4.3,MEDIUM,1.98
CLG0058,113,9.85,9.95,4,Yes,3,1,3,Yes,7.87,3.0,5.58,MEDIUM,4.42,MEDIUM,5.0
CLG0048,115,5.65,5.85,3,Yes,6,10,5,Yes,2.02,9.2,5.75,MEDIUM,4.25,MEDIUM,0.0
CLG0017,91,9.48,9.44,1,Yes,10,9,4,Yes,6.28,8.76,6.87,HIGH,3.13,LOW,0.0
CLG0060,90,8.46,8.72,10,No,3,9,0,No,8.14,4.16,5.76,MEDIUM,4.24,MEDIUM,3.84
CLG0010,84,6.29,6.37,1,Yes,9,1,1,No,2.11,2.6,2.62,LOW,7.38,HIGH,5.4
CLG0079,110,9.51,9.06,7,No,7,7,0,No,8.02,4.07,6.02,HIGH,3.98,LOW,3.93
CLG0050,121,7.15,7.54,6,Yes,0,4,5,No,5.15,5.33,5.56,MEDIUM,4.44,MEDIUM,2.67
CLG0038,95,9.07,8.88,3,No,2,2,5,No,6.29,4.84,5.38,MEDIUM,4.62,MEDIUM,3.16
CLG0085,96,6.94,6.58,2,No,9,2,5,No,2.99,6.24,4.63,MEDIUM,5.37,MEDIUM,1.76
CLG0040,122,9.25,8.84,10,Yes,9,6,1,No,8.7,4.82,6.79,HIGH,3.21,LOW,3.18
CLG0003,107,8.18,8.4,3,No,5,6,1,No,5.4,4.02,4.9,MEDIUM,5.1,MEDIUM,3.98
CLG0094,106,5.71,5.91,8,No,2,5,0,No,3.76,2.18,3.49,LOW,6.51,HIGH,5.82
CLG0079,82,8.25,8.45,7,Yes,7,3,4,No,6.81,5.49,5.62,MEDIUM,4.38,MEDIUM,2.51
CLG0091,110,5.96,6.38,7,No,6,7,5,No,3.92,7.87,5.9,MEDIUM,4.1,MEDIUM,0.13
CLG0031,86,7.06,6.91,5,No,4,3,0,No,4.31,1.69,3.17,LOW,6.83,HIGH,6.31
CLG0016,82,5.85,5.91,10,No,1,7,2,No,4.51,4.47,4.29,MEDIUM,5.71,MEDIUM,3.53
CLG0028,94,5.11,5.23,3,No,10,2,3,No,1.24,4.84,3.34,LOW,6.66,HIGH,3.16
CLG0045,91,6.06,6.54,1,No,4,8,3,No,2.1,6.31,4.22,LOW,5.78,HIGH,1.69
CLG0037,96,7.68,7.49,1,No,8,2,4,No,3.77,5.24,4.54,MEDIUM,5.46,MEDIUM,2.76
CLG0043,78,7.41,7.87,6,No,10,2,4,No,5.55,5.64,5.11,MEDIUM,4.89,MEDIUM,2.36
CLG0073,114,7.51,7.16,4,Yes,4,4,4,No,4.43,5.33,5.15,MEDIUM,4.85,MEDIUM,2.67
CLG0073,116,6.24,6.5,7,Yes,2,10,0,No,4.18,4.4,4.71,MEDIUM,5.29,MEDIUM,3.6
CLG0076,70,8.43,8.56,10,No,6,1,0,No,8.0,1.2,4.18,LOW,5.82,HIGH,6.8
CLG0028,114,8.52,8.84,10,No,2,7,5,Yes,8.26,7.07,7.38,HIGH,2.62,LOW,0.93
CLG0071,87,6.79,6.32,10,No,7,2,0,No,5.38,1.84,3.67,LOW,6.33,HIGH,6.16
CLG0060,112,9.41,8.99,1,No,4,6,1,No,5.91,3.82,5.11,MEDIUM,4.89,MEDIUM,4.18
CLG0064,98,8.22,7.79,6,Yes,4,5,0,No,5.98,2.58,4.4,MEDIUM,5.6,MEDIUM,5.42
CLG0060,100,8.57,8.66,7,No,5,5,3,No,7.16,5.18,5.94,HIGH,4.06,LOW,2.82
CLG0099,97,6.39,6.49,1,Yes,10,4,3,No,2.26,5.73,4.15,LOW,5.85,HIGH,2.27
CLG0036,118,5.0,5.41,2,No,9,5,1,No,0.97,4.38,3.46,LOW,6.54,HIGH,3.62
CLG0047,81,9.33,9.3,9,No,5,9,0,No,8.75,4.56,6.01,HIGH,3.99,LOW,3.44
CLG0038,109,9.11,8.68,9,No,2,1,0,No,8.17,0.4,4.59,MEDIUM,5.41,MEDIUM,7.6
CLG0065,116,5.62,5.33,6,No,10,2,2,No,2.62,4.04,3.95,LOW,6.05,HIGH,3.96
CLG0034,110,6.87,6.38,4,No,6,7,2,No,3.47,5.47,4.76,MEDIUM,5.24,MEDIUM,2.53
CLG0022,134,8.31,8.59,7,No,8,9,3,Yes,6.95,7.56,7.39,HIGH,2.61,LOW,0.44
CLG0094,92,8.26,8.58,5,No,0,3,4,No,6.25,4.09,5.01,MEDIUM,4.99,MEDIUM,3.91
CLG0084,114,9.3,9.8,3,No,3,6,5,Yes,7.1,6.82,6.82,HIGH,3.18,LOW,1.18
CLG0051,98,5.7,5.61,4,No,3,5,3,No,2.2,4.78,3.77,LOW,6.23,HIGH,3.22
CLG0072,118,7.15,6.67,2,No,0,9,5,Yes,3.18,7.56,5.61,MEDIUM,4.39,MEDIUM,0.44
CLG0045,99,5.49,5.22,6,Yes,5,9,1,No,2.46,5.36,4.12,LOW,5.88,HIGH,2.64
CLG0071,94,6.95,7.04,3,No,1,10,0,No,3.67,4.2,4.05,LOW,5.95,HIGH,3.8
CLG0002,119,5.08,5.54,7,Yes,10,3,2,No,2.78,4.49,4.24,LOW,5.76,HIGH,3.51
CLG0058,92,9.49,9.09,4,Yes,10,10,5,Yes,7.03,10.0,7.68,HIGH,2.32,LOW,0.0
CLG0094,78,7.64,7.26,8,No,5,10,3,No,5.91,7.4,5.96,HIGH,4.04,LOW,0.6
CLG0012,92,9.25,9.45,1,Yes,0,2,5,No,6.15,4.44,5.11,MEDIUM,4.89,MEDIUM,3.56
CLG0100,109,5.3,5.47,9,No,9,10,1,No,3.53,6.6,5.21,MEDIUM,4.79,MEDIUM,1.4
CLG0027,120,6.14,5.89,3,No,4,4,4,No,2.34,5.33,4.42,MEDIUM,5.58,MEDIUM,2.67
CLG0098,101,6.3,6.61,3,Yes,5,9,3,No,2.96,6.96,4.99,MEDIUM,5.01,MEDIUM,1.04
CLG0038,119,6.93,6.56,5,No,9,3,0,No,3.97,2.69,4.0,LOW,6.0,HIGH,5.31
CLG0075,79,9.01,9.44,10,No,1,4,0,No,9.0,1.53,4.86,MEDIUM,5.14,MEDIUM,6.47
CLG0020,93,6.93,6.63,1,No,0,2,2,No,2.69,2.04,2.78,LOW,7.22,HIGH,5.96
CLG0094,95,6.02,5.6,3,Yes,6,1,1,No,2.06,2.0,2.55,LOW,7.45,HIGH,6.0
CLG0043,98,5.32,5.16,4,No,0,5,4,No,1.65,4.98,3.63,LOW,6.37,HIGH,3.02
CLG0032,101,5.4,5.09,2,Yes,6,4,4,No,0.98,5.73,3.71,LOW,6.29,HIGH,2.27
CLG0090,110,8.8,8.83,6,No,0,10,1,No,7.09,4.8,5.94,HIGH,4.06,LOW,3.2
CLG0023,93,7.22,7.41,10,No,8,2,2,No,6.43,3.64,4.92,MEDIUM,5.08,MEDIUM,4.36
CLG0041,102,8.63,8.62,4,No,4,6,0,No,6.17,3.02,4.72,MEDIUM,5.28,MEDIUM,4.98
CLG0088,99,8.41,8.57,1,No,5,5,4,No,5.0,5.98,5.38,MEDIUM,4.62,MEDIUM,2.02
CLG0002,86,5.68,5.54,3,No,6,1,1,No,1.81,2.0,2.29,LOW,7.71,HIGH,6.0
CLG0062,98,5.71,5.24,7,No,0,10,2,No,2.94,5.6,4.39,MEDIUM,5.61,MEDIUM,2.4
CLG0096,97,8.78,9.25,3,No,7,3,0,No,6.39,2.29,4.43,MEDIUM,5.57,MEDIUM,5.71
CLG0053,97,8.61,8.93,6,No,5,4,1,No,7.05,3.13,5.03,MEDIUM,4.97,MEDIUM,4.87
CLG0057,100,6.89,6.46,6,Yes,1,1,2,No,4.21,1.8,3.41,LOW,6.59,HIGH,6.2
CLG0048,101,5.39,5.34,1,Yes,0,8,3,No,0.82,5.51,3.56,LOW,6.44,HIGH,2.49
CLG0079,93,5.06,5.2,2,Yes,0,3,1,No,0.85,1.69,1.9,LOW,8.1,HIGH,6.31
CLG0006,119,6.44,6.13,10,Yes,3,5,4,No,5.03,5.58,5.58,MEDIUM,4.42,MEDIUM,2.42
CLG0016,82,5.05,5.13,6,No,2,3,1,No,2.13,2.09,2.39,LOW,7.61,HIGH,5.91
CLG0011,89,6.15,6.18,2,Yes,10,4,0,No,2.22,3.33,3.04,LOW,6.96,HIGH,4.67
CLG0046,141,7.1,6.81,2,No,5,9,1,No,3.26,5.36,5.16,MEDIUM,4.84,MEDIUM,2.64
CLG0073,84,5.61,5.25,4,No,9,3,5,No,1.89,6.69,4.17,LOW,5.83,HIGH,1.31
CLG0057,79,5.52,5.78,8,No,7,8,0,No,3.55,4.51,3.87,LOW,6.13,HIGH,3.49
CLG0067,111,9.48,9.3,6,No,0,6,2,Yes,7.84,3.82,5.86,MEDIUM,4.14,MEDIUM,4.18
CLG0007,68,7.93,7.67,8,No,6,6,3,No,6.38,5.82,5.34,MEDIUM,4.66,MEDIUM,2.18
CLG0052,96,9.67,9.91,4,No,7,1,0,No,7.74,1.4,4.6,MEDIUM,5.4,MEDIUM,6.6
CLG0052,132,6.73,6.97,3,Yes,4,7,2,No,3.48,5.07,4.98,MEDIUM,5.02,MEDIUM,2.93
CLG0030,76,8.39,8.17,7,Yes,7,4,2,No,6.69,4.33,5.01,MEDIUM,4.99,MEDIUM,3.67
CLG0055,70,6.02,6.39,7,No,10,8,3,No,3.97,7.51,5.09,MEDIUM,4.91,MEDIUM,0.49
CLG0022,77,8.09,8.28,2,No,0,9,4,Yes,4.93,6.76,5.29,MEDIUM,4.71,MEDIUM,1.24
CLG0004,113,5.65,5.5,1,Yes,1,2,4,No,1.09,3.84,3.2,LOW,6.8,HIGH,4.16
CLG0005,116,5.01,4.94,8,No,3,8,1,No,2.63,4.51,4.14,LOW,5.86,HIGH,3.49
CLG0022,92,9.66,9.89,3,No,0,8,4,Yes,7.38,6.31,6.35,HIGH,3.65,LOW,1.69
CLG0068,110,7.77,7.48,6,No,4,6,1,No,5.48,3.82,4.9,MEDIUM,5.1,MEDIUM,4.18
CLG0004,120,9.63,9.6,7,No,9,3,0,No,8.48,2.69,5.82,MEDIUM,4.18,MEDIUM,5.31
CLG0043,126,6.67,6.82,8,No,2,5,5,No,5.01,6.18,5.93,HIGH,4.07,MEDIUM,1.82
CLG0015,96,6.64,6.68,6,No,1,2,5,No,4.22,4.64,4.48,MEDIUM,5.52,MEDIUM,3.36
CLG0016,65,7.0,7.11,7,No,6,6,5,No,5.08,7.42,5.41,MEDIUM,4.59,MEDIUM,0.58
CLG0084,87,8.53,8.58,5,No,1,3,5,No,6.41,5.09,5.39,MEDIUM,4.61,MEDIUM,2.91
CLG0058,93,7.83,7.53,3,No,8,4,0,No,4.56,2.93,3.88,LOW,6.12,HIGH,5.07
CLG0074,96,9.63,9.54,2,No,5,9,1,No,6.77,5.36,5.79,MEDIUM,4.21,MEDIUM,2.64
CLG0033,97,5.13,5.16,7,Yes,7,10,3,No,2.53,7.8,5.09,MEDIUM,4.91,MEDIUM,0.2
CLG0095,116,8.54,8.82,8,No,2,5,3,Yes,7.59,4.58,6.15,HIGH,3.85,LOW,3.42
CLG0065,119,6.65,6.8,8,No,4,7,4,No,4.98,6.67,5.99,HIGH,4.01,LOW,1.33
CLG0025,97,5.9,5.83,3,No,2,9,0,No,2.15,3.96,3.4,LOW,6.6,HIGH,4.04
CLG0037,116,7.55,8.02,2,Yes,8,5,0,No,4.41,3.38,4.4,MEDIUM,5.6,MEDIUM,4.62
CLG0018,105,7.53,7.14,9,No,0,1,5,No,6.09,4.0,5.13,MEDIUM,4.87,MEDIUM,4.0
CLG0025,100,5.69,5.4,6,Yes,7,2,3,No,2.71,4.24,3.79,LOW,6.21,HIGH,3.76
CLG0015,113,6.01,5.85,10,No,5,3,2,No,4.57,3.49,4.45,MEDIUM,5.55,MEDIUM,4.51
CLG0068,101,7.04,6.77,3,No,6,3,3,No,3.52,4.49,4.23,LOW,5.77,HIGH,3.51
CLG0035,130,7.04,7.17,5,No,1,1,3,No,4.48,2.6,4.35,MEDIUM,5.65,MEDIUM,5.4
CLG0068,78,6.59,6.13,1,No,6,9,2,No,2.12,6.36,4.02,LOW,5.98,HIGH,1.64
CLG0042,92,5.74,5.42,2,No,0,9,4,No,1.42,6.76,4.14,LOW,5.86,HIGH,1.24
CLG0084,98,5.02,4.81,9,Yes,6,4,1,No,2.88,3.33,3.46,LOW,6.54,HIGH,4.67
CLG0012,106,9.85,10.0,10,No,10,9,4,Yes,9.91,8.76,8.58,HIGH,1.42,LOW,0.0
CLG0094,119,9.72,10.0,10,No,7,4,5,Yes,9.83,6.73,7.96,HIGH,2.04,LOW,1.27
CLG0022,99,7.42,7.72,3,Yes,1,8,2,No,4.45,4.91,4.74,MEDIUM,5.26,MEDIUM,3.09
CLG0036,78,9.98,9.66,8,Yes,9,3,2,No,9.07,4.29,5.98,HIGH,4.02,LOW,3.71
CLG0034,112,8.37,8.44,10,No,1,9,4,Yes,7.88,6.96,7.15,HIGH,2.85,LOW,1.04
CLG0091,111,5.34,4.87,8,No,2,4,5,No,2.78,5.73,4.6,MEDIUM,5.4,MEDIUM,2.27
CLG0025,70,5.59,5.4,5,No,9,8,5,No,2.32,8.91,4.99,MEDIUM,5.01,MEDIUM,0.0
CLG0039,99,9.58,9.89,8,No,3,2,1,No,9.0,1.84,5.33,MEDIUM,4.67,MEDIUM,6.16
CLG0076,76,8.15,8.11,2,No,7,7,4,No,4.84,7.27,5.44,MEDIUM,4.56,MEDIUM,0.73
CLG0059,90,9.22,8.87,2,No,2,2,0,No,6.04,0.84,3.59,LOW,6.41,HIGH,7.16
CLG0076,86,9.49,9.43,4,No,5,5,0,No,7.28,2.78,4.79,MEDIUM,5.21,MEDIUM,5.22
CLG0085,112,7.24,6.94,8,No,9,9,0,No,5.44,5.36,5.53,MEDIUM,4.47,MEDIUM,2.64
CLG0050,101,5.24,5.13,2,No,10,5,1,No,0.91,4.58,3.22,LOW,6.78,HIGH,3.42
CLG0061,80,5.94,5.93,4,Yes,7,4,1,No,2.58,3.53,3.11,LOW,6.89,HIGH,4.47
CLG0033,113,5.33,5.18,8,Yes,9,8,2,Yes,3.0,6.51,5.03,MEDIUM,4.97,MEDIUM,1.49
CLG0007,78,5.94,6.38,3,No,1,5,3,No,2.58,4.38,3.42,LOW,6.58,HIGH,3.62
CLG0019,104,7.05,7.11,8,Yes,3,9,1,No,5.45,4.96,5.24,MEDIUM,4.76,MEDIUM,3.04
CLG0088,87,5.59,5.93,2,No,0,9,5,No,1.71,7.56,4.49,MEDIUM,5.51,MEDIUM,0.44
CLG0020,94,5.83,6.09,1,Yes,10,2,3,No,1.63,4.84,3.49,LOW,6.51,HIGH,3.16
CLG0005,107,7.23,7.39,6,Yes,7,10,0,No,5.09,5.4,5.32,MEDIUM,4.68,MEDIUM,2.6
CLG0094,107,6.7,6.7,8,Yes,0,9,0,No,4.94,3.56,4.53,MEDIUM,5.47,MEDIUM,4.44
CLG0007,120,7.34,6.84,9,Yes,8,8,3,Yes,5.76,7.11,6.5,HIGH,3.5,LOW,0.89
CLG0020,98,7.15,7.26,10,Yes,5,10,4,No,6.28,8.2,6.77,HIGH,3.23,LOW,0.0
CLG0047,104,8.22,8.08,8,Yes,2,7,2,No,6.86,4.67,5.69,MEDIUM,4.31,MEDIUM,3.33
CLG0081,93,9.69,9.31,2,No,7,6,2,No,6.64,5.22,5.63,MEDIUM,4.37,MEDIUM,2.78
CLG0098,102,5.54,5.48,1,Yes,1,4,4,No,1.01,4.73,3.34,LOW,6.66,HIGH,3.27
CLG0007,106,5.5,5.74,7,Yes,10,7,5,No,3.18,8.67,5.85,MEDIUM,4.15,MEDIUM,0.0
CLG0075,98,9.26,9.72,7,No,2,6,3,No,8.35,5.02,6.32,HIGH,3.68,LOW,2.98
CLG0082,72,7.53,7.4,3,No,6,8,3,No,4.28,6.71,4.93,MEDIUM,5.07,MEDIUM,1.29
CLG0094,104,8.83,8.87,6,Yes,10,1,1,No,7.14,2.8,5.05,MEDIUM,4.95,MEDIUM,5.2
CLG0084,105,6.08,6.43,7,Yes,0,3,0,No,4.03,0.89,3.06,LOW,6.94,HIGH,7.11
CLG0064,89,9.14,8.97,9,Yes,8,8,0,No,8.4,4.71,6.06,HIGH,3.94,LOW,3.29
CLG0066,80,9.62,9.26,1,No,9,2,3,No,6.23,4.64,5.01,MEDIUM,4.99,MEDIUM,3.36
CLG0007,122,8.18,7.96,3,No,8,9,1,No,5.08,5.96,5.8,MEDIUM,4.2,MEDIUM,2.04
CLG0091,107,5.53,5.93,5,Yes,2,2,5,No,2.67,4.84,4.13,LOW,5.87,HIGH,3.16
CLG0015,96,9.48,9.14,3,No,3,9,5,Yes,6.72,8.16,6.89,HIGH,3.11,LOW,0.0
CLG0083,82,8.96,8.79,8,No,1,7,1,No,7.82,3.67,5.3,MEDIUM,4.7,MEDIUM,4.33
CLG0034,87,8.75,8.71,10,Yes,9,4,2,No,8.3,4.73,6.0,HIGH,4.0,LOW,3.27
CLG0066,119,5.18,5.53,6,Yes,10,3,2,No,2.5,4.49,4.13,LOW,5.87,HIGH,3.51
CLG0028,102,8.99,9.43,2,Yes,0,8,3,Yes,6.31,5.51,5.77,MEDIUM,4.23,MEDIUM,2.49
CLG0066,91,5.69,5.62,1,No,10,10,5,No,1.21,10.0,5.34,MEDIUM,4.66,MEDIUM,0.0
CLG0011,107,6.11,6.54,10,No,7,7,2,No,5.13,5.67,5.45,MEDIUM,4.55,MEDIUM,2.33
CLG0070,87,7.89,7.55,5,Yes,10,10,1,No,5.27,6.8,5.61,MEDIUM,4.39,MEDIUM,1.2
CLG0056,122,6.32,5.98,9,No,8,1,4,No,4.51,4.8,5.11,MEDIUM,4.89,MEDIUM,3.2
CLG0023,120,8.31,8.76,10,No,8,7,0,No,8.08,4.27,6.29,HIGH,3.71,LOW,3.73
CLG0010,93,8.04,8.05,9,No,9,1,3,No,7.06,4.2,5.39,MEDIUM,4.61,MEDIUM,3.8
CLG0097,90,5.54,5.23,1,No,4,1,5,No,0.83,4.8,3.09,LOW,6.91,HIGH,3.2
CLG0083,60,8.28,8.27,3,No,4,5,2,No,5.37,4.18,4.14,LOW,5.86,HIGH,3.82
CLG0075,77,9.62,9.9,6,Yes,4,10,2,Yes,8.37,6.4,6.52,HIGH,3.48,LOW,1.6
CLG0024,79,5.81,6.14,5,No,5,5,1,No,2.99,3.58,3.28,LOW,6.72,HIGH,4.42
CLG0060,102,7.99,8.35,4,No,3,2,2,No,5.59,2.64,4.33,MEDIUM,5.67,MEDIUM,5.36
CLG0092,95,6.71,6.78,2,Yes,1,7,0,No,3.0,2.87,3.27,LOW,6.73,HIGH,5.13
CLG0012,79,7.3,7.67,4,Yes,1,3,3,No,4.67,3.49,3.91,LOW,6.09,HIGH,4.51
CLG0092,95,6.44,6.45,5,Yes,5,1,2,No,3.6,2.6,3.4,LOW,6.6,HIGH,5.4
CLG0005,107,6.77,6.88,2,No,4,7,4,No,3.11,6.67,5.04,MEDIUM,4.96,MEDIUM,1.33
CLG0019,107,5.14,5.4,10,No,3,4,4,No,3.71,5.13,4.66,MEDIUM,5.34,MEDIUM,2.87
CLG0072,71,9.91,9.84,1,No,5,4,5,No,6.83,6.33,5.78,MEDIUM,4.22,MEDIUM,1.67
CLG0037,98,8.12,7.69,7,No,3,3,5,No,6.18,5.49,5.64,MEDIUM,4.36,MEDIUM,2.51
CLG0028,79,7.5,7.35,7,Yes,9,7,3,No,5.56,6.87,5.62,MEDIUM,4.38,MEDIUM,1.13
CLG0044,113,6.92,7.04,8,No,3,2,4,No,5.32,4.24,5.05,MEDIUM,4.95,MEDIUM,3.76
CLG0043,111,7.7,7.39,10,No,5,7,4,No,6.71,6.87,6.63,HIGH,3.37,LOW,1.13
CLG0069,86,6.9,6.55,6,No,10,10,5,No,4.28,10.0,6.48,HIGH,3.52,LOW,0.0
CLG0072,88,6.8,6.59,1,No,3,8,2,No,2.58,5.31,3.96,LOW,6.04,HIGH,2.69
CLG0088,93,7.32,6.85,8,No,8,2,4,No,5.42,5.24,5.15,MEDIUM,4.85,MEDIUM,2.76
CLG0020,66,6.38,6.62,2,No,6,8,2,No,2.69,5.91,3.87,LOW,6.13,HIGH,2.09
CLG0099,105,5.9,5.66,3,No,5,7,0,No,2.03,3.67,3.37,LOW,6.63,HIGH,4.33
CLG0006,95,7.78,7.4,8,No,2,10,1,No,6.1,5.2,5.44,MEDIUM,4.56,MEDIUM,2.8
CLG0069,114,9.21,9.41,4,Yes,10,8,5,Yes,7.09,9.11,7.73,HIGH,2.27,LOW,0.0
CLG0074,83,5.76,6.1,5,No,3,3,2,No,2.93,3.09,3.13,LOW,6.87,HIGH,4.91
CLG0092,90,5.16,4.68,9,Yes,1,6,1,No,2.87,3.22,3.27,LOW,6.73,HIGH,4.78
CLG0012,77,6.23,5.96,7,Yes,2,1,2,No,3.78,2.0,2.93,LOW,7.07,HIGH,6.0
CLG0015,84,9.9,10.0,10,Yes,10,7,2,No,9.94,6.27,7.22,HIGH,2.78,LOW,1.73
CLG0067,82,9.14,9.03,7,No,0,4,3,No,7.77,3.73,5.3,MEDIUM,4.7,MEDIUM,4.27
CLG0087,114,7.98,8.42,1,No,8,4,2,Yes,4.63,4.53,4.91,MEDIUM,5.09,MEDIUM,3.47
CLG0063,89,9.65,9.42,1,No,9,9,4,Yes,6.37,8.56,6.79,HIGH,3.21,LOW,0.0
CLG0036,101,7.23,6.95,8,No,2,7,4,No,5.44,6.27,5.71,MEDIUM,4.29,MEDIUM,1.73
CLG0007,94,9.92,9.63,10,No,7,8,2,Yes,9.68,6.11,7.22,HIGH,2.78,LOW,1.89
CLG0001,80,6.48,6.07,1,No,3,6,5,No,2.01,6.82,4.2,LOW,5.8,HIGH,1.18
CLG0072,97,6.2,6.6,10,No,10,2,5,No,5.23,6.44,5.63,MEDIUM,4.37,MEDIUM,1.56
CLG0091,108,8.19,8.67,2,Yes,7,3,5,No,5.27,6.29,5.77,MEDIUM,4.23,MEDIUM,1.71
CLG0049,81,6.89,7.34,4,No,6,4,0,No,4.19,2.53,3.37,LOW,6.63,HIGH,5.47
CLG0022,112,8.13,8.48,9,No,3,2,4,Yes,7.43,4.24,5.88,MEDIUM,4.12,MEDIUM,3.76
CLG0052,87,6.52,6.87,7,Yes,6,1,1,No,4.62,2.0,3.43,LOW,6.57,HIGH,6.0
CLG0095,92,8.09,8.25,7,Yes,7,9,0,No,6.57,4.96,5.48,MEDIUM,4.52,MEDIUM,3.04
CLG0043,107,6.38,6.71,10,No,9,10,1,No,5.42,6.6,5.94,HIGH,4.06,LOW,1.4
CLG0039,90,5.25,4.96,7,No,2,2,2,No,2.46,2.44,2.8,LOW,7.2,HIGH,5.56
CLG0075,100,9.56,9.45,5,No,4,5,2,No,7.67,4.18,5.75,MEDIUM,4.25,MEDIUM,3.82
CLG0043,95,9.42,9.56,1,No,10,7,2,No,6.33,6.27,5.96,HIGH,4.04,LOW,1.73
CLG0054,101,9.85,10.0,5,No,2,2,4,No,8.24,4.04,5.94,HIGH,4.06,LOW,3.96
CLG0021,64,8.58,8.74,8,Yes,6,6,5,No,7.56,7.42,6.39,HIGH,3.61,LOW,0.58
CLG0015,72,8.41,8.75,7,No,5,10,0,No,7.13,5.0,5.38,MEDIUM,4.62,MEDIUM,3.0
CLG0092,109,7.8,7.77,7,No,0,8,1,No,6.05,3.91,5.15,MEDIUM,4.85,MEDIUM,4.09
CLG0038,115,5.63,5.85,2,No,9,7,3,No,1.67,6.87,4.68,MEDIUM,5.32,MEDIUM,1.13
CLG0023,86,5.95,6.43,1,No,4,6,5,No,1.95,7.02,4.36,MEDIUM,5.64,MEDIUM,0.98
CLG0091,96,6.45,6.1,4,Yes,3,8,0,No,3.01,3.71,3.63,LOW,6.37,HIGH,4.29
CLG0083,104,9.45,9.88,8,No,1,2,1,No,8.92,1.44,5.22,MEDIUM,4.78,MEDIUM,6.56
CLG0080,110,5.86,5.88,1,Yes,0,4,3,No,1.5,3.73,3.27,LOW,6.73,HIGH,4.27
CLG0076,69,9.61,9.75,2,No,6,4,0,No,6.92,2.53,4.26,MEDIUM,5.74,HIGH,5.47
CLG0051,86,7.61,7.99,7,Yes,6,7,0,No,6.09,3.87,4.75,MEDIUM,5.25,MEDIUM,4.13
CLG0023,95,8.58,8.49,5,No,5,7,5,No,6.38,7.67,6.54,HIGH,3.46,LOW,0.33
CLG0051,110,5.55,5.47,6,Yes,4,3,2,No,2.68,3.29,3.57,LOW,6.43,HIGH,4.71
CLG0071,137,6.35,6.38,8,No,8,4,5,No,4.49,6.93,6.21,HIGH,3.79,LOW,1.07
CLG0046,96,9.79,9.31,9,No,1,1,0,No,9.04,0.2,4.64,MEDIUM,5.36,MEDIUM,7.8
CLG0094,78,6.33,6.33,8,No,10,8,5,No,4.44,9.11,6.05,HIGH,3.95,LOW,0.0
CLG0061,106,6.48,6.27,1,No,10,4,5,No,2.16,7.33,4.91,MEDIUM,5.09,MEDIUM,0.67
CLG0016,119,5.99,6.42,4,No,2,5,5,No,2.97,6.18,4.99,MEDIUM,5.01,MEDIUM,1.82
CLG0060,101,5.65,5.24,5,No,8,5,1,No,2.24,4.18,3.59,LOW,6.41,HIGH,3.82
CLG0032,86,6.17,6.13,9,No,1,1,2,No,4.53,1.8,3.3,LOW,6.7,HIGH,6.2
CLG0041,114,8.21,8.66,6,No,2,1,0,No,6.61,0.4,4.05,LOW,5.95,HIGH,7.6
CLG0060,109,7.28,7.68,6,No,5,7,2,No,5.34,5.27,5.41,MEDIUM,4.59,MEDIUM,2.73
CLG0021,84,7.77,7.97,3,No,9,1,3,No,4.84,4.2,4.35,MEDIUM,5.65,MEDIUM,3.8
CLG0068,105,5.61,5.7,2,No,6,9,1,No,1.55,5.56,3.94,LOW,6.06,HIGH,2.44
CLG0007,114,9.01,8.79,2,No,1,6,3,Yes,5.85,4.82,5.52,MEDIUM,4.48,MEDIUM,3.18
CLG0091,117,8.92,8.79,7,Yes,7,1,1,No,7.47,2.2,5.17,MEDIUM,4.83,MEDIUM,5.8
CLG0070,99,5.11,4.7,5,No,8,1,4,No,1.52,4.8,3.52,LOW,6.48,HIGH,3.2
CLG0020,94,6.92,7.21,10,No,0,5,3,No,6.11,4.18,5.02,MEDIUM,4.98,MEDIUM,3.82
CLG0044,118,5.34,5.16,1,Yes,5,3,4,No,0.66,5.09,3.62,LOW,6.38,HIGH,2.91
CLG0044,81,8.96,9.13,5,No,3,8,5,Yes,7.07,7.71,6.6,HIGH,3.4,LOW,0.29
CLG0012,106,8.69,8.55,1,No,9,8,2,Yes,5.15,6.51,5.78,MEDIUM,4.22,MEDIUM,1.49
CLG0059,79,9.51,9.47,9,No,10,10,3,Yes,8.98,8.4,7.6,HIGH,2.4,LOW,0.0
CLG0078,115,6.18,6.24,8,Yes,9,8,0,No,4.29,4.91,4.94,MEDIUM,5.06,MEDIUM,3.09
CLG0034,96,7.28,7.58,4,Yes,4,6,5,No,4.6,7.02,5.59,MEDIUM,4.41,MEDIUM,0.98
CLG0044,119,5.92,5.63,1,No,5,5,1,No,1.35,3.58,3.31,LOW,6.69,HIGH,4.42
CLG0081,107,6.86,6.76,8,No,5,5,0,No,5.08,2.78,4.27,MEDIUM,5.73,MEDIUM,5.22
CLG0040,81,7.61,7.24,5,Yes,6,6,0,No,4.88,3.42,4.0,LOW,6.0,HIGH,4.58
CLG0084,121,5.27,4.85,1,No,8,6,5,No,0.39,7.82,4.65,MEDIUM,5.35,MEDIUM,0.18
CLG0002,123,8.57,8.67,2,Yes,3,10,2,Yes,5.5,6.2,6.08,HIGH,3.92,LOW,1.8
CLG0061,113,7.72,7.41,5,No,8,9,2,Yes,5.07,6.76,5.96,HIGH,4.04,LOW,1.24
CLG0021,88,9.14,8.7,9,No,0,7,0,No,8.2,2.67,5.15,MEDIUM,4.85,MEDIUM,5.33
CLG0012,95,6.36,6.76,10,No,8,6,5,No,5.44,7.82,6.23,HIGH,3.77,LOW,0.18
CLG0077,102,9.52,9.55,8,No,7,10,0,No,8.72,5.4,6.69,HIGH,3.31,LOW,2.6
CLG0065,89,9.99,9.62,10,No,1,7,0,No,9.72,2.87,5.86,MEDIUM,4.14,MEDIUM,5.13
CLG0082,125,9.6,9.15,8,No,6,3,1,No,8.47,2.89,5.98,HIGH,4.02,LOW,5.11
CLG0078,102,8.89,8.51,9,Yes,6,2,2,No,7.91,3.24,5.5,MEDIUM,4.5,MEDIUM,4.76
CLG0095,59,9.06,9.03,2,Yes,1,10,3,Yes,6.06,6.6,5.37,MEDIUM,4.63,MEDIUM,1.4
CLG0088,105,7.87,8.04,7,No,7,7,2,No,6.29,5.67,5.88,MEDIUM,4.12,MEDIUM,2.33
CLG0012,94,5.95,6.09,10,Yes,5,3,0,No,4.71,1.89,3.55,LOW,6.45,HIGH,6.11
CLG0052,98,8.39,8.03,5,Yes,5,4,3,No,5.92,4.73,5.23,MEDIUM,4.77,MEDIUM,3.27
CLG0089,94,8.56,8.69,3,Yes,10,2,5,No,5.84,6.44,5.82,MEDIUM,4.18,MEDIUM,1.56
CLG0100,112,9.93,9.83,10,No,4,5,5,Yes,9.83,6.58,7.78,HIGH,2.22,LOW,1.42
CLG0014,116,7.71,7.67,8,No,10,5,3,No,6.25,6.18,6.25,HIGH,3.75,LOW,1.82
CLG0018,104,6.36,6.66,2,No,7,10,3,No,2.7,7.8,5.28,MEDIUM,4.72,MEDIUM,0.2
CLG0024,94,8.42,8.25,4,Yes,9,10,2,Yes,5.77,7.4,6.17,HIGH,3.83,LOW,0.6
CLG0026,99,9.9,9.55,5,Yes,8,1,0,No,7.94,1.6,4.81,MEDIUM,5.19,MEDIUM,6.4
CLG0094,100,5.89,6.26,5,Yes,4,4,5,No,3.13,6.13,4.71,MEDIUM,5.29,MEDIUM,1.87
CLG0061,87,6.63,6.34,4,No,0,3,5,No,3.3,4.89,4.06,LOW,5.94,HIGH,3.11
CLG0068,108,7.71,7.5,3,No,10,7,5,No,4.46,8.67,6.4,HIGH,3.6,LOW,0.0
CLG0064,106,5.85,6.06,3,Yes,5,5,0,No,2.29,2.78,3.14,LOW,6.86,HIGH,5.22
CLG0040,123,5.11,5.29,5,Yes,0,6,4,No,1.95,5.42,4.35,MEDIUM,5.65,MEDIUM,2.58
CLG0029,118,6.68,6.98,10,No,4,2,1,No,5.8,2.04,4.45,MEDIUM,5.55,MEDIUM,5.96
CLG0018,89,9.33,9.01,6,No,5,1,2,No,7.54,2.6,4.88,MEDIUM,5.12,MEDIUM,5.4
CLG0068,112,5.22,5.07,1,Yes,2,3,5,No,0.52,5.29,3.54,LOW,6.46,HIGH,2.71
CLG0059,85,7.14,6.77,4,No,0,10,4,No,3.92,7.2,5.2,MEDIUM,4.8,MEDIUM,0.8
CLG0097,110,8.81,8.85,10,No,1,3,4,No,8.44,4.29,6.27,HIGH,3.73,LOW,3.71
CLG0056,92,9.77,9.56,10,Yes,10,10,5,Yes,9.54,10.0,8.69,HIGH,1.31,LOW,0.0
CLG0066,84,9.93,10.0,6,No,2,7,4,No,8.62,6.27,6.69,HIGH,3.31,LOW,1.73
CLG0012,104,7.11,6.61,2,Yes,2,7,2,No,3.12,4.67,4.19,LOW,5.81,HIGH,3.33
CLG0022,59,9.75,9.31,10,Yes,1,10,1,No,9.34,5.0,6.04,HIGH,3.96,LOW,3.0
CLG0062,73,5.18,5.11,5,Yes,5,6,3,No,1.86,5.62,3.54,LOW,6.46,HIGH,2.38
CLG0026,97,8.73,9.19,9,No,6,4,1,No,8.31,3.33,5.61,MEDIUM,4.39,MEDIUM,4.67
CLG0014,101,8.21,8.6,3,No,4,8,1,No,5.57,4.71,5.14,MEDIUM,4.86,MEDIUM,3.29
CLG0009,94,6.25,6.74,3,No,6,10,5,No,3.03,9.2,5.8,MEDIUM,4.2,MEDIUM,0.0
CLG0074,76,7.54,7.46,9,No,2,2,5,No,6.33,4.84,5.07,MEDIUM,4.93,MEDIUM,3.16
CLG0007,87,5.65,5.2,3,Yes,10,7,0,No,1.54,4.67,3.27,LOW,6.73,HIGH,3.33
CLG0047,105,9.36,9.17,4,No,4,1,4,No,7.01,4.0,5.5,MEDIUM,4.5,MEDIUM,4.0
CLG0058,108,6.79,6.97,9,Yes,2,8,4,No,5.52,6.71,6.04,HIGH,3.96,LOW,1.29
CLG0020,99,8.13,7.77,4,Yes,3,5,3,No,5.24,4.78,5.0,MEDIUM,5.0,MEDIUM,3.22
CLG0079,117,5.79,5.59,5,No,5,6,0,No,2.58,3.22,3.62,LOW,6.38,HIGH,4.78
CLG0056,105,6.03,5.59,2,No,3,6,3,No,1.72,5.22,3.87,LOW,6.13,HIGH,2.78
CLG0043,88,9.96,9.93,8,No,3,1,5,No,9.26,4.6,6.35,HIGH,3.65,LOW,3.4
CLG0098,95,8.77,8.48,9,No,6,7,2,No,7.82,5.47,6.24,HIGH,3.76,LOW,2.53
CLG0060,78,9.81,9.4,10,No,5,3,0,No,9.45,1.89,5.17,MEDIUM,4.83,MEDIUM,6.11
CLG0052,98,6.48,6.39,4,No,0,2,4,No,3.24,3.64,3.73,LOW,6.27,HIGH,4.36
CLG0088,116,5.82,5.67,3,No,7,7,3,No,1.99,6.47,4.67,MEDIUM,5.33,MEDIUM,1.53
CLG0066,110,7.52,7.56,4,Yes,0,10,0,No,4.72,4.0,4.67,MEDIUM,5.33,MEDIUM,4.0
CLG0020,121,7.47,7.72,7,No,8,9,0,No,5.81,5.16,5.76,MEDIUM,4.24,MEDIUM,2.84
CLG0013,95,5.87,5.48,1,Yes,3,4,1,No,1.21,2.73,2.5,LOW,7.5,HIGH,5.27
CLG0025,120,8.67,8.96,2,No,6,7,0,No,5.77,3.87,5.21,MEDIUM,4.79,MEDIUM,4.13
CLG0036,97,6.81,6.34,10,Yes,4,5,0,No,5.4,2.58,4.15,LOW,5.85,HIGH,5.42
CLG0003,122,5.93,5.87,5,Yes,9,10,4,Yes,2.87,9.0,6.13,HIGH,3.87,LOW,0.0
CLG0047,99,6.66,6.75,9,No,2,10,2,No,5.28,6.0,5.5,MEDIUM,4.5,MEDIUM,2.0
CLG0012,110,7.82,8.28,6,Yes,7,7,3,No,6.1,6.47,6.21,HIGH,3.79,LOW,1.53
CLG0060,122,8.63,8.7,3,Yes,9,1,2,Yes,5.89,3.4,5.1,MEDIUM,4.9,MEDIUM,4.6
CLG0097,97,7.41,7.07,3,Yes,1,10,0,No,3.97,4.2,4.23,LOW,5.77,HIGH,3.8
CLG0028,103,7.63,7.65,7,No,10,9,4,No,5.86,8.76,6.91,HIGH,3.09,LOW,0.0
CLG0075,119,5.69,5.59,3,Yes,9,6,4,No,1.85,7.22,4.96,MEDIUM,5.04,MEDIUM,0.78
CLG0081,98,9.57,9.55,10,Yes,2,8,4,Yes,9.41,6.71,7.42,HIGH,2.58,LOW,1.29
CLG0014,80,9.64,9.34,3,No,4,9,4,Yes,6.97,7.56,6.48,HIGH,3.52,LOW,0.44
CLG0031,132,8.42,8.42,10,No,4,1,1,No,7.89,1.6,5.35,MEDIUM,4.65,MEDIUM,6.4
CLG0069,92,5.09,4.74,7,No,4,5,0,No,2.2,2.58,2.78,LOW,7.22,HIGH,5.42
CLG0066,102,7.69,7.93,9,No,6,7,1,No,6.76,4.67,5.61,MEDIUM,4.39,MEDIUM,3.33
CLG0060,117,8.15,8.24,9,Yes,7,8,1,Yes,7.27,5.31,6.33,HIGH,3.67,LOW,2.69
CLG0077,90,9.97,9.55,3,No,7,3,0,No,7.32,2.29,4.68,MEDIUM,5.32,MEDIUM,5.71
CLG0020,84,9.98,10.0,8,No,10,8,4,Yes,9.32,8.31,7.79,HIGH,2.21,LOW,0.0
CLG0011,103,9.29,9.41,1,No,2,5,3,No,6.14,4.58,5.35,MEDIUM,4.65,MEDIUM,3.42
CLG0078,73,5.32,5.14,8,Yes,7,1,4,No,2.96,4.6,3.57,LOW,6.43,HIGH,3.4
CLG0004,95,9.77,9.32,2,No,9,4,4,No,6.7,6.33,6.14,HIGH,3.86,LOW,1.67
CLG0052,103,8.06,8.19,4,No,1,2,1,No,5.51,1.44,3.84,LOW,6.16,HIGH,6.56
CLG0047,95,9.0,8.87,7,No,3,5,2,No,7.57,3.98,5.54,MEDIUM,4.46,MEDIUM,4.02
CLG0067,76,7.04,7.45,6,Yes,1,4,4,No,5.02,4.73,4.5,MEDIUM,5.5,MEDIUM,3.27
CLG0011,123,6.6,6.13,9,Yes,4,2,0,No,4.79,1.24,3.81,LOW,6.19,HIGH,6.76
CLG0050,101,7.32,6.86,8,No,2,7,0,No,5.42,3.07,4.42,MEDIUM,5.58,MEDIUM,4.93
CLG0089,121,5.73,6.18,2,Yes,9,2,0,No,1.97,2.24,3.05,LOW,6.95,HIGH,5.76
CLG0023,96,6.79,7.25,4,No,9,2,1,No,4.06,3.04,3.78,LOW,6.22,HIGH,4.96
CLG0081,86,9.29,8.82,1,Yes,10,4,3,No,5.71,5.73,5.35,MEDIUM,4.65,MEDIUM,2.27
CLG0062,104,5.19,5.41,7,Yes,2,5,3,No,2.75,4.58,4.01,LOW,5.99,HIGH,3.42
CLG0053,96,5.75,5.47,4,No,4,10,3,No,2.13,7.2,4.67,MEDIUM,5.33,MEDIUM,0.8
CLG0095,82,5.63,5.83,8,No,3,3,4,No,3.66,4.69,4.04,LOW,5.96,HIGH,3.31
CLG0014,122,7.02,7.39,2,No,5,9,4,Yes,3.63,7.76,5.94,HIGH,4.06,LOW,0.24
CLG0047,90,9.98,9.58,8,Yes,4,10,2,Yes,9.01,6.4,7.0,HIGH,3.0,LOW,1.6
CLG0018,72,5.87,5.61,2,No,9,6,2,No,1.64,5.62,3.43,LOW,6.57,HIGH,2.38
CLG0067,119,5.73,5.25,8,Yes,4,8,2,Yes,3.29,5.51,4.85,MEDIUM,5.15,MEDIUM,2.49
CLG0099,92,9.58,9.12,1,No,2,5,1,No,6.1,2.98,4.5,MEDIUM,5.5,MEDIUM,5.02
CLG0083,90,9.41,8.94,2,Yes,3,8,3,Yes,6.2,6.11,5.76,MEDIUM,4.24,MEDIUM,1.89
CLG0023,73,5.16,5.46,5,No,2,10,4,No,2.1,7.6,4.43,MEDIUM,5.57,MEDIUM,0.4
CLG0095,126,8.76,8.56,1,No,2,6,2,Yes,5.2,4.22,5.22,MEDIUM,4.78,MEDIUM,3.78
CLG0060,80,8.28,8.27,5,No,9,7,1,No,6.03,5.27,5.19,MEDIUM,4.81,MEDIUM,2.73
CLG0059,100,8.84,9.13,5,No,8,2,5,No,7.0,6.04,6.22,HIGH,3.78,LOW,1.96
CLG0088,113,7.47,7.46,7,No,9,6,2,No,5.62,5.62,5.73,MEDIUM,4.27,MEDIUM,2.38
CLG0050,106,9.96,9.89,2,Yes,5,5,4,No,7.23,5.98,6.4,HIGH,3.6,LOW,2.02
CLG0061,99,5.22,4.73,2,Yes,9,8,2,No,0.6,6.51,3.84,LOW,6.16,HIGH,1.49
CLG0017,74,6.17,6.24,6,Yes,1,5,1,No,3.61,2.78,3.12,LOW,6.88,HIGH,5.22
CLG0054,87,6.98,6.6,10,No,0,7,5,No,5.7,6.67,5.73,MEDIUM,4.27,MEDIUM,1.33
CLG0091,102,7.25,7.51,3,Yes,2,4,5,No,4.19,5.73,5.01,MEDIUM,4.99,MEDIUM,2.27
CLG0009,88,9.61,9.37,8,Yes,2,2,1,No,8.64,1.64,4.92,MEDIUM,5.08,MEDIUM,6.36
CLG0032,103,7.8,7.97,3,No,3,3,2,No,4.86,3.09,4.24,LOW,5.76,HIGH,4.91
CLG0078,110,5.23,5.38,10,Yes,3,10,4,No,3.75,7.8,5.8,MEDIUM,4.2,MEDIUM,0.2
CLG0022,114,7.04,7.16,4,No,4,4,1,No,4.14,2.93,4.08,LOW,5.92,HIGH,5.07
CLG0040,81,7.08,6.85,7,No,3,3,3,No,4.94,3.89,4.22,LOW,5.78,HIGH,4.11
CLG0078,132,9.83,9.6,1,Yes,1,7,1,No,6.6,3.67,5.66,MEDIUM,4.34,MEDIUM,4.33
CLG0052,111,8.0,8.36,1,No,10,5,0,No,4.6,3.78,4.55,MEDIUM,5.45,MEDIUM,4.22
CLG0078,99,8.18,7.69,9,No,0,3,2,No,6.88,2.49,4.74,MEDIUM,5.26,MEDIUM,5.51
CLG0028,116,8.57,8.25,6,No,9,3,3,Yes,6.53,5.09,5.93,HIGH,4.07,MEDIUM,2.91
CLG0044,135,8.85,8.96,5,No,6,9,4,Yes,6.88,7.96,7.54,HIGH,2.46,LOW,0.04
CLG0054,78,8.18,8.5,2,Yes,8,9,3,Yes,5.14,7.56,5.71,MEDIUM,4.29,MEDIUM,0.44
CLG0097,96,6.19,6.05,2,Yes,8,5,5,No,2.15,7.38,4.75,MEDIUM,5.25,MEDIUM,0.62
CLG0048,64,9.37,9.52,7,No,10,2,5,No,8.27,6.44,6.28,HIGH,3.72,LOW,1.56
CLG0022,102,8.66,8.72,6,No,0,10,1,No,6.92,4.8,5.73,MEDIUM,4.27,MEDIUM,3.2
CLG0035,105,8.71,8.27,8,Yes,8,5,1,No,7.29,4.18,5.68,MEDIUM,4.32,MEDIUM,3.82
CLG0045,99,9.98,10.0,3,No,0,4,0,No,7.65,1.33,4.58,MEDIUM,5.42,MEDIUM,6.67
CLG0028,90,9.01,9.32,3,No,0,6,5,No,6.57,6.22,5.95,HIGH,4.05,LOW,1.78
CLG0067,69,9.15,9.64,5,No,1,10,3,Yes,7.56,6.6,6.14,HIGH,3.86,LOW,1.4
CLG0086,105,9.76,9.29,10,Yes,9,6,1,No,9.34,4.82,6.76,HIGH,3.24,LOW,3.18
CLG0038,121,5.76,5.92,4,Yes,10,6,4,No,2.47,7.42,5.32,MEDIUM,4.68,MEDIUM,0.58
CLG0053,91,7.49,7.4,8,No,10,7,4,No,5.92,7.87,6.37,HIGH,3.63,LOW,0.13
CLG0087,106,7.9,7.41,6,No,5,2,5,No,5.51,5.44,5.49,MEDIUM,4.51,MEDIUM,2.56
CLG0006,76,6.65,6.76,8,No,8,4,3,No,4.95,5.33,4.71,MEDIUM,5.29,MEDIUM,2.67
CLG0014,106,9.2,8.82,7,No,4,9,3,Yes,7.66,6.76,6.88,HIGH,3.12,LOW,1.24
CLG0086,94,8.81,8.69,2,No,8,5,0,No,5.66,3.38,4.52,MEDIUM,5.48,MEDIUM,4.62
CLG0036,88,8.6,8.36,9,No,8,1,3,No,7.63,4.0,5.46,MEDIUM,4.54,MEDIUM,4.0
CLG0084,88,9.99,9.85,6,Yes,7,6,4,No,8.55,6.82,6.95,HIGH,3.05,LOW,1.18
CLG0051,94,6.3,6.29,6,No,10,5,3,No,3.73,6.18,4.87,MEDIUM,5.13,MEDIUM,1.82
CLG0087,105,8.68,8.54,2,No,6,2,1,No,5.47,2.44,4.26,MEDIUM,5.74,HIGH,5.56
CLG0077,80,7.76,7.81,9,No,2,3,1,No,6.72,2.09,4.19,LOW,5.81,HIGH,5.91
CLG0044,94,6.56,6.3,1,Yes,9,3,5,No,2.23,6.69,4.47,MEDIUM,5.53,MEDIUM,1.31
CLG0045,99,5.8,5.94,6,No,2,7,5,No,3.17,7.07,5.09,MEDIUM,4.91,MEDIUM,0.93
CLG0073,83,9.48,9.83,8,No,3,5,3,No,8.9,4.78,6.19,HIGH,3.81,LOW,3.22
CLG0041,126,7.98,7.7,2,No,8,9,2,Yes,4.44,6.76,5.93,HIGH,4.07,MEDIUM,1.24
CLG0006,87,9.12,9.13,3,No,2,1,3,No,6.5,2.8,4.51,MEDIUM,5.49,MEDIUM,5.2
CLG0092,89,7.73,7.88,10,Yes,7,3,0,No,7.08,2.29,4.57,MEDIUM,5.43,MEDIUM,5.71
CLG0007,85,6.1,6.16,10,No,7,10,4,No,4.85,8.6,6.13,HIGH,3.87,LOW,0.0
CLG0083,126,6.69,6.56,7,No,5,8,4,Yes,4.49,7.31,6.17,HIGH,3.83,LOW,0.69
CLG0095,108,6.91,7.05,1,No,1,3,3,No,2.98,3.49,3.73,LOW,6.27,HIGH,4.51
CLG0099,85,9.86,9.39,5,No,5,3,2,No,7.8,3.49,5.27,MEDIUM,4.73,MEDIUM,4.51
CLG0093,116,5.03,4.9,6,Yes,3,8,4,Yes,1.95,6.91,4.83,MEDIUM,5.17,MEDIUM,1.09
CLG0047,103,9.93,9.96,10,Yes,6,10,2,Yes,9.93,6.8,7.75,HIGH,2.25,LOW,1.2
CLG0033,103,9.9,9.42,7,Yes,10,3,4,No,8.52,6.09,6.9,HIGH,3.1,LOW,1.91
CLG0022,94,9.98,9.99,10,No,0,2,1,No,9.98,1.24,5.39,MEDIUM,4.61,MEDIUM,6.76
CLG0067,88,7.38,7.53,10,No,2,3,0,No,6.62,1.29,3.97,LOW,6.03,HIGH,6.71
CLG0077,105,9.82,10.0,7,Yes,7,2,4,No,8.89,5.04,6.67,HIGH,3.33,LOW,2.96
CLG0013,91,6.98,6.59,3,Yes,0,8,3,No,3.36,5.51,4.4,MEDIUM,5.6,MEDIUM,2.49
CLG0056,127,5.13,5.62,7,Yes,9,5,1,No,2.87,4.38,4.37,MEDIUM,5.63,MEDIUM,3.62
CLG0077,80,6.12,6.23,1,No,2,3,2,No,1.91,2.89,2.59,LOW,7.41,HIGH,5.11
CLG0012,123,9.73,9.59,4,Yes,2,8,0,Yes,7.54,3.51,5.82,MEDIUM,4.18,MEDIUM,4.49
CLG0005,98,5.07,4.82,7,Yes,7,8,2,No,2.25,6.11,4.32,MEDIUM,5.68,MEDIUM,1.89
CLG0077,104,7.73,7.8,7,No,0,4,2,No,6.03,2.93,4.66,MEDIUM,5.34,MEDIUM,5.07
CLG0055,112,5.38,5.76,4,No,9,9,4,Yes,2.12,8.56,5.49,MEDIUM,4.51,MEDIUM,0.0
CLG0076,90,6.43,6.45,1,No,4,1,1,No,2.26,1.6,2.38,LOW,7.62,HIGH,6.4
CLG0074,112,5.44,5.6,8,No,6,7,0,No,3.37,3.87,4.11,LOW,5.89,HIGH,4.13
CLG0015,59,9.3,9.16,4,No,3,5,1,No,6.96,3.18,4.36,MEDIUM,5.64,MEDIUM,4.82
CLG0066,89,7.96,7.85,2,Yes,9,7,1,No,4.53,5.27,4.74,MEDIUM,5.26,MEDIUM,2.73
CLG0038,86,9.51,9.3,4,No,2,10,5,Yes,7.19,8.4,7.01,HIGH,2.99,LOW,0.0
CLG0080,81,8.44,8.65,8,No,9,8,4,Yes,7.41,8.11,6.89,HIGH,3.11,LOW,0.0
CLG0097,96,9.86,9.72,8,No,5,3,2,No,9.04,3.49,5.95,HIGH,4.05,LOW,4.51
CLG0098,105,7.55,7.24,5,Yes,4,3,1,No,4.84,2.49,4.03,LOW,5.97,HIGH,5.51
CLG0055,110,8.19,8.06,2,Yes,1,1,2,No,4.83,1.8,3.83,LOW,6.17,HIGH,6.2
CLG0089,103,7.88,8.23,7,No,5,5,1,No,6.43,3.58,5.06,MEDIUM,4.94,MEDIUM,4.42
CLG0055,90,7.42,7.66,3,Yes,10,8,0,No,4.4,5.11,4.64,MEDIUM,5.36,MEDIUM,2.89
CLG0047,105,9.23,9.06,6,No,2,1,3,No,7.52,2.8,5.22,MEDIUM,4.78,MEDIUM,5.2
CLG0090,101,8.22,8.63,9,Yes,8,2,3,No,7.6,4.44,5.84,MEDIUM,4.16,MEDIUM,3.56
CLG0014,114,9.01,8.58,5,No,2,2,3,Yes,6.7,3.24,5.22,MEDIUM,4.78,MEDIUM,4.76
CLG0015,111,8.93,8.48,9,No,8,10,4,Yes,7.91,8.8,7.88,HIGH,2.12,LOW,0.0
CLG0035,100,5.96,5.59,4,No,5,2,4,No,2.35,4.64,3.8,LOW,6.2,HIGH,3.36
CLG0031,86,8.25,7.87,9,No,7,5,2,No,7.06,4.78,5.51,MEDIUM,4.49,MEDIUM,3.22
CLG0034,90,6.0,5.59,1,No,8,10,4,No,1.37,8.8,4.91,MEDIUM,5.09,MEDIUM,0.0
CLG0073,91,7.92,8.08,4,Yes,7,7,3,No,5.35,6.47,5.58,MEDIUM,4.42,MEDIUM,1.53
CLG0007,95,8.39,8.49,1,Yes,10,3,4,No,4.93,6.09,5.33,MEDIUM,4.67,MEDIUM,1.91
CLG0038,104,9.99,10.0,9,Yes,1,1,3,No,9.66,2.6,5.98,HIGH,4.02,LOW,5.4
CLG0001,110,5.15,5.34,8,No,2,9,1,No,3.01,4.76,4.29,MEDIUM,5.71,MEDIUM,3.24
CLG0087,99,5.46,5.72,8,No,7,9,5,No,3.47,8.96,5.96,HIGH,4.04,LOW,0.0
CLG0014,100,5.39,5.1,7,Yes,4,4,3,No,2.64,4.53,3.88,LOW,6.12,HIGH,3.47
CLG0025,102,6.99,7.11,9,No,9,5,3,No,5.74,5.98,5.73,MEDIUM,4.27,MEDIUM,2.02
CLG0008,92,9.11,9.19,3,No,3,4,0,No,6.54,1.93,4.26,MEDIUM,5.74,HIGH,6.07
CLG0040,86,9.22,9.66,7,Yes,5,8,5,Yes,8.28,8.11,7.33,HIGH,2.67,LOW,0.0
CLG0006,73,8.68,8.41,6,Yes,5,1,0,No,6.71,1.0,3.63,LOW,6.37,HIGH,7.0
CLG0079,89,9.48,9.04,5,Yes,6,4,0,No,7.32,2.53,4.76,MEDIUM,5.24,MEDIUM,5.47
CLG0020,107,6.61,6.76,9,No,4,4,0,No,5.26,2.13,4.08,LOW,5.92,HIGH,5.87
CLG0081,89,5.44,5.68,4,No,0,3,3,No,2.1,3.29,2.98,LOW,7.02,HIGH,4.71
CLG0096,96,5.29,5.07,3,Yes,7,4,2,No,1.23,4.33,3.16,LOW,6.84,HIGH,3.67
CLG0059,106,9.26,9.33,3,No,0,7,0,No,6.73,2.67,4.87,MEDIUM,5.13,MEDIUM,5.33
CLG0006,107,8.65,8.21,2,No,3,5,4,No,5.21,5.58,5.44,MEDIUM,4.56,MEDIUM,2.42
CLG0039,83,8.49,8.95,1,No,2,3,4,No,5.32,4.49,4.64,MEDIUM,5.36,MEDIUM,3.51
CLG0092,114,6.7,6.31,3,Yes,2,6,4,No,2.98,5.82,4.77,MEDIUM,5.23,MEDIUM,2.18
CLG0010,116,6.9,6.47,8,No,5,10,3,Yes,4.89,7.4,6.2,HIGH,3.8,LOW,0.6
CLG0009,83,9.79,9.33,6,Yes,7,9,1,No,8.05,5.76,6.24,HIGH,3.76,LOW,2.24
CLG0034,87,5.32,5.25,2,No,4,3,5,No,1.05,5.69,3.48,LOW,6.52,HIGH,2.31
CLG0077,117,8.87,8.47,8,No,5,2,5,Yes,7.53,5.44,6.49,HIGH,3.51,LOW,2.56
CLG0055,97,6.55,6.79,5,Yes,5,9,1,No,3.91,5.36,4.67,MEDIUM,5.33,MEDIUM,2.64
CLG0075,66,5.2,5.6,4,No,0,5,0,No,1.9,1.78,1.9,LOW,8.1,HIGH,6.22
CLG0075,79,8.71,8.47,1,No,6,10,4,Yes,5.11,8.4,6.05,HIGH,3.95,LOW,0.0
CLG0094,96,6.65,6.78,1,No,0,5,5,No,2.63,5.78,4.3,MEDIUM,5.7,MEDIUM,2.22
CLG0092,82,8.61,8.15,4,No,6,7,0,No,5.81,3.87,4.57,MEDIUM,5.43,MEDIUM,4.13
CLG0087,93,8.54,8.43,9,No,7,2,3,No,7.64,4.24,5.64,MEDIUM,4.36,MEDIUM,3.76
CLG0061,100,7.67,7.46,10,No,3,10,4,No,6.74,7.8,6.82,HIGH,3.18,LOW,0.2
CLG0059,121,8.89,8.62,10,Yes,7,5,0,No,8.32,3.18,5.97,HIGH,4.03,LOW,4.82
CLG0079,95,7.91,8.05,6,No,5,8,2,Yes,5.98,5.71,5.6,MEDIUM,4.4,MEDIUM,2.29
CLG0011,116,6.43,6.06,1,No,5,8,3,Yes,1.97,6.51,4.67,MEDIUM,5.33,MEDIUM,1.49
CLG0013,121,8.67,9.03,8,No,10,10,5,Yes,7.82,10.0,8.5,HIGH,1.5,LOW,0.0
CLG0062,121,7.95,8.11,9,Yes,10,7,5,Yes,7.05,8.67,7.66,HIGH,2.34,LOW,0.0
CLG0092,104,5.06,5.27,2,No,8,5,3,No,0.9,5.78,3.75,LOW,6.25,HIGH,2.22
CLG0071,70,9.51,9.95,6,No,5,4,3,No,8.34,4.73,5.72,MEDIUM,4.28,MEDIUM,3.27
CLG0095,106,7.73,8.17,7,No,10,2,2,No,6.3,4.04,5.25,MEDIUM,4.75,MEDIUM,3.96
CLG0022,115,9.34,9.39,1,No,4,2,5,Yes,6.16,5.24,5.82,MEDIUM,4.18,MEDIUM,2.76
CLG0038,98,9.41,9.41,5,Yes,9,3,1,No,7.55,3.49,5.39,MEDIUM,4.61,MEDIUM,4.51
CLG0014,126,7.22,7.06,5,Yes,9,3,5,No,4.51,6.69,5.93,HIGH,4.07,MEDIUM,1.31
CLG0006,112,7.54,7.76,3,No,5,7,1,No,4.55,4.47,4.82,MEDIUM,5.18,MEDIUM,3.53
CLG0031,108,7.08,7.12,2,Yes,7,6,2,No,3.47,5.22,4.62,MEDIUM,5.38,MEDIUM,2.78
CLG0051,116,7.25,7.68,1,No,8,1,5,No,3.65,5.6,4.98,MEDIUM,5.02,MEDIUM,2.4
CLG0003,105,9.48,9.22,6,No,9,6,1,No,7.78,4.82,6.13,HIGH,3.87,LOW,3.18
CLG0017,62,8.94,8.75,7,No,9,5,2,No,7.45,5.18,5.41,MEDIUM,4.59,MEDIUM,2.82
CLG0020,92,5.63,5.45,2,No,10,6,0,No,1.38,4.22,3.11,LOW,6.89,HIGH,3.78
CLG0007,117,8.05,8.36,2,No,7,8,2,Yes,4.96,6.11,5.73,MEDIUM,4.27,MEDIUM,1.89
CLG0017,87,9.98,9.58,5,Yes,7,1,1,No,8.01,2.2,4.87,MEDIUM,5.13,MEDIUM,5.8
CLG0058,96,7.98,7.94,5,Yes,6,6,2,No,5.61,5.02,5.19,MEDIUM,4.81,MEDIUM,2.98
CLG0090,84,8.93,8.86,3,No,0,4,2,No,6.19,2.93,4.38,MEDIUM,5.62,MEDIUM,5.07
CLG0027,126,8.85,8.42,3,No,3,9,4,Yes,5.82,7.36,6.72,HIGH,3.28,LOW,0.64
CLG0013,125,6.75,6.66,1,No,3,10,2,Yes,2.6,6.2,4.96,MEDIUM,5.04,MEDIUM,1.8
CLG0005,86,6.86,6.87,3,No,2,8,1,No,3.49,4.31,3.89,LOW,6.11,HIGH,3.69
CLG0065,102,8.62,8.19,9,No,3,7,3,No,7.51,5.67,6.31,HIGH,3.69,LOW,2.33
CLG0017,89,7.5,7.51,2,No,1,3,0,No,4.01,1.09,2.86,LOW,7.14,HIGH,6.91
CLG0037,109,7.85,8.31,1,Yes,2,9,2,Yes,4.47,5.56,5.17,MEDIUM,4.83,MEDIUM,2.44
CLG0016,107,8.56,9.04,9,No,2,3,1,No,8.1,2.09,5.2,MEDIUM,4.8,MEDIUM,5.91
CLG0018,112,8.89,8.92,5,Yes,9,6,5,Yes,6.88,8.02,7.17,HIGH,2.83,LOW,0.0
CLG0092,104,6.36,6.38,8,No,0,2,5,No,4.5,4.44,4.65,MEDIUM,5.35,MEDIUM,3.56
CLG0003,144,5.73,5.52,4,No,6,8,1,No,2.16,5.11,4.67,MEDIUM,5.33,MEDIUM,2.89
CLG0018,84,6.46,6.96,8,Yes,3,1,4,No,4.98,3.8,4.25,LOW,5.75,HIGH,4.2
CLG0041,74,7.54,7.31,5,No,7,1,5,No,4.89,5.4,4.68,MEDIUM,5.32,MEDIUM,2.6
CLG0094,94,6.71,6.66,6,No,8,8,1,No,4.25,5.51,4.81,MEDIUM,5.19,MEDIUM,2.49
CLG0096,76,7.84,7.34,6,No,1,9,3,No,5.42,6.16,5.23,MEDIUM,4.77,MEDIUM,1.84
CLG0078,77,5.27,5.12,6,Yes,1,10,1,No,2.25,5.0,3.52,LOW,6.48,HIGH,3.0
CLG0017,84,7.55,7.12,2,No,1,9,3,No,3.75,6.16,4.7,MEDIUM,5.3,MEDIUM,1.84
CLG0083,86,6.84,7.08,10,No,7,8,5,No,5.96,8.51,6.56,HIGH,3.44,LOW,0.0
CLG0061,85,7.67,7.73,10,Yes,1,10,0,No,6.94,4.2,5.21,MEDIUM,4.79,MEDIUM,3.8
CLG0047,107,7.11,7.18,9,Yes,5,8,2,No,5.87,5.71,5.76,MEDIUM,4.24,MEDIUM,2.29
CLG0072,92,6.42,6.21,7,No,4,4,0,No,4.08,2.13,3.36,LOW,6.64,HIGH,5.87
CLG0068,97,9.52,9.83,3,Yes,9,8,2,Yes,7.25,6.51,6.46,HIGH,3.54,LOW,1.49
CLG0024,113,5.92,5.42,2,No,8,7,5,No,1.53,8.27,5.15,MEDIUM,4.85,MEDIUM,0.0
CLG0093,88,8.41,8.24,4,No,1,9,0,No,5.76,3.76,4.61,MEDIUM,5.39,MEDIUM,4.24
CLG0047,96,9.62,9.78,8,Yes,0,10,3,Yes,8.94,6.4,7.08,HIGH,2.92,LOW,1.6
CLG0056,105,7.69,8.1,9,No,1,8,2,Yes,6.89,4.91,5.81,MEDIUM,4.19,MEDIUM,3.09
CLG0075,70,9.38,9.11,10,No,9,10,2,Yes,8.98,7.4,7.05,HIGH,2.95,LOW,0.6
CLG0076,64,5.62,5.66,2,Yes,4,2,0,No,1.53,1.24,1.5,LOW,8.5,HIGH,6.76
CLG0014,105,7.47,7.51,6,No,7,8,4,No,5.32,7.71,6.31,HIGH,3.69,LOW,0.29
CLG0071,107,7.29,7.66,8,Yes,7,8,5,No,5.99,8.51,6.93,HIGH,3.07,LOW,0.0
CLG0067,130,5.04,4.59,3,Yes,1,10,4,Yes,0.73,7.4,4.77,MEDIUM,5.23,MEDIUM,0.6
CLG0096,102,7.22,7.14,9,Yes,4,10,0,No,5.9,4.8,5.32,MEDIUM,4.68,MEDIUM,3.2
CLG0011,112,6.85,6.53,4,Yes,1,9,1,No,3.57,4.56,4.47,MEDIUM,5.53,MEDIUM,3.44
CLG0002,97,8.35,7.87,5,No,6,3,0,No,5.78,2.09,4.11,LOW,5.89,HIGH,5.91
CLG0017,104,9.69,9.34,7,No,9,8,5,Yes,8.33,8.91,7.97,HIGH,2.03,LOW,0.0
CLG0042,125,5.43,5.91,5,Yes,7,8,3,Yes,2.59,6.91,5.24,MEDIUM,4.76,MEDIUM,1.09
CLG0058,68,6.64,6.35,4,Yes,4,10,3,No,3.31,7.2,4.67,MEDIUM,5.33,MEDIUM,0.8
CLG0023,106,7.22,7.66,4,No,10,4,1,No,4.62,4.13,4.61,MEDIUM,5.39,MEDIUM,3.87
CLG0033,132,7.28,6.99,5,Yes,0,5,5,No,4.5,5.78,5.67,MEDIUM,4.33,MEDIUM,2.22
CLG0086,104,8.87,9.3,3,Yes,6,2,4,No,6.48,4.84,5.6,MEDIUM,4.4,MEDIUM,3.16
CLG0045,124,7.22,7.37,9,No,2,6,3,No,6.07,5.02,5.85,MEDIUM,4.15,MEDIUM,2.98
CLG0078,90,5.14,4.75,2,No,1,10,5,No,0.57,8.2,4.35,MEDIUM,5.65,MEDIUM,0.0
CLG0049,99,8.55,8.63,7,No,5,9,3,Yes,7.13,6.96,6.63,HIGH,3.37,LOW,1.04
CLG0020,100,9.42,9.24,4,Yes,1,3,2,No,7.1,2.69,4.92,MEDIUM,5.08,MEDIUM,5.31
CLG0053,66,7.57,7.45,8,No,9,6,5,No,6.01,8.02,6.04,HIGH,3.96,LOW,0.0
CLG0017,82,7.91,7.85,7,No,7,8,2,No,6.17,6.11,5.61,MEDIUM,4.39,MEDIUM,1.89
CLG0008,83,5.81,5.73,8,No,2,2,1,No,3.69,1.64,2.85,LOW,7.15,HIGH,6.36
CLG0007,112,6.1,6.26,4,Yes,1,10,3,Yes,2.92,6.6,5.02,MEDIUM,4.98,MEDIUM,1.4
CLG0037,113,6.18,6.45,2,No,7,1,0,No,2.44,1.4,2.77,LOW,7.23,HIGH,6.6
CLG0100,104,7.15,6.98,7,Yes,5,6,4,No,5.08,6.42,5.68,MEDIUM,4.32,MEDIUM,1.58
CLG0049,112,9.64,10.0,9,No,3,3,1,No,9.45,2.29,5.91,MEDIUM,4.09,MEDIUM,5.71
CLG0068,97,7.61,8.05,6,Yes,4,2,0,No,5.8,1.24,3.77,LOW,6.23,HIGH,6.76
CLG0030,118,5.96,5.5,7,No,9,10,0,No,3.28,5.8,4.95,MEDIUM,5.05,MEDIUM,2.2
CLG0052,100,6.33,5.84,6,Yes,6,8,1,No,3.42,5.11,4.42,MEDIUM,5.58,MEDIUM,2.89
CLG0054,100,6.92,6.85,2,No,3,9,1,No,3.18,4.96,4.26,MEDIUM,5.74,HIGH,3.04
CLG0052,96,8.12,8.21,9,Yes,10,7,3,No,7.23,7.07,6.66,HIGH,3.34,LOW,0.93
CLG0085,110,7.2,6.98,5,No,6,9,4,No,4.44,7.96,6.14,HIGH,3.86,LOW,0.04
CLG0042,93,6.96,6.72,3,No,5,7,5,No,3.44,7.67,5.33,MEDIUM,4.67,MEDIUM,0.33
CLG0027,114,7.82,8.0,4,No,4,3,3,No,5.23,4.09,4.98,MEDIUM,5.02,MEDIUM,3.91
CLG0003,83,6.21,6.31,4,Yes,2,1,5,No,3.02,4.4,3.69,LOW,6.31,HIGH,3.6
CLG0095,83,5.39,5.06,9,No,0,1,5,No,3.28,4.0,3.63,LOW,6.37,HIGH,4.0
CLG0016,110,5.12,5.5,5,Yes,7,5,0,No,2.11,3.18,3.3,LOW,6.7,HIGH,4.82
CLG0077,98,6.26,6.44,2,No,10,9,5,No,2.48,9.56,5.79,MEDIUM,4.21,MEDIUM,0.0
CLG0071,93,5.46,5.32,6,No,6,10,3,No,2.51,7.6,4.93,MEDIUM,5.07,MEDIUM,0.4
CLG0075,113,6.68,6.86,7,No,5,6,3,No,4.71,5.62,5.36,MEDIUM,4.64,MEDIUM,2.38
CLG0098,90,8.86,8.47,8,Yes,3,2,4,No,7.53,4.24,5.55,MEDIUM,4.45,MEDIUM,3.76
CLG0042,96,8.58,8.55,5,Yes,4,6,2,No,6.42,4.62,5.36,MEDIUM,4.64,MEDIUM,3.38
CLG0075,120,8.05,7.72,8,No,4,4,4,No,6.49,5.33,6.08,HIGH,3.92,LOW,2.67
CLG0096,123,9.26,8.8,8,Yes,1,9,3,Yes,8.01,6.16,7.07,HIGH,2.93,LOW,1.84
CLG0056,123,6.41,6.25,4,No,5,10,2,Yes,3.1,6.6,5.28,MEDIUM,4.72,MEDIUM,1.4
CLG0033,95,9.43,9.08,7,No,10,3,5,No,7.98,6.89,6.87,HIGH,3.13,LOW,1.11
CLG0029,118,7.0,7.13,9,No,4,7,0,No,5.76,3.47,5.01,MEDIUM,4.99,MEDIUM,4.53
CLG0095,85,7.0,7.17,10,No,0,10,4,No,6.13,7.2,6.08,HIGH,3.92,LOW,0.8
CLG0091,86,7.03,6.68,4,No,8,8,1,No,3.79,5.51,4.49,MEDIUM,5.51,MEDIUM,2.49
CLG0062,64,5.49,5.01,9,Yes,6,2,0,No,3.3,1.64,2.37,LOW,7.63,HIGH,6.36
CLG0066,125,9.88,10.0,4,No,10,10,2,Yes,7.93,7.6,7.65,HIGH,2.35,LOW,0.4
CLG0008,87,5.69,5.19,1,Yes,1,7,0,No,0.89,2.87,2.29,LOW,7.71,HIGH,5.13
CLG0043,98,6.7,6.54,4,Yes,5,5,1,No,3.49,3.58,3.8,LOW,6.2,HIGH,4.42
CLG0047,86,6.6,6.59,2,Yes,0,1,1,No,2.8,0.8,2.21,LOW,7.79,HIGH,7.2
CLG0012,110,5.37,5.69,6,Yes,1,7,4,No,2.73,6.07,4.7,MEDIUM,5.3,MEDIUM,1.93
CLG0084,94,5.76,6.1,8,No,6,10,5,No,3.93,9.2,6.16,HIGH,3.84,LOW,0.0
CLG0040,80,5.22,5.44,6,No,2,8,4,No,2.46,6.71,4.33,MEDIUM,5.67,MEDIUM,1.29
CLG0005,106,6.46,6.21,9,Yes,6,1,3,No,4.77,3.6,4.46,MEDIUM,5.54,MEDIUM,4.4
CLG0056,78,9.33,9.55,6,No,5,4,3,No,7.93,4.73,5.7,MEDIUM,4.3,MEDIUM,3.27
CLG0057,87,6.7,6.45,7,Yes,4,4,0,No,4.42,2.13,3.41,LOW,6.59,HIGH,5.87
CLG0077,68,5.62,5.33,5,Yes,9,5,1,No,2.28,4.38,3.13,LOW,6.87,HIGH,3.62
CLG0001,78,8.23,8.28,8,Yes,8,5,0,No,7.01,3.38,4.79,MEDIUM,5.21,MEDIUM,4.62
CLG0033,102,9.98,10.0,2,No,9,4,2,No,7.32,4.73,5.86,MEDIUM,4.14,MEDIUM,3.27
CLG0060,70,6.16,5.71,2,No,4,1,2,No,1.89,2.4,2.21,LOW,7.79,HIGH,5.6
CLG0073,77,6.4,5.96,8,No,4,9,3,No,4.21,6.76,5.0,MEDIUM,5.0,MEDIUM,1.24
CLG0034,99,9.86,10.0,6,No,7,5,5,No,8.58,7.18,7.3,HIGH,2.7,LOW,0.82
CLG0072,91,5.89,6.25,2,No,6,1,0,No,2.12,1.2,2.18,LOW,7.82,HIGH,6.8
CLG0033,129,7.56,7.66,6,No,0,3,2,No,5.49,2.49,4.7,MEDIUM,5.3,MEDIUM,5.51
CLG0100,127,6.2,6.13,8,No,9,1,3,No,4.22,4.2,4.84,MEDIUM,5.16,MEDIUM,3.8
CLG0056,86,9.66,10.0,6,No,1,7,0,No,8.46,2.87,5.3,MEDIUM,4.7,MEDIUM,5.13
CLG0076,108,9.91,10.0,9,No,3,10,1,No,9.61,5.4,7.15,HIGH,2.85,LOW,2.6
CLG0100,111,9.07,9.15,6,Yes,8,10,2,Yes,7.49,7.2,7.07,HIGH,2.93,LOW,0.8
CLG0083,91,6.57,6.39,3,Yes,6,10,5,No,2.96,9.2,5.72,MEDIUM,4.28,MEDIUM,0.0
CLG0021,77,7.02,6.72,9,No,1,7,2,No,5.48,4.47,4.6,MEDIUM,5.4,MEDIUM,3.53
CLG0097,99,6.21,6.13,10,Yes,10,6,1,No,4.89,5.02,4.96,MEDIUM,5.04,MEDIUM,2.98
CLG0068,97,9.45,9.24,5,No,7,9,3,Yes,7.45,7.36,6.88,HIGH,3.12,LOW,0.64
CLG0004,93,9.57,9.41,6,No,0,7,2,No,7.98,4.27,5.79,MEDIUM,4.21,MEDIUM,3.73
CLG0049,106,7.09,7.11,4,No,7,5,1,No,4.14,3.98,4.36,MEDIUM,5.64,MEDIUM,4.02
CLG0011,88,8.28,7.95,3,Yes,4,7,3,No,5.13,5.87,5.2,MEDIUM,4.8,MEDIUM,2.13
CLG0090,82,5.83,6.14,10,No,0,10,4,No,4.67,7.2,5.45,MEDIUM,4.55,MEDIUM,0.8
CLG0005,101,7.17,6.82,5,No,2,4,3,No,4.31,4.13,4.4,MEDIUM,5.6,MEDIUM,3.87
CLG0060,105,8.16,8.14,3,No,10,10,2,Yes,5.2,7.6,6.21,HIGH,3.79,LOW,0.4
CLG0030,82,6.93,7.18,2,No,6,9,3,No,3.43,7.16,4.94,MEDIUM,5.06,MEDIUM,0.84
CLG0066,113,6.79,6.78,6,No,6,6,5,No,4.38,7.42,5.95,HIGH,4.05,LOW,0.58
CLG0088,73,5.0,4.86,8,No,7,4,2,No,2.57,4.33,3.31,LOW,6.69,HIGH,3.67
CLG0016,91,9.02,8.99,3,Yes,10,5,3,No,6.34,6.18,5.86,MEDIUM,4.14,MEDIUM,1.82
CLG0082,96,9.45,9.8,6,Yes,10,8,4,Yes,8.19,8.31,7.54,HIGH,2.46,LOW,0.0
CLG0076,90,9.85,10.0,9,No,3,7,3,No,9.58,5.67,6.94,HIGH,3.06,LOW,2.33
CLG0090,91,8.6,8.73,1,Yes,5,6,4,No,5.23,6.42,5.51,MEDIUM,4.49,MEDIUM,1.58
CLG0012,128,7.74,8.03,3,No,6,2,2,Yes,4.87,3.24,4.73,MEDIUM,5.27,MEDIUM,4.76
CLG0026,87,6.35,5.86,2,No,7,3,3,No,2.11,4.69,3.51,LOW,6.49,HIGH,3.31
CLG0068,136,10.0,10.0,8,Yes,2,1,1,No,9.33,1.2,5.84,MEDIUM,4.16,MEDIUM,6.8
CLG0027,106,7.95,8.4,9,Yes,4,3,5,No,7.26,5.69,6.29,HIGH,3.71,LOW,2.31
CLG0053,101,8.41,8.49,10,No,7,2,4,No,7.94,5.04,6.22,HIGH,3.78,LOW,2.96
CLG0087,107,8.41,8.66,6,Yes,5,10,0,No,6.73,5.0,5.82,MEDIUM,4.18,MEDIUM,3.0
CLG0085,137,9.23,9.24,3,No,0,6,4,Yes,6.65,5.42,6.47,HIGH,3.53,LOW,2.58
CLG0048,85,5.05,4.84,10,No,1,4,3,No,3.25,3.93,3.62,LOW,6.38,HIGH,4.07
CLG0037,83,6.1,6.45,8,No,2,10,4,No,4.39,7.6,5.51,MEDIUM,4.49,MEDIUM,0.4
CLG0098,88,8.33,8.43,10,Yes,6,3,3,No,7.85,4.49,5.74,MEDIUM,4.26,MEDIUM,3.51
CLG0045,100,9.48,9.56,7,Yes,9,8,2,Yes,8.37,6.51,6.96,HIGH,3.04,LOW,1.49
CLG0075,74,8.43,8.59,2,No,2,5,2,No,5.36,3.78,4.22,LOW,5.78,HIGH,4.22
CLG0003,100,7.07,7.43,7,No,8,4,5,No,5.36,6.93,5.92,MEDIUM,4.08,MEDIUM,1.07
CLG0006,125,6.81,7.04,1,No,8,6,1,No,2.92,4.62,4.45,MEDIUM,5.55,MEDIUM,3.38
CLG0078,102,8.69,8.4,8,No,10,4,0,No,7.38,3.33,5.33,MEDIUM,4.67,MEDIUM,4.67
CLG0006,95,8.71,8.68,5,Yes,7,10,5,Yes,6.59,9.4,7.32,HIGH,2.68,LOW,0.0
CLG0077,90,8.04,8.52,9,No,8,10,2,Yes,7.41,7.2,6.68,HIGH,3.32,LOW,0.8
CLG0029,113,6.46,6.51,3,No,7,5,1,No,2.99,3.98,4.02,LOW,5.98,HIGH,4.02
CLG0033,87,9.63,10.0,7,Yes,8,4,0,No,8.78,2.93,5.47,MEDIUM,4.53,MEDIUM,5.07
CLG0017,127,7.76,8.07,8,Yes,3,9,1,Yes,6.58,4.96,6.09,HIGH,3.91,LOW,3.04
CLG0057,129,8.95,9.12,1,No,3,2,2,Yes,5.73,2.64,4.85,MEDIUM,5.15,MEDIUM,5.36
CLG0011,103,6.07,5.92,6,Yes,4,1,5,No,3.32,4.8,4.31,MEDIUM,5.69,MEDIUM,3.2
CLG0066,99,6.72,6.52,2,No,6,7,0,No,2.82,3.87,3.67,LOW,6.33,HIGH,4.13
CLG0034,115,9.37,9.51,8,Yes,8,9,2,Yes,8.6,6.76,7.41,HIGH,2.59,LOW,1.24
CLG0095,116,5.25,5.18,6,No,3,9,3,Yes,2.29,6.56,4.82,MEDIUM,5.18,MEDIUM,1.44
CLG0016,87,7.56,7.86,3,No,6,4,5,No,4.63,6.53,5.25,MEDIUM,4.75,MEDIUM,1.47
CLG0041,92,7.41,7.67,4,Yes,5,4,0,No,4.74,2.33,3.7,LOW,6.3,HIGH,5.67
CLG0037,80,8.76,8.57,7,No,8,1,1,No,7.21,2.4,4.51,MEDIUM,5.49,MEDIUM,5.6
CLG0022,106,6.41,6.61,9,Yes,8,1,3,No,5.03,4.0,4.72,MEDIUM,5.28,MEDIUM,4.0
CLG0046,109,6.1,6.09,10,Yes,8,1,1,No,4.8,2.4,4.04,LOW,5.96,HIGH,5.6
CLG0035,79,9.63,9.45,2,No,4,6,2,No,6.71,4.62,5.18,MEDIUM,4.82,MEDIUM,3.38
CLG0007,93,7.86,7.77,9,No,2,6,2,No,6.75,4.22,5.28,MEDIUM,4.72,MEDIUM,3.78
CLG0050,79,5.52,5.92,6,No,5,5,3,No,2.99,5.18,3.92,LOW,6.08,HIGH,2.82
CLG0015,86,5.97,5.83,2,No,1,10,3,No,1.86,6.6,4.15,LOW,5.85,HIGH,1.4
CLG0004,108,9.99,9.78,8,No,6,10,0,No,9.17,5.2,6.89,HIGH,3.11,LOW,2.8
CLG0088,88,5.98,5.83,4,Yes,6,2,1,No,2.53,2.44,2.79,LOW,7.21,HIGH,5.56
CLG0013,95,8.05,7.76,8,Yes,1,6,4,No,6.52,5.62,5.78,MEDIUM,4.22,MEDIUM,2.38
CLG0029,75,7.1,7.14,7,No,5,1,2,No,5.16,2.6,3.69,LOW,6.31,HIGH,5.4
CLG0050,102,9.43,9.08,7,Yes,3,3,4,No,7.98,4.69,6.11,HIGH,3.89,LOW,3.31
CLG0016,99,8.78,9.1,7,No,6,5,4,No,7.61,6.18,6.51,HIGH,3.49,LOW,1.82
CLG0001,89,7.98,7.71,2,No,7,10,3,No,4.44,7.8,5.72,MEDIUM,4.28,MEDIUM,0.2
CLG0034,97,5.05,5.15,8,No,9,5,1,No,2.81,4.38,3.83,LOW,6.17,HIGH,3.62
CLG0098,102,9.4,9.03,2,No,10,7,4,No,6.26,7.87,6.69,HIGH,3.31,LOW,0.13
CLG0080,87,7.22,7.7,3,No,0,5,1,No,4.31,2.58,3.54,LOW,6.46,HIGH,5.42
CLG0096,77,9.66,9.61,10,No,4,10,3,Yes,9.51,7.2,7.3,HIGH,2.7,LOW,0.8
CLG0033,127,7.48,7.8,7,No,8,6,5,No,5.88,7.82,6.95,HIGH,3.05,LOW,0.18
CLG0015,90,8.47,8.74,7,No,1,7,5,No,7.16,6.87,6.45,HIGH,3.55,LOW,1.13
CLG0081,98,5.35,5.56,7,Yes,3,2,5,No,2.96,5.04,4.17,LOW,5.83,HIGH,2.96
CLG0058,115,8.73,9.06,4,No,7,3,5,Yes,6.55,6.29,6.4,HIGH,3.6,LOW,1.71
CLG0081,152,6.69,6.29,5,No,4,3,4,No,3.63,4.89,5.31,MEDIUM,4.69,MEDIUM,3.11
CLG0035,81,6.76,6.94,7,No,7,1,4,No,4.81,4.6,4.45,MEDIUM,5.55,MEDIUM,3.4
CLG0053,106,5.59,5.36,8,Yes,9,9,2,No,3.29,6.96,5.21,MEDIUM,4.79,MEDIUM,1.04
CLG0029,89,5.73,6.02,3,No,9,10,4,No,2.19,9.0,5.3,MEDIUM,4.7,MEDIUM,0.0
CLG0076,91,5.93,6.39,6,No,0,9,0,No,3.58,3.56,3.71,LOW,6.29,HIGH,4.44
CLG0058,89,6.64,7.04,9,No,6,9,3,No,5.48,7.16,5.88,MEDIUM,4.12,MEDIUM,0.84
CLG0077,83,9.46,9.07,10,Yes,5,9,0,No,8.99,4.56,6.14,HIGH,3.86,LOW,3.44
CLG0021,99,6.84,6.71,5,No,1,8,5,No,4.03,7.31,5.53,MEDIUM,4.47,MEDIUM,0.69
CLG0039,77,8.62,8.48,4,Yes,6,5,4,No,6.06,6.18,5.51,MEDIUM,4.49,MEDIUM,1.82
CLG0001,114,5.41,5.03,9,No,2,9,4,Yes,3.27,7.16,5.42,MEDIUM,4.58,MEDIUM,0.84
CLG0049,100,7.96,7.56,4,Yes,3,7,0,No,4.99,3.27,4.31,MEDIUM,5.69,MEDIUM,4.73
CLG0077,106,7.41,7.29,3,No,10,2,2,No,4.13,4.04,4.38,MEDIUM,5.62,MEDIUM,3.96
CLG0043,93,9.89,10.0,7,Yes,5,7,2,No,8.93,5.27,6.57,HIGH,3.43,LOW,2.73
CLG0088,94,9.23,9.3,5,No,2,4,0,No,7.36,1.73,4.54,MEDIUM,5.46,MEDIUM,6.27
CLG0088,104,7.27,7.39,1,No,0,7,0,No,3.45,2.67,3.52,LOW,6.48,HIGH,5.33
CLG0077,82,8.88,8.85,8,No,9,7,3,No,7.82,6.87,6.58,HIGH,3.42,LOW,1.13
CLG0100,94,5.97,6.13,1,No,0,3,2,No,1.75,2.49,2.6,LOW,7.4,HIGH,5.51
CLG0005,87,7.81,8.27,9,Yes,5,3,5,No,7.09,5.89,5.98,HIGH,4.02,LOW,2.11
CLG0055,86,5.37,5.46,1,Yes,3,10,1,No,0.9,5.4,3.29,LOW,6.71,HIGH,2.6
CLG0078,68,6.74,6.31,4,Yes,6,10,5,No,3.34,9.2,5.48,MEDIUM,4.52,MEDIUM,0.0
CLG0080,120,6.13,6.12,10,No,8,6,4,No,4.84,7.02,6.09,HIGH,3.91,LOW,0.98
CLG0070,89,8.59,9.08,4,No,7,2,4,No,6.48,5.04,5.43,MEDIUM,4.57,MEDIUM,2.96
CLG0002,117,7.45,7.34,9,No,2,8,0,No,6.19,3.51,5.18,MEDIUM,4.82,MEDIUM,4.49
CLG0068,116,8.76,8.85,1,No,6,8,5,Yes,5.41,8.31,6.77,HIGH,3.23,LOW,0.0
CLG0063,80,7.58,7.19,10,No,0,4,1,No,6.49,2.13,4.11,LOW,5.89,HIGH,5.87
CLG0080,83,5.43,5.07,9,Yes,1,2,2,No,3.31,2.24,2.94,LOW,7.06,HIGH,5.76
CLG0100,138,8.68,9.05,4,Yes,8,9,2,Yes,6.51,6.76,6.97,HIGH,3.03,LOW,1.24
CLG0085,126,9.17,8.97,7,Yes,9,9,2,Yes,7.75,6.96,7.34,HIGH,2.66,LOW,1.04
CLG0081,99,9.52,9.33,9,Yes,7,2,5,No,8.89,5.84,6.88,HIGH,3.12,LOW,2.16
CLG0067,103,7.86,7.75,7,No,6,10,0,No,6.07,5.2,5.57,MEDIUM,4.43,MEDIUM,2.8
CLG0088,90,8.77,9.24,2,No,10,4,0,No,6.04,3.33,4.59,MEDIUM,5.41,MEDIUM,4.67
CLG0070,106,8.76,8.34,6,Yes,9,1,4,No,6.71,5.0,5.8,MEDIUM,4.2,MEDIUM,3.0
CLG0083,89,5.78,6.1,6,No,1,6,5,No,3.28,6.42,4.7,MEDIUM,5.3,MEDIUM,1.58
CLG0098,69,5.82,5.66,3,No,1,1,4,No,1.98,3.4,2.63,LOW,7.37,HIGH,4.6
CLG0086,80,5.35,5.7,4,Yes,6,7,2,No,2.06,5.47,3.68,LOW,6.32,HIGH,2.53
CLG0003,100,6.6,7.09,6,No,6,9,4,No,4.49,7.96,5.99,HIGH,4.01,LOW,0.04
CLG0039,83,7.37,7.22,6,Yes,5,9,4,No,5.05,7.76,5.84,MEDIUM,4.16,MEDIUM,0.24
CLG0087,98,9.99,9.62,1,No,9,2,2,No,6.72,3.84,5.2,MEDIUM,4.8,MEDIUM,4.16
CLG0011,83,7.15,6.79,10,Yes,4,8,0,No,5.94,3.91,4.66,MEDIUM,5.34,MEDIUM,4.09
CLG0096,88,8.63,8.89,8,No,5,3,4,No,7.7,5.09,5.92,MEDIUM,4.08,MEDIUM,2.91
CLG0030,112,8.47,8.11,9,No,8,5,0,No,7.36,3.38,5.51,MEDIUM,4.49,MEDIUM,4.62
CLG0050,103,6.02,5.78,2,No,3,4,1,No,1.85,2.73,2.89,LOW,7.11,HIGH,5.27
CLG0100,99,5.29,4.99,4,No,9,6,0,No,1.5,4.02,3.2,LOW,6.8,HIGH,3.98
CLG0067,113,7.73,7.59,6,No,0,7,3,No,5.54,5.07,5.47,MEDIUM,4.53,MEDIUM,2.93
CLG0048,107,8.5,8.07,2,Yes,8,9,3,Yes,5.02,7.56,6.16,HIGH,3.84,LOW,0.44
CLG0040,121,9.99,10.0,7,Yes,7,10,2,Yes,8.99,7.0,7.76,HIGH,2.24,LOW,1.0
CLG0100,93,6.79,7.15,6,Yes,10,5,3,No,4.65,6.18,5.22,MEDIUM,4.78,MEDIUM,1.82
CLG0016,93,9.48,9.39,8,Yes,1,2,1,No,8.57,1.44,4.89,MEDIUM,5.11,MEDIUM,6.56
CLG0032,80,6.91,7.02,7,No,3,4,0,No,4.96,1.93,3.42,LOW,6.58,HIGH,6.07
CLG0100,93,8.45,8.59,10,Yes,2,2,0,No,8.04,0.84,4.44,MEDIUM,5.56,MEDIUM,7.16
CLG0062,114,7.99,8.24,1,No,2,1,5,Yes,4.5,4.4,4.81,MEDIUM,5.19,MEDIUM,3.6
CLG0086,119,5.26,5.28,10,Yes,5,2,4,No,3.7,4.64,4.67,MEDIUM,5.33,MEDIUM,3.36
CLG0076,114,5.39,5.4,10,Yes,6,7,4,No,3.86,7.07,5.62,MEDIUM,4.38,MEDIUM,0.93
CLG0040,73,5.1,5.23,5,No,7,2,4,No,1.9,5.04,3.32,LOW,6.68,HIGH,2.96
CLG0078,116,6.85,7.05,6,Yes,6,4,0,No,4.62,2.53,4.14,LOW,5.86,HIGH,5.47
CLG0071,72,8.73,8.58,7,Yes,8,5,0,No,7.2,3.38,4.76,MEDIUM,5.24,MEDIUM,4.62
CLG0066,113,5.86,5.69,4,Yes,1,3,5,No,2.36,5.09,4.21,LOW,5.79,HIGH,2.91
CLG0011,94,8.03,7.8,9,Yes,9,4,4,No,6.87,6.33,6.19,HIGH,3.81,LOW,1.67
CLG0074,110,6.44,6.49,1,No,3,10,5,No,2.29,8.6,5.54,MEDIUM,4.46,MEDIUM,0.0
CLG0006,80,8.98,8.84,3,No,1,3,0,No,6.2,1.09,3.58,LOW,6.42,HIGH,6.91
CLG0009,117,8.99,9.03,10,No,10,8,1,Yes,8.68,5.91,7.14,HIGH,2.86,LOW,2.09
CLG0019,78,8.88,8.79,2,No,2,10,4,Yes,5.77,7.6,5.98,HIGH,4.02,LOW,0.4
CLG0025,89,7.62,7.96,2,No,9,8,3,No,4.41,7.31,5.51,MEDIUM,4.49,MEDIUM,0.69
CLG0005,85,6.42,5.99,1,Yes,0,3,4,No,1.91,4.09,3.15,LOW,6.85,HIGH,3.91
CLG0005,73,9.05,9.12,3,Yes,7,9,3,Yes,6.45,7.36,6.07,HIGH,3.93,LOW,0.64
CLG0054,101,5.93,6.01,10,Yes,4,9,2,No,4.63,5.96,5.26,MEDIUM,4.74,MEDIUM,2.04
CLG0067,127,6.45,6.33,5,Yes,4,7,3,No,3.51,5.87,5.22,MEDIUM,4.78,MEDIUM,2.13
CLG0068,140,5.92,5.84,6,No,7,1,5,No,3.17,5.4,5.12,MEDIUM,4.88,MEDIUM,2.6
CLG0012,101,8.37,8.67,8,Yes,10,10,1,No,7.38,6.8,6.7,HIGH,3.3,LOW,1.2
CLG0090,116,8.43,8.21,4,Yes,8,3,0,No,5.75,2.49,4.58,MEDIUM,5.42,MEDIUM,5.51
CLG0006,103,8.26,8.63,1,No,8,8,5,Yes,4.95,8.71,6.52,HIGH,3.48,LOW,0.0
CLG0074,107,7.08,7.48,9,No,9,6,5,No,6.07,8.02,6.76,HIGH,3.24,LOW,0.0
CLG0091,94,5.5,5.65,3,No,8,9,1,No,1.78,5.96,4.0,LOW,6.0,HIGH,2.04
CLG0087,102,9.56,9.83,8,Yes,1,10,2,Yes,8.94,5.8,6.94,HIGH,3.06,LOW,2.2
CLG0038,108,7.54,7.65,4,No,6,9,5,No,4.8,8.76,6.57,HIGH,3.43,LOW,0.0
CLG0030,91,7.03,7.06,3,Yes,6,1,1,No,3.73,2.0,3.15,LOW,6.85,HIGH,6.0
CLG0037,98,7.94,8.41,3,No,3,6,1,No,5.27,3.62,4.53,MEDIUM,5.47,MEDIUM,4.38
CLG0025,99,5.96,5.74,4,Yes,4,3,2,No,2.46,3.29,3.29,LOW,6.71,HIGH,4.71
CLG0044,112,5.66,5.31,4,No,5,5,1,No,1.96,3.58,3.43,LOW,6.57,HIGH,4.42
CLG0060,84,7.03,6.82,7,No,6,1,2,No,4.89,2.8,3.81,LOW,6.19,HIGH,5.2
CLG0014,99,6.14,6.25,2,Yes,1,7,0,No,2.27,2.87,3.05,LOW,6.95,HIGH,5.13
CLG0067,128,6.22,5.91,8,No,9,6,4,No,4.07,7.22,6.0,HIGH,4.0,LOW,0.78
CLG0068,117,9.46,9.87,2,Yes,1,10,0,Yes,6.91,4.2,5.74,MEDIUM,4.26,MEDIUM,3.8
CLG0036,120,7.65,7.56,1,Yes,1,5,0,No,3.8,1.98,3.66,LOW,6.34,HIGH,6.02
CLG0025,100,7.42,7.77,8,Yes,4,2,0,No,6.15,1.24,3.96,LOW,6.04,HIGH,6.76
CLG0008,104,8.45,8.2,4,No,5,8,1,No,5.75,4.91,5.34,MEDIUM,4.66,MEDIUM,3.09
CLG0025,115,9.76,9.57,6,Yes,10,5,0,No,8.21,3.78,6.06,HIGH,3.94,LOW,4.22
CLG0036,123,5.56,5.12,1,Yes,5,2,2,No,0.76,3.04,2.92,LOW,7.08,HIGH,4.96
CLG0030,70,9.17,8.93,3,No,2,4,2,No,6.38,3.33,4.38,MEDIUM,5.62,MEDIUM,4.67
CLG0079,80,7.92,7.91,7,No,3,10,5,No,6.22,8.6,6.59,HIGH,3.41,LOW,0.0
CLG0060,119,5.73,6.18,7,No,6,8,5,Yes,3.64,8.31,6.11,HIGH,3.89,LOW,0.0
CLG0045,95,6.49,6.38,8,No,6,8,2,No,4.58,5.91,5.12,MEDIUM,4.88,MEDIUM,2.09
CLG0047,89,7.41,7.55,2,Yes,5,3,5,No,3.98,5.89,4.77,MEDIUM,5.23,MEDIUM,2.11
CLG0050,81,8.46,8.39,7,No,0,10,2,Yes,6.9,5.6,5.68,MEDIUM,4.32,MEDIUM,2.4
CLG0069,91,6.21,5.76,4,No,9,8,5,No,2.62,8.91,5.47,MEDIUM,4.53,MEDIUM,0.0
CLG0082,78,7.67,7.67,6,Yes,5,10,0,No,5.56,5.0,4.86,MEDIUM,5.14,MEDIUM,3.0
CLG0096,131,8.42,7.99,4,Yes,0,9,3,Yes,5.58,5.96,6.15,HIGH,3.85,LOW,2.04
CLG0042,99,7.24,7.62,9,No,10,2,5,No,6.27,6.44,6.08,HIGH,3.92,LOW,1.56
CLG0050,99,9.32,9.57,1,Yes,4,6,4,No,6.28,6.22,5.99,HIGH,4.01,LOW,1.78
CLG0007,108,9.35,9.23,1,No,5,3,3,No,6.05,4.29,5.28,MEDIUM,4.72,MEDIUM,3.71
CLG0004,114,7.35,7.49,5,No,6,5,1,No,4.9,3.78,4.72,MEDIUM,5.28,MEDIUM,4.22
CLG0054,114,9.86,9.47,5,No,7,4,0,No,7.86,2.73,5.48,MEDIUM,4.52,MEDIUM,5.27
CLG0045,116,5.38,5.58,8,Yes,8,8,3,Yes,3.32,7.11,5.45,MEDIUM,4.55,MEDIUM,0.89
CLG0031,90,5.02,5.34,7,No,5,7,0,No,2.6,3.67,3.35,LOW,6.65,HIGH,4.33
CLG0080,95,6.9,7.22,3,Yes,10,7,2,No,3.77,6.27,4.94,MEDIUM,5.06,MEDIUM,1.73
CLG0061,111,8.01,7.79,8,Yes,6,1,1,No,6.52,2.0,4.6,MEDIUM,5.4,MEDIUM,6.0
CLG0045,92,8.15,7.91,4,No,3,6,3,No,5.36,5.22,5.1,MEDIUM,4.9,MEDIUM,2.78
CLG0003,99,7.38,7.4,3,Yes,9,2,4,No,4.19,5.44,4.84,MEDIUM,5.16,MEDIUM,2.56
CLG0047,105,5.62,6.09,2,No,6,8,2,No,1.84,5.91,4.19,LOW,5.81,HIGH,2.09
CLG0049,111,5.85,6.27,9,No,9,6,5,No,4.44,8.02,6.18,HIGH,3.82,LOW,0.0
CLG0003,73,9.26,9.12,7,No,0,9,2,Yes,7.91,5.16,5.78,MEDIUM,4.22,MEDIUM,2.84
CLG0003,110,9.34,9.62,5,No,2,10,5,Yes,7.66,8.4,7.6,HIGH,2.4,LOW,0.0
CLG0093,96,8.37,8.79,9,No,0,1,5,No,7.8,4.0,5.66,MEDIUM,4.34,MEDIUM,4.0
CLG0083,110,8.32,8.08,3,No,10,8,1,No,5.25,5.91,5.64,MEDIUM,4.36,MEDIUM,2.09
CLG0004,111,7.99,8.32,6,No,7,2,5,Yes,6.23,5.84,6.02,HIGH,3.98,LOW,2.16
CLG0059,124,6.01,5.78,8,No,2,7,2,No,3.85,4.67,4.83,MEDIUM,5.17,MEDIUM,3.33
CLG0035,120,7.14,6.98,9,No,6,3,2,No,5.74,3.69,5.12,MEDIUM,4.88,MEDIUM,4.31
CLG0053,120,8.48,8.18,4,No,1,7,5,Yes,5.75,6.87,6.4,HIGH,3.6,LOW,1.13
CLG0016,121,7.69,7.7,1,Yes,4,1,3,No,3.93,3.2,4.22,LOW,5.78,HIGH,4.8
CLG0051,104,5.09,5.43,8,Yes,2,10,2,No,3.04,6.0,4.69,MEDIUM,5.31,MEDIUM,2.0
CLG0026,100,9.77,9.8,10,No,9,9,1,No,9.72,6.16,7.36,HIGH,2.64,LOW,1.84
CLG0038,113,9.22,8.84,3,Yes,2,6,5,Yes,6.35,6.62,6.42,HIGH,3.58,LOW,1.38
CLG0068,110,6.3,6.05,6,Yes,4,7,0,No,3.55,3.47,3.99,LOW,6.01,HIGH,4.53
CLG0034,95,8.08,8.14,4,No,7,9,1,No,5.49,5.76,5.42,MEDIUM,4.58,MEDIUM,2.24
CLG0021,106,9.62,9.7,6,Yes,1,10,1,No,8.22,5.0,6.4,HIGH,3.6,LOW,3.0
CLG0041,99,5.48,5.56,3,Yes,10,1,0,No,1.7,2.0,2.47,LOW,7.53,HIGH,6.0
CLG0059,87,7.52,7.1,7,No,3,8,3,No,5.39,6.11,5.39,MEDIUM,4.61,MEDIUM,1.89
CLG0089,119,7.28,7.53,2,No,3,7,4,No,3.89,6.47,5.48,MEDIUM,4.52,MEDIUM,1.53
CLG0003,100,7.05,7.46,5,Yes,10,2,5,No,4.7,6.44,5.46,MEDIUM,4.54,MEDIUM,1.56
CLG0056,130,9.18,9.19,3,No,4,1,5,Yes,6.58,4.8,6.07,HIGH,3.93,LOW,3.2
CLG0062,75,6.9,7.12,5,No,5,10,4,No,4.36,8.2,5.61,MEDIUM,4.39,MEDIUM,0.0
CLG0018,91,5.32,5.73,3,Yes,8,1,1,No,1.73,2.4,2.51,LOW,7.49,HIGH,5.6
CLG0089,100,5.33,5.47,9,Yes,4,4,3,No,3.55,4.53,4.24,LOW,5.76,HIGH,3.47
CLG0096,117,5.21,5.38,8,No,9,5,3,No,3.07,5.98,4.92,MEDIUM,5.08,MEDIUM,2.02
CLG0084,105,7.05,7.27,2,No,7,7,3,No,3.56,6.47,5.11,MEDIUM,4.89,MEDIUM,1.53
CLG0015,104,8.59,8.35,8,Yes,4,8,3,Yes,7.28,6.31,6.51,HIGH,3.49,LOW,1.69
CLG0066,83,6.02,6.1,8,Yes,2,2,1,No,4.09,1.64,3.01,LOW,6.99,HIGH,6.36
CLG0030,82,8.23,8.57,10,Yes,5,9,5,Yes,7.89,8.56,7.28,HIGH,2.72,LOW,0.0
CLG0076,104,8.44,8.24,3,Yes,3,7,2,No,5.44,4.87,5.2,MEDIUM,4.8,MEDIUM,3.13
CLG0039,79,6.28,6.68,10,No,4,6,5,No,5.34,7.02,5.59,MEDIUM,4.41,MEDIUM,0.98
CLG0064,92,8.0,8.12,5,No,7,8,4,Yes,5.76,7.71,6.26,HIGH,3.74,LOW,0.29
CLG0057,107,8.42,8.34,2,No,10,2,4,No,5.17,5.64,5.45,MEDIUM,4.55,MEDIUM,2.36
CLG0063,85,7.33,7.45,10,Yes,10,1,5,No,6.53,6.0,5.76,MEDIUM,4.24,MEDIUM,2.0
CLG0007,124,6.68,6.58,6,Yes,3,5,0,No,4.17,2.38,4.04,LOW,5.96,HIGH,5.62
CLG0086,118,8.1,8.44,2,No,6,9,1,Yes,5.05,5.56,5.56,MEDIUM,4.44,MEDIUM,2.44
CLG0072,76,9.89,9.87,4,No,2,7,4,No,7.84,6.27,6.24,HIGH,3.76,LOW,1.73
CLG0087,86,7.13,7.53,3,No,3,7,1,No,4.14,4.07,4.05,LOW,5.95,HIGH,3.93
CLG0023,65,6.96,6.97,1,Yes,7,9,5,No,2.96,8.96,5.18,MEDIUM,4.82,MEDIUM,0.0
CLG0076,88,7.32,7.48,8,No,7,5,1,No,5.88,3.98,4.75,MEDIUM,5.25,MEDIUM,4.02
CLG0006,111,5.38,5.88,8,No,8,5,5,No,3.54,7.38,5.56,MEDIUM,4.44,MEDIUM,0.62
CLG0058,93,7.77,7.42,1,No,3,7,3,No,3.77,5.67,4.66,MEDIUM,5.34,MEDIUM,2.33
CLG0014,106,6.64,6.88,6,Yes,9,6,0,No,4.36,4.02,4.46,MEDIUM,5.54,MEDIUM,3.98
CLG0028,77,5.61,5.25,1,No,3,10,1,No,0.89,5.4,3.13,LOW,6.87,HIGH,2.6
CLG0005,111,7.33,7.67,9,No,4,6,5,No,6.36,7.02,6.55,HIGH,3.45,LOW,0.98
CLG0068,91,5.02,5.12,1,No,4,8,4,No,0.44,7.11,3.87,LOW,6.13,HIGH,0.89
CLG0056,100,7.01,7.45,3,Yes,2,4,4,No,4.0,4.93,4.58,MEDIUM,5.42,MEDIUM,3.07
CLG0025,98,5.53,5.9,9,No,0,2,0,No,3.98,0.44,2.74,LOW,7.26,HIGH,7.56
CLG0027,80,5.12,4.69,1,No,9,3,1,No,0.18,3.49,2.13,LOW,7.87,HIGH,4.51
CLG0060,82,9.12,8.76,2,Yes,0,10,3,Yes,5.9,6.4,5.62,MEDIUM,4.38,MEDIUM,1.6
CLG0004,114,9.58,9.68,4,Yes,7,4,0,No,7.51,2.73,5.34,MEDIUM,4.66,MEDIUM,5.27
CLG0029,105,6.04,6.06,7,No,3,5,1,No,3.74,3.18,3.86,LOW,6.14,HIGH,4.82
CLG0091,115,7.7,7.37,8,No,10,2,0,No,6.03,2.44,4.65,MEDIUM,5.35,MEDIUM,5.56
CLG0007,104,6.39,6.02,1,No,9,8,3,No,1.92,7.31,4.77,MEDIUM,5.23,MEDIUM,0.69
CLG0032,102,7.47,7.53,1,No,10,5,2,No,3.67,5.38,4.66,MEDIUM,5.34,MEDIUM,2.62
CLG0020,74,7.18,6.73,5,No,1,7,2,No,4.25,4.47,4.05,LOW,5.95,HIGH,3.53
CLG0064,95,6.35,6.72,8,No,5,9,2,No,4.74,6.16,5.28,MEDIUM,4.72,MEDIUM,1.84
CLG0043,99,8.5,8.81,1,Yes,8,7,3,No,5.23,6.67,5.75,MEDIUM,4.25,MEDIUM,1.33
CLG0100,129,5.63,5.92,3,No,4,4,3,No,2.06,4.53,4.14,LOW,5.86,HIGH,3.47
CLG0030,110,5.27,4.79,6,Yes,2,3,0,No,2.01,1.29,2.5,LOW,7.5,HIGH,6.71
CLG0060,123,8.84,8.39,1,No,3,8,5,Yes,5.12,7.71,6.53,HIGH,3.47,LOW,0.29
CLG0093,108,8.33,8.38,3,Yes,1,9,4,Yes,5.48,6.96,6.12,HIGH,3.88,LOW,1.04
CLG0028,89,7.49,7.98,1,Yes,6,5,3,No,4.01,5.38,4.58,MEDIUM,5.42,MEDIUM,2.62
CLG0040,101,7.34,7.18,4,No,3,6,3,No,4.34,5.22,4.85,MEDIUM,5.15,MEDIUM,2.78
CLG0067,103,7.49,7.33,9,No,3,10,2,No,6.2,6.2,6.02,HIGH,3.98,LOW,1.8
CLG0091,85,7.19,6.82,5,Yes,7,10,2,No,4.32,7.0,5.28,MEDIUM,4.72,MEDIUM,1.0
CLG0085,94,6.96,7.13,3,Yes,9,6,5,No,3.74,8.02,5.61,MEDIUM,4.39,MEDIUM,0.0
CLG0037,96,7.5,7.65,10,No,4,3,2,No,6.78,3.29,4.97,MEDIUM,5.03,MEDIUM,4.71
CLG0099,124,7.64,7.24,7,No,2,4,4,No,5.56,4.93,5.61,MEDIUM,4.39,MEDIUM,3.07
CLG0059,68,8.46,8.43,6,No,5,9,2,Yes,6.59,6.16,5.56,MEDIUM,4.44,MEDIUM,1.84
CLG0020,118,8.56,8.73,9,No,7,6,2,Yes,7.87,5.22,6.55,HIGH,3.45,LOW,2.78
CLG0063,85,6.89,6.88,4,Yes,9,5,5,No,3.85,7.58,5.32,MEDIUM,4.68,MEDIUM,0.42
CLG0073,79,7.07,7.24,4,Yes,0,9,4,No,4.22,6.76,5.04,MEDIUM,4.96,MEDIUM,1.24
CLG0035,117,6.87,7.19,9,No,8,8,2,Yes,5.73,6.31,6.12,HIGH,3.88,LOW,1.69
CLG0058,110,7.68,7.87,2,No,3,9,0,No,4.38,4.16,4.6,MEDIUM,5.4,MEDIUM,3.84
CLG0010,118,7.27,7.39,10,No,4,9,0,No,6.45,4.36,5.64,MEDIUM,4.36,MEDIUM,3.64
CLG0059,112,9.45,9.8,2,Yes,9,4,1,No,6.86,3.93,5.53,MEDIUM,4.47,MEDIUM,4.07
CLG0021,130,8.48,8.88,9,No,2,8,0,Yes,7.93,3.51,6.1,HIGH,3.9,LOW,4.49
CLG0043,108,9.49,9.38,7,No,8,10,4,Yes,8.24,8.8,7.96,HIGH,2.04,LOW,0.0
CLG0043,97,8.55,8.22,5,No,5,9,2,Yes,6.16,6.16,5.89,MEDIUM,4.11,MEDIUM,1.84
CLG0088,105,9.85,10.0,5,No,0,5,1,No,8.24,2.58,5.42,MEDIUM,4.58,MEDIUM,5.42
CLG0001,118,8.18,7.89,9,Yes,8,4,3,No,7.03,5.33,6.26,HIGH,3.74,LOW,2.67
CLG0046,88,9.82,10.0,10,Yes,10,10,5,Yes,9.89,10.0,8.76,HIGH,1.24,LOW,0.0
CLG0031,90,5.79,5.31,5,No,4,1,5,No,2.37,4.8,3.71,LOW,6.29,HIGH,3.2
CLG0063,95,5.26,5.68,9,Yes,2,3,3,No,3.66,3.69,3.86,LOW,6.14,HIGH,4.31
CLG0046,68,7.9,7.99,8,Yes,3,10,0,No,6.6,4.6,4.94,MEDIUM,5.06,MEDIUM,3.4
CLG0023,102,9.92,10.0,6,Yes,4,2,1,No,8.62,2.04,5.31,MEDIUM,4.69,MEDIUM,5.96
CLG0018,71,7.09,6.99,5,No,0,7,3,No,4.38,5.07,4.29,MEDIUM,5.71,MEDIUM,2.93
CLG0062,100,6.06,6.55,5,Yes,9,4,3,No,3.44,5.53,4.6,MEDIUM,5.4,MEDIUM,2.47
CLG0027,112,7.61,7.34,5,Yes,2,9,3,Yes,4.95,6.36,5.74,MEDIUM,4.26,MEDIUM,1.64
CLG0044,92,8.24,8.0,1,No,6,9,0,No,4.48,4.76,4.57,MEDIUM,5.43,MEDIUM,3.24
CLG0046,125,6.58,6.13,5,Yes,8,2,0,No,3.45,2.04,3.63,LOW,6.37,HIGH,5.96
CLG0061,78,8.57,9.01,3,No,5,3,1,No,6.08,2.69,4.14,LOW,5.86,HIGH,5.31
CLG0012,117,9.88,9.84,6,No,3,8,0,Yes,8.48,3.71,6.18,HIGH,3.82,LOW,4.29
CLG0099,110,9.48,9.65,9,No,3,10,0,No,9.1,4.6,6.66,HIGH,3.34,LOW,3.4
CLG0016,74,6.46,6.65,3,Yes,8,3,4,No,3.09,5.69,4.08,LOW,5.92,HIGH,2.31
CLG0021,140,6.63,7.0,1,No,0,4,0,No,2.78,1.33,3.34,LOW,6.66,HIGH,6.67
CLG0091,99,6.86,7.02,8,No,5,3,1,No,5.27,2.69,4.18,LOW,5.82,HIGH,5.31
CLG0100,86,6.97,7.03,9,Yes,3,2,0,No,5.67,1.04,3.45,LOW,6.55,HIGH,6.96
CLG0064,78,5.5,5.71,10,Yes,2,1,5,No,4.16,4.4,4.06,LOW,5.94,HIGH,3.6
CLG0013,96,8.81,9.06,4,No,10,3,5,No,6.6,6.89,6.34,HIGH,3.66,LOW,1.11
CLG0050,98,6.83,6.52,10,No,0,9,0,No,5.55,3.56,4.62,MEDIUM,5.38,MEDIUM,4.44
CLG0008,101,9.4,9.01,5,Yes,4,8,4,Yes,7.25,7.11,6.77,HIGH,3.23,LOW,0.89
CLG0056,95,9.63,9.2,3,Yes,3,9,5,Yes,6.86,8.16,6.93,HIGH,3.07,LOW,0.0
CLG0056,109,5.12,4.99,8,No,9,10,1,No,2.74,6.6,4.9,MEDIUM,5.1,MEDIUM,1.4
CLG0008,94,9.94,9.94,3,No,3,5,5,No,7.59,6.38,6.49,HIGH,3.51,LOW,1.62
CLG0080,70,8.55,8.67,4,No,7,5,3,No,6.16,5.58,5.19,MEDIUM,4.81,MEDIUM,2.42
CLG0087,97,7.6,8.06,10,No,10,8,4,Yes,7.14,8.31,7.14,HIGH,2.86,LOW,0.0
CLG0045,64,6.95,6.78,7,No,10,5,0,No,4.81,3.78,3.83,LOW,6.17,HIGH,4.22
CLG0098,105,7.59,7.85,2,No,1,4,2,No,4.31,3.13,4.07,LOW,5.93,HIGH,4.87
CLG0024,85,6.62,6.65,1,No,10,9,4,No,2.52,8.76,5.26,MEDIUM,4.74,MEDIUM,0.0
CLG0021,102,8.11,7.83,4,Yes,9,1,4,No,5.28,5.0,5.15,MEDIUM,4.85,MEDIUM,3.0
CLG0013,119,5.46,5.58,8,Yes,10,6,1,No,3.37,5.02,4.69,MEDIUM,5.31,MEDIUM,2.98
CLG0050,85,8.11,8.58,1,No,9,7,3,No,4.83,6.87,5.43,MEDIUM,4.57,MEDIUM,1.13
CLG0051,115,6.38,6.0,10,No,3,6,3,No,4.9,5.22,5.31,MEDIUM,4.69,MEDIUM,2.78
CLG0004,93,5.09,5.1,3,No,10,10,3,No,1.13,8.4,4.7,MEDIUM,5.3,MEDIUM,0.0
CLG0093,126,7.76,7.31,4,No,0,8,4,Yes,4.69,6.31,5.85,MEDIUM,4.15,MEDIUM,1.69
CLG0060,94,7.89,7.71,4,No,1,8,2,No,5.06,4.91,4.89,MEDIUM,5.11,MEDIUM,3.09
CLG0068,87,7.13,7.25,3,No,9,5,1,No,3.93,4.38,4.11,LOW,5.89,HIGH,3.62
CLG0021,110,5.36,5.7,3,No,9,4,2,No,1.73,4.73,3.76,LOW,6.24,HIGH,3.27
CLG0034,93,9.47,9.7,7,Yes,2,7,3,No,8.46,5.47,6.46,HIGH,3.54,LOW,2.53
CLG0073,87,8.06,8.02,8,Yes,0,9,4,Yes,6.72,6.76,6.18,HIGH,3.82,LOW,1.24
CLG0025,92,5.58,5.99,10,Yes,1,2,3,No,4.41,3.04,3.85,LOW,6.15,HIGH,4.96
CLG0085,99,7.55,7.35,4,No,6,7,2,No,4.59,5.47,5.02,MEDIUM,4.98,MEDIUM,2.53
CLG0004,120,7.49,7.74,8,No,9,6,3,No,6.17,6.42,6.39,HIGH,3.61,LOW,1.58
CLG0064,70,5.3,5.27,8,Yes,9,3,0,No,3.05,2.69,2.79,LOW,7.21,HIGH,5.31
CLG0080,100,8.03,8.43,6,No,5,2,1,No,6.33,2.24,4.44,MEDIUM,5.56,MEDIUM,5.76
CLG0025,109,9.04,9.34,1,No,1,1,2,No,5.94,1.8,4.26,MEDIUM,5.74,HIGH,6.2
CLG0040,102,8.75,9.15,7,Yes,0,2,0,No,7.63,0.44,4.27,MEDIUM,5.73,MEDIUM,7.56
CLG0007,119,6.01,5.72,7,Yes,9,5,3,No,3.47,5.98,5.11,MEDIUM,4.89,MEDIUM,2.02
CLG0045,98,9.31,9.48,5,Yes,8,1,1,No,7.54,2.4,4.95,MEDIUM,5.05,MEDIUM,5.6
CLG0005,97,6.71,6.95,6,No,0,8,1,No,4.46,3.91,4.31,MEDIUM,5.69,MEDIUM,4.09
CLG0040,108,9.73,9.97,9,Yes,9,4,1,No,9.48,3.93,6.51,HIGH,3.49,LOW,4.07
CLG0021,101,5.36,5.36,3,No,4,3,4,No,1.48,4.89,3.57,LOW,6.43,HIGH,3.11
CLG0034,94,7.43,6.94,4,No,8,10,1,No,4.22,6.4,5.15,MEDIUM,4.85,MEDIUM,1.6
CLG0048,107,7.99,7.75,9,No,8,2,0,No,6.81,2.04,4.67,MEDIUM,5.33,MEDIUM,5.96
CLG0022,90,6.24,6.06,10,Yes,5,1,2,No,4.86,2.6,3.82,LOW,6.18,HIGH,5.4
CLG0091,90,8.86,9.21,2,Yes,2,8,0,No,6.07,3.51,4.67,MEDIUM,5.33,MEDIUM,4.49
CLG0061,92,8.13,8.47,9,No,1,9,3,Yes,7.42,6.16,6.3,HIGH,3.7,LOW,1.84
CLG0074,120,5.09,4.69,5,No,2,3,4,No,1.5,4.49,3.75,LOW,6.25,HIGH,3.51
CLG0079,51,8.04,8.49,3,No,0,3,4,No,5.38,4.09,3.96,LOW,6.04,HIGH,3.91
CLG0003,105,7.46,7.14,8,No,2,9,3,No,5.71,6.36,5.92,MEDIUM,4.08,MEDIUM,1.64
CLG0077,100,5.98,5.89,9,No,1,7,2,No,4.24,4.47,4.49,MEDIUM,5.51,MEDIUM,3.53
CLG0090,74,9.98,9.7,1,Yes,7,9,4,Yes,6.77,8.16,6.54,HIGH,3.46,LOW,0.0
CLG0056,104,9.49,9.85,5,No,9,2,3,No,7.92,4.64,6.1,HIGH,3.9,LOW,3.36
CLG0065,107,6.46,6.71,9,No,6,7,3,No,5.13,6.27,5.69,MEDIUM,4.31,MEDIUM,1.73
CLG0073,108,7.71,7.56,2,Yes,0,8,3,No,4.17,5.51,5.02,MEDIUM,4.98,MEDIUM,2.49
CLG0039,60,6.58,6.76,1,Yes,0,4,3,No,2.57,3.73,2.84,LOW,7.16,HIGH,4.27
CLG0026,120,8.88,8.56,8,Yes,4,10,1,Yes,7.61,5.6,6.63,HIGH,3.37,LOW,2.4
CLG0018,88,9.65,9.53,6,No,3,4,2,No,8.11,3.53,5.46,MEDIUM,4.54,MEDIUM,4.47
CLG0072,110,6.79,6.67,2,Yes,7,2,5,No,2.97,5.84,4.7,MEDIUM,5.3,MEDIUM,2.16
CLG0015,111,9.03,8.77,3,No,7,2,3,Yes,6.18,4.24,5.36,MEDIUM,4.64,MEDIUM,3.76
CLG0046,86,7.49,7.87,5,Yes,2,4,1,No,5.27,2.53,3.89,LOW,6.11,HIGH,5.47
CLG0022,109,6.98,7.16,1,Yes,4,4,1,No,3.11,2.93,3.58,LOW,6.42,HIGH,5.07
CLG0038,94,9.69,9.47,2,No,6,5,0,No,6.76,2.98,4.8,MEDIUM,5.2,MEDIUM,5.02
CLG0046,68,7.55,7.29,1,No,7,10,5,No,3.54,9.4,5.64,MEDIUM,4.36,MEDIUM,0.0
CLG0004,117,7.34,6.86,7,No,2,10,3,Yes,5.1,6.8,6.06,HIGH,3.94,LOW,1.2
CLG0021,88,8.36,8.21,7,Yes,7,10,1,No,6.7,6.2,5.96,HIGH,4.04,LOW,1.8
CLG0080,87,6.31,6.34,10,Yes,9,9,5,No,5.1,9.36,6.57,HIGH,3.43,LOW,0.0
CLG0046,93,6.62,6.4,5,Yes,8,9,0,No,3.67,5.16,4.42,MEDIUM,5.58,MEDIUM,2.84
CLG0089,104,9.66,9.86,10,No,2,7,0,No,9.69,3.07,6.18,HIGH,3.82,LOW,4.93
CLG0023,99,8.39,8.3,6,No,1,6,3,No,6.46,4.82,5.5,MEDIUM,4.5,MEDIUM,3.18
CLG0017,108,9.13,8.95,3,Yes,1,10,4,Yes,6.38,7.4,6.66,HIGH,3.34,LOW,0.6
CLG0096,79,6.36,6.8,2,Yes,4,5,1,No,2.81,3.38,3.13,LOW,6.87,HIGH,4.62
CLG0066,88,7.72,7.48,10,No,9,4,4,No,6.79,6.33,6.05,HIGH,3.95,LOW,1.67
CLG0001,98,9.86,9.76,9,No,0,2,0,No,9.41,0.44,4.91,MEDIUM,5.09,MEDIUM,7.56
CLG0073,128,6.59,6.47,2,Yes,5,4,4,No,2.7,5.53,4.78,MEDIUM,5.22,MEDIUM,2.47
CLG0090,98,5.8,5.54,1,No,6,7,4,No,1.21,7.07,4.29,MEDIUM,5.71,MEDIUM,0.93
CLG0049,116,7.55,7.27,9,No,4,1,3,No,6.2,3.2,5.04,MEDIUM,4.96,MEDIUM,4.8
CLG0035,100,6.94,6.74,8,Yes,10,3,0,No,5.11,2.89,4.21,LOW,5.79,HIGH,5.11
CLG0060,92,5.8,6.16,8,No,7,4,2,No,4.0,4.33,4.2,LOW,5.8,HIGH,3.67
CLG0006,96,9.44,9.71,7,No,5,7,1,No,8.45,4.47,6.11,HIGH,3.89,LOW,3.53
CLG0041,97,9.95,10.0,9,No,0,3,3,No,9.64,3.29,6.13,HIGH,3.87,LOW,4.71
CLG0073,109,7.84,7.8,3,No,8,4,3,No,4.76,5.33,5.2,MEDIUM,4.8,MEDIUM,2.67
CLG0084,120,8.87,8.88,8,No,4,1,2,Yes,7.83,2.4,5.44,MEDIUM,4.56,MEDIUM,5.6
CLG0049,105,9.3,9.07,1,No,4,1,3,No,5.9,3.2,4.73,MEDIUM,5.27,MEDIUM,4.8
CLG0026,117,8.5,8.07,1,No,0,10,0,Yes,4.69,4.0,4.78,MEDIUM,5.22,MEDIUM,4.0
CLG0034,85,5.22,5.05,6,No,4,3,3,No,2.17,4.09,3.26,LOW,6.74,HIGH,3.91
CLG0074,93,5.79,5.79,8,No,2,7,3,No,3.72,5.47,4.56,MEDIUM,5.44,MEDIUM,2.53
CLG0094,89,5.35,4.91,8,Yes,9,6,2,No,2.81,5.62,4.19,LOW,5.81,HIGH,2.38
CLG0004,104,5.05,4.64,10,Yes,2,5,1,No,3.1,2.98,3.51,LOW,6.49,HIGH,5.02
CLG0098,94,6.53,6.29,1,No,10,8,5,No,2.2,9.11,5.43,MEDIUM,4.57,MEDIUM,0.0
CLG0009,110,6.96,6.83,1,No,9,8,1,No,2.85,5.71,4.6,MEDIUM,5.4,MEDIUM,2.29
CLG0069,86,6.21,6.1,9,No,7,4,4,No,4.54,5.93,4.96,MEDIUM,5.04,MEDIUM,2.07
CLG0009,100,5.32,4.94,9,Yes,8,10,0,No,3.15,5.6,4.51,MEDIUM,5.49,MEDIUM,2.4
CLG0025,110,7.65,7.38,7,No,5,6,2,No,5.67,4.82,5.38,MEDIUM,4.62,MEDIUM,3.18
CLG0040,69,6.37,6.13,1,Yes,2,1,1,No,1.99,1.2,1.75,LOW,8.25,HIGH,6.8
CLG0067,131,8.98,8.55,10,No,7,10,2,Yes,8.33,7.0,7.67,HIGH,2.33,LOW,1.0
CLG0025,95,5.04,4.87,2,No,2,10,5,No,0.6,8.4,4.52,MEDIUM,5.48,MEDIUM,0.0
CLG0051,69,9.21,8.78,8,No,6,9,4,Yes,7.97,7.96,6.85,HIGH,3.15,LOW,0.04
CLG0018,102,9.77,9.97,8,No,1,5,1,No,9.17,2.78,5.82,MEDIUM,4.18,MEDIUM,5.22
CLG0059,100,8.58,8.47,5,Yes,5,8,2,Yes,6.36,5.71,5.84,MEDIUM,4.16,MEDIUM,2.29
CLG0075,98,8.67,8.5,2,No,7,10,5,Yes,5.44,9.4,6.91,HIGH,3.09,LOW,0.0
CLG0087,114,9.67,9.3,3,Yes,2,10,0,Yes,6.96,4.4,5.79,MEDIUM,4.21,MEDIUM,3.6
CLG0059,111,6.05,5.78,5,Yes,8,1,0,No,2.87,1.6,2.98,LOW,7.02,HIGH,6.4
CLG0034,104,9.97,9.7,3,No,10,4,4,No,7.43,6.53,6.66,HIGH,3.34,LOW,1.47
CLG0053,106,8.87,9.36,10,Yes,8,2,1,No,8.85,2.84,5.79,MEDIUM,4.21,MEDIUM,5.16
CLG0098,98,8.63,8.97,1,No,2,2,1,No,5.42,1.64,3.8,LOW,6.2,HIGH,6.36
CLG0047,126,6.81,6.33,6,No,2,2,0,No,4.06,0.84,3.41,LOW,6.59,HIGH,7.16
CLG0024,77,7.73,7.85,5,Yes,4,2,5,No,5.4,5.24,4.87,MEDIUM,5.13,MEDIUM,2.76
CLG0061,102,8.27,8.03,3,No,8,8,4,Yes,5.19,7.91,6.28,HIGH,3.72,LOW,0.09
CLG0057,100,8.1,7.7,9,No,0,6,3,No,6.84,4.62,5.59,MEDIUM,4.41,MEDIUM,3.38
CLG0066,112,8.52,8.73,10,Yes,0,9,0,Yes,8.18,3.56,5.91,MEDIUM,4.09,MEDIUM,4.44
CLG0077,87,5.41,5.04,8,Yes,0,2,0,No,2.95,0.44,2.14,LOW,7.86,HIGH,7.56
CLG0020,73,6.78,6.72,7,No,3,1,2,No,4.67,2.2,3.3,LOW,6.7,HIGH,5.8
CLG0071,102,7.17,7.3,2,Yes,6,8,4,No,3.66,7.51,5.51,MEDIUM,4.49,MEDIUM,0.49
CLG0073,104,6.3,6.35,10,No,10,10,3,No,5.11,8.4,6.48,HIGH,3.52,LOW,0.0
CLG0034,122,5.86,6.34,5,No,1,3,5,No,3.17,5.09,4.69,MEDIUM,5.31,MEDIUM,2.91
CLG0054,80,5.69,5.98,5,Yes,2,3,4,No,2.8,4.49,3.58,LOW,6.42,HIGH,3.51
CLG0065,117,6.83,7.1,6,No,3,8,4,Yes,4.64,6.91,5.92,MEDIUM,4.08,MEDIUM,1.09
CLG0072,135,7.47,7.33,6,No,0,5,0,No,5.19,1.78,4.39,MEDIUM,5.61,MEDIUM,6.22
CLG0051,94,5.31,4.82,3,No,1,8,0,No,1.06,3.31,2.65,LOW,7.35,HIGH,4.69
CLG0041,80,9.73,9.96,4,No,1,2,0,No,7.81,0.64,4.05,LOW,5.95,HIGH,7.36
CLG0001,93,8.83,9.33,1,No,10,10,2,Yes,5.81,7.6,6.25,HIGH,3.75,LOW,0.4
CLG0025,100,8.65,8.56,1,No,5,9,3,Yes,5.14,6.96,5.85,MEDIUM,4.15,MEDIUM,1.04
CLG0093,108,5.86,6.35,5,No,3,2,5,No,3.18,5.04,4.43,MEDIUM,5.57,MEDIUM,2.96
CLG0052,91,8.02,7.66,4,Yes,6,9,5,No,5.1,8.76,6.4,HIGH,3.6,LOW,0.0
CLG0081,123,7.65,7.45,7,No,10,10,3,Yes,5.72,8.4,7.05,HIGH,2.95,LOW,0.0
CLG0071,83,9.91,9.58,7,No,7,6,4,No,8.64,6.82,6.9,HIGH,3.1,LOW,1.18
CLG0099,73,8.74,8.72,4,Yes,1,5,5,No,6.31,5.98,5.46,MEDIUM,4.54,MEDIUM,2.02
CLG0016,116,7.88,8.18,10,Yes,1,7,5,Yes,7.39,6.87,6.99,HIGH,3.01,LOW,1.13
CLG0021,65,9.25,9.09,2,No,4,7,5,No,6.22,7.47,5.89,MEDIUM,4.11,MEDIUM,0.53
CLG0002,96,5.78,6.19,10,No,3,4,0,No,4.68,1.93,3.58,LOW,6.42,HIGH,6.07
CLG0090,146,5.08,5.12,4,No,9,7,5,No,1.47,8.47,5.77,MEDIUM,4.23,MEDIUM,0.0
CLG0069,99,8.45,8.42,8,Yes,1,3,4,No,7.25,4.29,5.61,MEDIUM,4.39,MEDIUM,3.71
CLG0005,83,5.49,5.78,2,No,8,3,0,No,1.54,2.49,2.33,LOW,7.67,HIGH,5.51
CLG0073,99,5.58,5.18,5,Yes,8,7,4,No,2.15,7.47,4.84,MEDIUM,5.16,MEDIUM,0.53
CLG0053,99,8.72,8.99,7,Yes,9,1,4,No,7.49,5.0,5.99,HIGH,4.01,LOW,3.0
CLG0018,102,6.35,6.09,10,Yes,3,8,2,No,4.95,5.31,5.15,MEDIUM,4.85,MEDIUM,2.69
CLG0019,109,8.14,7.92,6,Yes,1,2,5,No,6.03,4.64,5.43,MEDIUM,4.57,MEDIUM,3.36
CLG0063,84,9.59,9.69,9,No,2,1,2,No,9.19,2.0,5.21,MEDIUM,4.79,MEDIUM,6.0
CLG0006,125,6.58,6.98,2,Yes,7,6,5,No,3.07,7.62,5.71,MEDIUM,4.29,MEDIUM,0.38
CLG0063,103,6.09,6.17,4,Yes,10,4,4,No,2.85,6.53,4.81,MEDIUM,5.19,MEDIUM,1.47
CLG0027,110,5.53,5.68,7,Yes,7,7,0,No,3.15,4.07,4.07,LOW,5.93,HIGH,3.93
CLG0054,90,5.65,5.93,8,No,6,3,4,No,3.74,5.29,4.45,MEDIUM,5.55,MEDIUM,2.71
CLG0031,119,5.31,5.07,5,No,3,2,0,No,1.91,1.04,2.51,LOW,7.49,HIGH,6.96
CLG0064,96,5.44,5.77,5,No,0,4,1,No,2.5,2.13,2.79,LOW,7.21,HIGH,5.87
CLG0021,104,7.16,7.08,4,No,9,4,3,No,4.16,5.53,4.95,MEDIUM,5.05,MEDIUM,2.47
CLG0014,86,6.6,6.28,9,No,8,4,4,No,4.9,6.13,5.18,MEDIUM,4.82,MEDIUM,1.87
CLG0080,85,8.53,8.38,10,No,6,3,1,No,7.93,2.89,5.08,MEDIUM,4.92,MEDIUM,5.11
CLG0002,110,9.35,9.1,4,Yes,0,7,4,No,6.95,5.87,6.31,HIGH,3.69,LOW,2.13
CLG0018,93,8.92,8.65,3,No,4,5,2,No,6.03,4.18,4.97,MEDIUM,5.03,MEDIUM,3.82
CLG0018,87,7.65,7.43,9,No,2,4,3,No,6.37,4.13,4.99,MEDIUM,5.01,MEDIUM,3.87
CLG0035,90,5.51,5.19,7,Yes,1,5,4,No,2.78,5.18,4.02,LOW,5.98,HIGH,2.82
CLG0078,110,8.55,8.72,9,No,2,7,5,No,7.86,7.07,7.15,HIGH,2.85,LOW,0.93
CLG0082,90,6.81,6.89,4,No,5,4,2,No,3.81,3.93,3.93,LOW,6.07,HIGH,4.07
CLG0083,98,5.43,5.58,3,No,6,10,2,No,1.69,6.8,4.37,MEDIUM,5.63,MEDIUM,1.2
CLG0025,100,9.21,9.05,10,No,9,5,1,No,8.83,4.38,6.29,HIGH,3.71,LOW,3.62
CLG0099,71,6.69,6.96,8,No,8,6,5,No,5.12,7.82,5.69,MEDIUM,4.31,MEDIUM,0.18
CLG0007,77,6.09,5.72,4,No,9,6,2,No,2.52,5.62,3.87,LOW,6.13,HIGH,2.38
CLG0003,105,9.36,9.43,10,Yes,10,7,5,No,9.2,8.67,8.24,HIGH,1.76,LOW,0.0
CLG0057,88,9.51,9.29,3,No,6,10,1,No,6.85,6.0,5.94,HIGH,4.06,LOW,2.0
CLG0076,115,6.69,6.72,4,No,0,3,0,No,3.61,0.89,3.06,LOW,6.94,HIGH,7.11
CLG0054,114,6.77,6.59,2,Yes,6,8,0,No,2.9,4.31,4.13,LOW,5.87,HIGH,3.69
CLG0016,110,7.9,8.19,4,No,0,5,0,No,5.41,1.78,4.06,LOW,5.94,HIGH,6.22
CLG0020,127,8.67,9.06,7,No,7,1,0,No,7.51,1.4,5.03,MEDIUM,4.97,MEDIUM,6.6
CLG0005,98,5.32,5.56,3,No,1,4,4,No,1.61,4.73,3.51,LOW,6.49,HIGH,3.27
CLG0061,109,7.97,7.65,1,No,1,4,5,No,4.06,5.53,5.0,MEDIUM,5.0,MEDIUM,2.47
CLG0031,91,9.76,9.53,10,No,0,8,1,No,9.51,3.91,6.22,HIGH,3.78,LOW,4.09
CLG0024,136,6.31,6.73,8,No,8,10,0,No,4.72,5.6,5.75,MEDIUM,4.25,MEDIUM,2.4
CLG0063,129,9.54,9.48,6,No,10,9,2,Yes,8.01,7.16,7.57,HIGH,2.43,LOW,0.84
CLG0045,100,9.75,10.0,3,Yes,7,3,5,No,7.52,6.29,6.53,HIGH,3.47,LOW,1.71
CLG0044,105,6.35,6.24,8,No,8,10,1,No,4.39,6.4,5.41,MEDIUM,4.59,MEDIUM,1.6
CLG0088,120,8.77,9.22,6,No,7,1,5,Yes,7.36,5.4,6.45,HIGH,3.55,LOW,2.6
CLG0080,97,6.19,6.62,1,No,3,8,5,No,2.24,7.71,4.94,MEDIUM,5.06,MEDIUM,0.29
CLG0039,90,8.69,8.85,9,No,8,9,5,Yes,8.04,9.16,7.72,HIGH,2.28,LOW,0.0
CLG0028,113,8.99,8.5,9,Yes,7,4,4,Yes,7.96,5.93,6.79,HIGH,3.21,LOW,2.07
CLG0005,101,6.24,6.14,9,No,0,5,0,No,4.58,1.78,3.57,LOW,6.43,HIGH,6.22
CLG0077,102,8.58,8.99,6,No,9,4,1,No,7.07,3.93,5.44,MEDIUM,4.56,MEDIUM,4.07
CLG0015,87,9.06,9.45,6,Yes,4,4,3,No,7.7,4.53,5.68,MEDIUM,4.32,MEDIUM,3.47
CLG0049,74,6.79,6.48,4,Yes,8,3,0,No,3.5,2.49,2.96,LOW,7.04,HIGH,5.51
CLG0004,103,5.84,5.74,8,No,7,10,1,No,3.72,6.2,5.03,MEDIUM,4.97,MEDIUM,1.8
CLG0014,113,5.46,5.8,9,Yes,0,4,0,No,3.87,1.33,3.31,LOW,6.69,HIGH,6.67
CLG0091,96,7.88,7.96,7,No,5,9,3,No,6.23,6.96,6.22,HIGH,3.78,LOW,1.04
CLG0010,121,9.89,10.0,7,Yes,10,7,2,Yes,8.93,6.27,7.45,HIGH,2.55,LOW,1.73
CLG0087,89,9.11,9.44,2,No,5,6,2,No,6.39,4.82,5.3,MEDIUM,4.7,MEDIUM,3.18
CLG0092,84,7.18,7.59,2,Yes,1,9,3,No,3.88,6.16,4.75,MEDIUM,5.25,MEDIUM,1.84
CLG0044,98,7.68,7.3,10,Yes,10,2,1,No,6.63,3.24,4.92,MEDIUM,5.08,MEDIUM,4.76
CLG0077,98,6.4,6.05,2,Yes,1,4,4,No,2.28,4.73,3.78,LOW,6.22,HIGH,3.27
CLG0036,111,5.82,5.4,4,No,0,9,0,No,2.12,3.56,3.47,LOW,6.53,HIGH,4.44
CLG0059,88,7.41,7.85,9,No,5,8,4,No,6.54,7.31,6.34,HIGH,3.66,LOW,0.69
CLG0032,120,7.32,7.3,5,No,8,1,0,No,4.75,1.6,3.89,LOW,6.11,HIGH,6.4
CLG0065,129,7.61,7.17,2,No,7,9,4,Yes,3.83,8.16,6.3,HIGH,3.7,LOW,0.0
CLG0064,99,9.76,9.58,4,No,4,10,0,No,7.55,4.8,5.93,HIGH,4.07,MEDIUM,3.2
CLG0004,118,8.02,7.87,7,No,7,2,2,No,6.25,3.44,5.19,MEDIUM,4.81,MEDIUM,4.56
CLG0001,84,8.03,8.34,5,Yes,1,1,0,No,5.94,0.2,3.19,LOW,6.81,HIGH,7.8
CLG0082,116,5.64,5.88,8,No,10,2,0,No,3.7,2.44,3.74,LOW,6.26,HIGH,5.56
CLG0077,115,9.98,10.0,1,Yes,5,10,3,Yes,6.99,7.4,7.02,HIGH,2.98,LOW,0.6
CLG0089,112,8.86,8.38,5,Yes,1,6,3,Yes,6.46,4.82,5.73,MEDIUM,4.27,MEDIUM,3.18
CLG0021,99,9.39,9.8,4,Yes,7,2,0,No,7.49,1.84,4.72,MEDIUM,5.28,MEDIUM,6.16
CLG0079,55,7.07,6.79,3,Yes,1,1,0,No,3.56,0.2,1.74,LOW,8.26,HIGH,7.8
CLG0041,90,7.51,7.64,7,No,4,5,1,No,5.78,3.38,4.5,MEDIUM,5.5,MEDIUM,4.62
CLG0041,90,7.61,7.17,10,No,6,2,2,No,6.49,3.24,4.73,MEDIUM,5.27,MEDIUM,4.76
CLG0010,85,5.97,5.55,1,No,6,4,0,No,1.32,2.53,2.29,LOW,7.71,HIGH,5.47
CLG0099,101,8.45,7.96,6,No,3,8,0,No,6.24,3.71,5.01,MEDIUM,4.99,MEDIUM,4.29
CLG0004,93,9.51,9.58,8,No,7,10,2,Yes,8.73,7.0,7.18,HIGH,2.82,LOW,1.0
CLG0069,87,5.82,5.95,2,Yes,6,6,1,No,1.86,4.22,3.22,LOW,6.78,HIGH,3.78
CLG0044,84,5.43,4.98,6,No,9,8,5,No,2.25,8.91,5.2,MEDIUM,4.8,MEDIUM,0.0
CLG0059,89,8.69,8.48,1,Yes,4,5,3,No,5.1,4.98,4.85,MEDIUM,5.15,MEDIUM,3.02
CLG0038,116,6.37,6.72,6,No,3,2,3,No,4.09,3.44,4.29,MEDIUM,5.71,MEDIUM,4.56
CLG0024,90,8.12,7.72,6,No,1,1,2,No,5.87,1.8,3.91,LOW,6.09,HIGH,6.2
CLG0024,92,8.48,8.2,5,Yes,1,8,0,No,6.1,3.31,4.64,MEDIUM,5.36,MEDIUM,4.69
CLG0019,93,6.61,6.53,7,Yes,3,1,5,No,4.42,4.6,4.5,MEDIUM,5.5,MEDIUM,3.4
CLG0084,105,9.08,9.42,5,No,7,10,3,Yes,7.36,7.8,7.16,HIGH,2.84,LOW,0.2
CLG0092,106,7.75,7.5,8,No,10,9,0,No,6.15,5.56,5.8,MEDIUM,4.2,MEDIUM,2.44
CLG0043,54,9.34,9.84,2,No,5,4,4,No,6.82,5.53,5.16,MEDIUM,4.84,MEDIUM,2.47
CLG0075,115,8.82,8.68,6,No,8,6,0,No,6.99,3.82,5.59,MEDIUM,4.41,MEDIUM,4.18
CLG0087,121,9.34,9.23,5,No,1,6,3,Yes,7.37,4.82,6.24,HIGH,3.76,LOW,3.18
CLG0079,84,5.1,4.72,10,No,6,3,0,No,3.19,2.09,2.85,LOW,7.15,HIGH,5.91
CLG0085,85,6.22,6.4,2,Yes,0,1,5,No,2.43,4.0,3.32,LOW,6.68,HIGH,4.0
CLG0100,93,5.45,5.19,7,No,1,6,0,No,2.75,2.42,2.96,LOW,7.04,HIGH,5.58
CLG0013,88,7.21,7.34,4,Yes,10,10,5,No,4.38,10.0,6.56,HIGH,3.44,LOW,0.0
CLG0032,103,9.45,9.17,6,No,8,5,1,No,7.73,4.18,5.82,MEDIUM,4.18,MEDIUM,3.82
CLG0010,70,7.34,7.23,5,No,7,4,1,No,4.71,3.53,3.79,LOW,6.21,HIGH,4.47
CLG0059,83,9.25,9.61,4,No,8,9,5,Yes,7.26,9.16,7.29,HIGH,2.71,LOW,0.0
CLG0046,123,6.64,6.88,2,Yes,6,4,0,No,3.03,2.53,3.63,LOW,6.37,HIGH,5.47
CLG0032,86,6.7,6.35,7,No,9,1,2,No,4.35,3.4,3.87,LOW,6.13,HIGH,4.6
CLG0049,118,9.48,9.59,5,Yes,10,10,2,Yes,7.72,7.6,7.44,HIGH,2.56,LOW,0.4
CLG0084,105,7.13,7.26,3,No,8,6,2,No,3.94,5.42,4.84,MEDIUM,5.16,MEDIUM,2.58
CLG0039,72,8.95,8.54,6,No,3,7,2,No,6.97,4.87,5.27,MEDIUM,4.73,MEDIUM,3.13
CLG0051,109,6.18,6.15,8,No,2,1,3,No,4.22,2.8,3.97,LOW,6.03,HIGH,5.2
CLG0016,98,9.74,9.5,10,Yes,3,9,2,Yes,9.48,5.76,7.07,HIGH,2.93,LOW,2.24
CLG0039,93,7.87,7.84,10,No,4,10,3,No,7.14,7.2,6.62,HIGH,3.38,LOW,0.8
CLG0060,103,8.8,9.08,2,Yes,9,2,2,No,5.94,3.84,4.97,MEDIUM,5.03,MEDIUM,4.16
CLG0005,107,5.45,5.11,10,Yes,3,7,5,No,3.69,7.27,5.51,MEDIUM,4.49,MEDIUM,0.73
CLG0081,110,7.46,7.08,4,No,3,8,0,No,4.34,3.71,4.4,MEDIUM,5.6,MEDIUM,4.29
CLG0100,117,9.51,9.28,3,Yes,6,8,5,Yes,6.85,8.31,7.36,HIGH,2.64,LOW,0.0
CLG0064,106,9.39,9.84,7,Yes,3,1,2,No,8.52,2.2,5.4,MEDIUM,4.6,MEDIUM,5.8
CLG0048,79,5.23,5.48,10,Yes,3,10,0,No,3.83,4.6,4.02,LOW,5.98,HIGH,3.4
CLG0026,92,6.52,6.04,8,No,8,1,5,No,4.34,5.6,4.85,MEDIUM,5.15,MEDIUM,2.4
CLG0051,144,7.22,7.12,8,No,8,10,0,No,5.56,5.6,6.22,HIGH,3.78,LOW,2.4
CLG0068,110,5.86,5.62,4,Yes,4,4,5,No,2.31,6.13,4.56,MEDIUM,5.44,MEDIUM,1.87
CLG0026,135,8.65,8.79,10,Yes,8,2,1,No,8.3,2.84,6.06,HIGH,3.94,LOW,5.16
CLG0020,120,5.92,5.88,2,No,10,10,5,Yes,1.87,10.0,6.1,HIGH,3.9,LOW,0.0
CLG0077,103,6.73,7.19,6,No,1,4,5,No,4.65,5.53,5.13,MEDIUM,4.87,MEDIUM,2.47
CLG0071,104,8.32,8.04,3,Yes,4,6,4,No,5.22,6.22,5.65,MEDIUM,4.35,MEDIUM,1.78
CLG0024,99,7.41,7.5,8,No,10,3,5,No,5.95,6.89,6.13,HIGH,3.87,LOW,1.11
CLG0067,73,8.69,8.89,3,No,6,10,4,Yes,6.07,8.4,6.34,HIGH,3.66,LOW,0.0
CLG0067,100,9.81,10.0,2,No,7,3,5,No,7.22,6.29,6.41,HIGH,3.59,LOW,1.71
CLG0050,118,5.58,5.49,9,Yes,4,1,0,No,3.71,0.8,3.12,LOW,6.88,HIGH,7.2
CLG0016,91,8.55,8.74,9,No,8,5,5,No,7.87,7.38,6.95,HIGH,3.05,LOW,0.62
CLG0095,106,6.15,5.95,9,Yes,10,7,4,No,4.39,7.87,6.02,HIGH,3.98,LOW,0.13
CLG0033,112,7.07,7.01,3,Yes,2,6,4,No,3.72,5.82,5.03,MEDIUM,4.97,MEDIUM,2.18
CLG0078,86,5.16,5.56,2,Yes,7,4,2,No,1.18,4.33,2.97,LOW,7.03,HIGH,3.67
CLG0050,93,5.68,6.13,4,No,10,6,4,No,2.57,7.42,4.88,MEDIUM,5.12,MEDIUM,0.58
CLG0089,84,6.6,6.82,2,No,8,3,4,No,2.96,5.69,4.2,LOW,5.8,HIGH,2.31
CLG0002,87,6.71,6.58,8,No,6,3,4,No,4.85,5.29,4.84,MEDIUM,5.16,MEDIUM,2.71
CLG0059,80,9.5,9.82,10,No,4,7,5,No,9.57,7.47,7.48,HIGH,2.52,LOW,0.53
CLG0041,86,8.71,8.24,1,No,8,9,1,No,4.94,5.96,5.13,MEDIUM,4.87,MEDIUM,2.04
CLG0077,121,9.86,9.46,2,No,10,1,4,Yes,6.85,5.2,6.19,HIGH,3.81,LOW,2.8
CLG0063,86,8.0,8.16,6,Yes,7,4,2,No,6.12,4.33,4.95,MEDIUM,5.05,MEDIUM,3.67
CLG0082,101,6.21,6.0,9,Yes,7,10,3,No,4.46,7.8,5.93,HIGH,4.07,MEDIUM,0.2
CLG0062,92,6.64,7.09,10,Yes,5,5,1,No,5.85,3.58,4.64,MEDIUM,5.36,MEDIUM,4.42
CLG0084,117,6.6,6.54,5,Yes,1,2,2,No,3.76,2.24,3.7,LOW,6.3,HIGH,5.76
CLG0002,119,6.63,6.56,5,No,3,10,0,No,3.79,4.6,4.69,MEDIUM,5.31,MEDIUM,3.4
CLG0007,112,8.36,8.54,3,No,0,3,2,Yes,5.61,2.49,4.45,MEDIUM,5.55,MEDIUM,5.51
CLG0077,104,7.65,7.92,8,No,9,5,3,No,6.4,5.98,6.03,HIGH,3.97,LOW,2.02
CLG0008,96,6.93,6.91,6,No,4,8,1,No,4.56,4.71,4.65,MEDIUM,5.35,MEDIUM,3.29
CLG0003,82,5.75,5.46,10,No,9,3,3,No,4.12,5.09,4.38,MEDIUM,5.62,MEDIUM,2.91
CLG0014,129,5.11,5.38,2,No,0,3,5,No,1.01,4.89,3.86,LOW,6.14,HIGH,3.11
CLG0087,88,6.09,5.91,5,Yes,5,6,0,No,2.99,3.22,3.29,LOW,6.71,HIGH,4.78
CLG0072,109,5.54,5.22,4,Yes,9,8,0,No,1.82,4.91,3.85,LOW,6.15,HIGH,3.09
CLG0033,115,8.93,9.06,10,Yes,7,1,5,Yes,8.67,5.4,6.89,HIGH,3.11,LOW,2.6
CLG0027,91,5.56,5.15,9,No,9,7,0,No,3.45,4.47,4.02,LOW,5.98,HIGH,3.53
CLG0011,115,8.62,9.09,4,No,0,7,5,Yes,6.51,6.67,6.54,HIGH,3.46,LOW,1.33
CLG0097,111,6.93,7.06,8,No,5,3,5,No,5.34,5.89,5.69,MEDIUM,4.31,MEDIUM,2.11
CLG0011,125,5.37,5.86,1,No,3,3,5,No,1.19,5.49,4.11,LOW,5.89,HIGH,2.51
CLG0018,92,9.06,8.9,5,No,8,9,2,Yes,6.96,6.76,6.36,HIGH,3.64,LOW,1.24
CLG0092,80,7.9,8.37,9,Yes,7,10,2,Yes,7.21,7.0,6.35,HIGH,3.65,LOW,1.0
CLG0090,92,6.18,5.83,3,No,3,1,4,No,2.32,3.8,3.32,LOW,6.68,HIGH,4.2
CLG0094,103,9.47,9.01,6,No,10,1,0,No,7.62,2.0,4.91,MEDIUM,5.09,MEDIUM,6.0
CLG0074,100,5.23,4.76,10,Yes,10,2,3,No,3.3,4.84,4.26,MEDIUM,5.74,HIGH,3.16
CLG0042,94,6.01,5.97,6,Yes,1,6,0,No,3.32,2.42,3.2,LOW,6.8,HIGH,5.58
CLG0003,71,8.76,8.34,6,No,5,8,1,No,6.71,4.91,5.16,MEDIUM,4.84,MEDIUM,3.09
CLG0032,107,8.55,8.56,4,Yes,2,10,2,Yes,6.08,6.0,5.96,HIGH,4.04,LOW,2.0
CLG0036,129,6.45,6.28,7,No,0,1,0,No,4.14,0.0,3.16,LOW,6.84,HIGH,8.0
CLG0010,106,5.31,5.15,3,No,10,1,4,No,1.3,5.2,3.71,LOW,6.29,HIGH,2.8
CLG0085,109,9.29,9.43,6,Yes,6,2,0,No,7.82,1.64,4.95,MEDIUM,5.05,MEDIUM,6.36
CLG0055,108,6.57,6.23,10,No,3,7,4,No,5.18,6.47,5.81,MEDIUM,4.19,MEDIUM,1.53
CLG0071,105,5.98,6.25,5,No,8,4,2,No,3.17,4.53,4.17,LOW,5.83,HIGH,3.47
CLG0025,113,7.58,7.66,3,Yes,9,1,2,No,4.5,3.4,4.39,MEDIUM,5.61,MEDIUM,4.6
CLG0062,105,9.55,9.96,2,No,9,8,4,Yes,7.03,8.11,7.15,HIGH,2.85,LOW,0.0
CLG0034,95,5.22,5.08,1,No,10,4,5,No,0.53,7.33,4.07,LOW,5.93,HIGH,0.67
CLG0025,88,8.83,9.31,8,No,10,7,1,No,8.13,5.47,6.24,HIGH,3.76,LOW,2.53
CLG0073,96,7.86,7.94,1,No,10,8,5,No,4.21,9.11,6.27,HIGH,3.73,LOW,0.0
CLG0008,104,7.13,7.6,5,Yes,2,1,5,No,4.85,4.4,4.78,MEDIUM,5.22,MEDIUM,3.6
CLG0053,95,8.72,8.25,5,No,9,2,2,No,6.28,3.84,4.97,MEDIUM,5.03,MEDIUM,4.16
CLG0099,104,9.83,10.0,1,Yes,9,2,4,No,6.9,5.44,6.01,HIGH,3.99,LOW,2.56
CLG0092,106,6.15,6.47,9,Yes,9,5,2,No,4.77,5.18,5.09,MEDIUM,4.91,MEDIUM,2.82
CLG0010,112,5.72,5.27,5,No,0,5,0,No,2.3,1.78,2.85,LOW,7.15,HIGH,6.22
CLG0078,119,9.56,9.64,9,Yes,1,6,3,Yes,9.14,4.82,6.92,HIGH,3.08,LOW,3.18
CLG0093,101,8.34,8.64,6,Yes,3,2,1,No,6.67,1.84,4.43,MEDIUM,5.57,MEDIUM,6.16
CLG0001,80,7.19,7.25,7,No,10,8,3,No,5.3,7.51,5.79,MEDIUM,4.21,MEDIUM,0.49
CLG0058,94,7.87,7.43,7,No,6,1,1,No,5.84,2.0,4.04,LOW,5.96,HIGH,6.0
CLG0019,100,8.73,8.92,2,Yes,7,9,0,No,5.78,4.96,5.3,MEDIUM,4.7,MEDIUM,3.04
CLG0078,72,8.87,8.43,5,No,3,5,4,No,6.51,5.58,5.37,MEDIUM,4.63,MEDIUM,2.42
CLG0020,120,9.6,9.92,2,Yes,2,10,5,Yes,7.03,8.4,7.52,HIGH,2.48,LOW,0.0
CLG0048,102,7.13,6.67,4,No,9,8,4,No,3.84,8.11,5.82,MEDIUM,4.18,MEDIUM,0.0
CLG0100,105,6.47,6.11,3,No,8,8,4,No,2.7,7.91,5.34,MEDIUM,4.66,MEDIUM,0.09
CLG0072,120,8.2,7.98,6,No,7,2,0,No,6.11,1.84,4.53,MEDIUM,5.47,MEDIUM,6.16
CLG0058,90,7.08,7.21,5,No,5,9,5,No,4.54,8.56,6.08,HIGH,3.92,LOW,0.0
CLG0038,108,7.97,8.45,1,Yes,8,6,3,No,4.65,6.22,5.49,MEDIUM,4.51,MEDIUM,1.78
CLG0042,98,7.1,6.72,2,Yes,7,3,2,No,3.19,3.89,3.81,LOW,6.19,HIGH,4.11
CLG0088,97,5.76,5.4,7,No,6,1,5,No,3.09,5.2,4.27,MEDIUM,5.73,MEDIUM,2.8
CLG0007,88,7.35,7.22,9,No,5,9,5,No,6.04,8.56,6.64,HIGH,3.36,LOW,0.0
CLG0069,124,8.45,8.79,1,No,9,3,4,Yes,5.18,5.89,5.85,MEDIUM,4.15,MEDIUM,2.11
CLG0078,94,9.0,8.97,4,No,2,1,2,No,6.65,2.0,4.37,MEDIUM,5.63,MEDIUM,6.0
CLG0073,110,7.47,7.29,3,Yes,10,5,3,No,4.16,6.18,5.32,MEDIUM,4.68,MEDIUM,1.82
CLG0020,71,5.83,5.89,5,No,5,8,2,No,2.82,5.71,3.92,LOW,6.08,HIGH,2.29
CLG0052,117,7.07,6.83,5,No,3,7,2,No,4.25,4.87,4.95,MEDIUM,5.05,MEDIUM,3.13
CLG0026,115,8.93,8.83,10,Yes,4,5,5,Yes,8.5,6.58,7.3,HIGH,2.7,LOW,1.42
CLG0089,101,7.06,6.89,10,No,6,2,2,No,5.96,3.24,4.71,MEDIUM,5.29,MEDIUM,4.76
CLG0084,96,8.48,8.78,2,No,6,2,0,No,5.53,1.64,3.81,LOW,6.19,HIGH,6.36
CLG0056,106,7.54,7.96,5,No,8,3,3,No,5.36,4.89,5.21,MEDIUM,4.79,MEDIUM,3.11
CLG0070,134,6.21,6.47,4,No,8,6,2,No,3.14,5.42,5.01,MEDIUM,4.99,MEDIUM,2.58
CLG0071,73,8.98,8.92,1,No,5,4,4,No,5.6,5.53,5.0,MEDIUM,5.0,MEDIUM,2.47
CLG0100,111,5.42,5.42,1,No,5,9,4,Yes,0.9,7.76,4.66,MEDIUM,5.34,MEDIUM,0.24
CLG0062,86,7.62,7.25,1,Yes,1,3,5,No,3.56,5.09,4.23,LOW,5.77,HIGH,2.91
CLG0062,99,6.04,6.29,8,No,7,6,3,No,4.24,6.02,5.1,MEDIUM,4.9,MEDIUM,1.98
CLG0036,96,5.34,5.44,3,No,2,4,5,No,1.53,5.73,3.84,LOW,6.16,HIGH,2.27
CLG0020,93,7.51,7.91,9,No,0,1,0,No,6.64,0.0,3.54,LOW,6.46,HIGH,8.0
CLG0018,99,7.5,7.2,10,Yes,3,1,2,No,6.45,2.2,4.45,MEDIUM,5.55,MEDIUM,5.8
CLG0072,82,8.53,8.79,2,No,4,8,0,No,5.56,3.91,4.49,MEDIUM,5.51,MEDIUM,4.09
CLG0027,115,8.72,8.9,9,No,2,3,3,Yes,8.09,3.69,5.98,HIGH,4.02,LOW,4.31
CLG0005,73,8.64,8.41,9,No,6,2,1,No,7.69,2.44,4.6,MEDIUM,5.4,MEDIUM,5.56
CLG0095,108,7.05,7.22,4,Yes,10,1,4,No,4.19,5.2,4.9,MEDIUM,5.1,MEDIUM,2.8
CLG0046,95,8.16,8.58,4,No,4,8,2,Yes,5.86,5.51,5.47,MEDIUM,4.53,MEDIUM,2.49
CLG0041,82,7.88,8.3,4,No,10,9,2,Yes,5.48,7.16,5.76,MEDIUM,4.24,MEDIUM,0.84
CLG0085,103,7.11,7.33,1,No,9,1,3,No,3.31,4.2,4.06,LOW,5.94,HIGH,3.8
CLG0052,76,7.99,7.54,5,Yes,4,8,3,No,5.33,6.31,5.25,MEDIUM,4.75,MEDIUM,1.69
CLG0003,100,9.74,10.0,6,No,5,1,5,No,8.51,5.0,6.41,HIGH,3.59,LOW,3.0
CLG0058,78,5.96,6.12,4,No,10,10,5,No,2.73,10.0,5.72,MEDIUM,4.28,MEDIUM,0.0
CLG0090,106,9.53,9.34,8,Yes,10,2,5,No,8.57,6.44,7.12,HIGH,2.88,LOW,1.56
CLG0081,86,5.27,4.96,3,Yes,5,1,0,No,1.14,1.0,1.63,LOW,8.37,HIGH,7.0
CLG0094,93,6.54,6.16,9,No,8,2,5,No,4.78,6.04,5.22,MEDIUM,4.78,MEDIUM,1.96
CLG0087,104,6.44,5.99,7,No,2,2,4,No,3.93,4.04,4.26,MEDIUM,5.74,HIGH,3.96
CLG0025,88,8.13,8.38,8,Yes,7,5,0,No,7.02,3.18,4.88,MEDIUM,5.12,MEDIUM,4.82
CLG0068,99,5.66,5.4,7,No,10,10,3,No,3.03,8.4,5.56,MEDIUM,4.44,MEDIUM,0.0
CLG0041,77,9.41,8.93,9,No,6,3,4,No,8.53,5.29,6.14,HIGH,3.86,LOW,2.71
CLG0075,109,9.14,9.04,2,No,8,1,3,No,6.11,4.0,5.21,MEDIUM,4.79,MEDIUM,4.0
CLG0062,126,8.26,8.24,4,No,4,10,5,Yes,5.67,8.8,7.24,HIGH,2.76,LOW,0.0
CLG0041,141,7.29,6.96,2,No,6,2,0,No,3.48,1.64,3.76,LOW,6.24,HIGH,6.36
CLG0082,101,9.66,9.2,8,No,7,4,5,No,8.54,6.73,7.13,HIGH,2.87,LOW,1.27
CLG0033,111,9.15,8.84,2,No,8,7,0,No,5.97,4.27,5.29,MEDIUM,4.71,MEDIUM,3.73
CLG0100,73,7.5,7.68,8,No,7,1,0,No,6.13,1.4,3.56,LOW,6.44,HIGH,6.6
CLG0038,122,8.51,8.09,6,No,1,5,1,No,6.37,2.78,5.04,MEDIUM,4.96,MEDIUM,5.22
CLG0018,111,7.83,7.89,7,No,10,2,0,No,6.15,2.44,4.63,MEDIUM,5.37,MEDIUM,5.56
CLG0054,92,7.94,7.59,6,No,5,8,2,No,5.67,5.71,5.42,MEDIUM,4.58,MEDIUM,2.29
CLG0049,118,6.65,6.35,9,No,3,2,0,No,4.98,1.04,3.72,LOW,6.28,HIGH,6.96
CLG0061,96,7.31,7.2,4,Yes,3,4,5,No,4.33,5.93,5.04,MEDIUM,4.96,MEDIUM,2.07
CLG0016,93,5.39,4.99,1,Yes,8,6,3,No,0.56,6.22,3.6,LOW,6.4,HIGH,1.78
CLG0086,107,6.79,6.46,9,No,6,9,5,No,5.15,8.76,6.69,HIGH,3.31,LOW,0.0
CLG0085,84,8.48,8.33,10,Yes,5,10,0,No,7.86,5.0,5.88,MEDIUM,4.12,MEDIUM,3.0
CLG0044,115,9.77,9.6,8,Yes,1,4,3,Yes,8.9,3.93,6.4,HIGH,3.6,LOW,4.07
CLG0031,84,9.82,10.0,1,No,0,4,3,No,6.89,3.73,4.98,MEDIUM,5.02,MEDIUM,4.27
CLG0095,84,7.78,7.35,10,No,9,7,5,No,6.73,8.47,6.82,HIGH,3.18,LOW,0.0
CLG0027,86,8.03,8.39,6,No,3,1,4,No,6.31,3.8,4.81,MEDIUM,5.19,MEDIUM,4.2
CLG0041,111,5.93,6.25,10,No,8,5,1,No,4.81,4.18,4.79,MEDIUM,5.21,MEDIUM,3.82
CLG0003,90,8.48,8.75,4,No,3,5,3,No,6.17,4.78,5.22,MEDIUM,4.78,MEDIUM,3.22
CLG0095,79,5.35,5.16,2,No,1,1,3,No,1.0,2.6,2.09,LOW,7.91,HIGH,5.4
CLG0034,90,6.42,6.74,3,No,7,6,2,No,3.13,5.22,4.18,LOW,5.82,HIGH,2.78
CLG0090,99,8.34,8.02,9,Yes,5,9,0,No,7.22,4.56,5.7,MEDIUM,4.3,MEDIUM,3.44
CLG0088,82,6.55,6.17,5,No,0,7,1,No,3.46,3.47,3.47,LOW,6.53,HIGH,4.53
CLG0010,82,5.25,4.79,7,No,3,2,1,No,2.33,1.84,2.37,LOW,7.63,HIGH,6.16
CLG0057,131,9.16,9.6,2,Yes,9,4,5,Yes,6.54,7.13,7.01,HIGH,2.99,LOW,0.87
CLG0029,87,6.55,6.36,8,No,4,8,4,No,4.6,7.11,5.47,MEDIUM,4.53,MEDIUM,0.89
CLG0038,95,5.32,5.74,3,No,0,1,3,No,1.74,2.4,2.58,LOW,7.42,HIGH,5.6
CLG0077,94,5.37,5.14,1,Yes,1,6,3,No,0.66,4.82,3.1,LOW,6.9,HIGH,3.18
CLG0006,93,6.26,6.67,8,Yes,8,3,2,No,4.65,4.09,4.38,MEDIUM,5.62,MEDIUM,3.91
CLG0014,109,5.89,6.29,9,No,0,3,1,No,4.48,1.69,3.63,LOW,6.37,HIGH,6.31
CLG0094,114,8.87,9.29,8,Yes,10,1,0,No,8.14,2.0,5.3,MEDIUM,4.7,MEDIUM,6.0
CLG0004,95,6.61,6.61,1,No,7,8,4,No,2.48,7.71,5.0,MEDIUM,5.0,MEDIUM,0.29
CLG0045,81,9.02,9.39,7,Yes,10,5,4,No,7.97,6.98,6.66,HIGH,3.34,LOW,1.02
CLG0092,119,5.87,6.32,7,No,8,1,4,No,3.83,4.8,4.79,MEDIUM,5.21,MEDIUM,3.2
CLG0039,98,7.46,7.28,4,Yes,1,5,4,No,4.48,5.18,4.84,MEDIUM,5.16,MEDIUM,2.82
CLG0074,125,8.44,8.36,8,Yes,1,5,5,Yes,7.2,5.98,6.71,HIGH,3.29,LOW,2.02
CLG0054,66,8.26,8.48,5,Yes,6,9,1,No,6.18,5.56,5.12,MEDIUM,4.88,MEDIUM,2.44
CLG0026,102,8.01,7.81,4,Yes,9,10,3,No,5.2,8.2,6.4,HIGH,3.6,LOW,0.0
CLG0098,128,9.62,9.87,5,No,8,3,1,No,8.01,3.29,6.01,HIGH,3.99,LOW,4.71
CLG0029,94,6.14,5.71,2,Yes,9,9,5,No,1.87,9.36,5.4,MEDIUM,4.6,MEDIUM,0.0
CLG0062,96,7.47,7.49,4,No,8,8,0,No,4.64,4.71,4.68,MEDIUM,5.32,MEDIUM,3.29
CLG0008,104,9.42,9.04,10,Yes,2,10,4,Yes,8.95,7.6,7.7,HIGH,2.3,LOW,0.4
CLG0039,91,5.39,5.18,8,No,6,2,5,No,3.04,5.64,4.33,MEDIUM,5.67,MEDIUM,2.36
CLG0018,95,5.28,5.04,7,No,5,9,1,No,2.53,5.36,4.08,LOW,5.92,HIGH,2.64
CLG0073,94,6.17,6.51,8,Yes,7,5,0,No,4.48,3.18,3.97,LOW,6.03,HIGH,4.82
CLG0022,90,8.17,7.86,7,No,7,8,2,No,6.33,6.11,5.81,MEDIUM,4.19,MEDIUM,1.89
CLG0018,118,6.3,6.61,7,No,7,8,4,Yes,4.3,7.71,6.12,HIGH,3.88,LOW,0.29
CLG0037,106,5.95,6.24,7,No,7,4,5,No,3.82,6.73,5.33,MEDIUM,4.67,MEDIUM,1.27
CLG0033,103,7.29,7.29,2,No,10,1,3,No,3.72,4.4,4.31,MEDIUM,5.69,MEDIUM,3.6
CLG0048,112,8.07,7.8,3,No,9,9,3,Yes,4.9,7.76,6.28,HIGH,3.72,LOW,0.24
CLG0048,96,6.24,5.97,1,Yes,5,6,3,No,1.79,5.62,3.9,LOW,6.1,HIGH,2.38
CLG0002,88,6.5,6.46,2,No,8,2,0,No,2.64,2.04,2.68,LOW,7.32,HIGH,5.96
CLG0026,90,8.07,7.58,10,No,4,4,1,No,7.07,2.93,4.84,MEDIUM,5.16,MEDIUM,5.07
CLG0017,100,9.73,9.76,6,Yes,3,10,4,Yes,8.33,7.8,7.46,HIGH,2.54,LOW,0.2
CLG0004,84,8.37,8.82,2,Yes,6,5,4,No,5.49,6.18,5.4,MEDIUM,4.6,MEDIUM,1.82
CLG0009,92,8.91,8.56,1,No,2,6,5,No,5.29,6.62,5.64,MEDIUM,4.36,MEDIUM,1.38
CLG0010,92,6.83,6.9,8,No,7,5,4,No,5.16,6.38,5.49,MEDIUM,4.51,MEDIUM,1.62
CLG0069,131,6.36,6.82,9,No,7,9,4,Yes,5.15,8.16,6.86,HIGH,3.14,LOW,0.0
CLG0038,58,7.27,7.63,7,No,10,10,2,No,5.63,7.6,5.58,MEDIUM,4.42,MEDIUM,0.4
CLG0049,97,9.04,9.39,3,No,4,2,5,No,6.64,5.24,5.71,MEDIUM,4.29,MEDIUM,2.76
CLG0040,125,7.28,7.6,1,No,9,3,4,No,3.61,5.89,5.24,MEDIUM,4.76,MEDIUM,2.11
CLG0049,101,9.23,9.04,4,No,7,10,2,Yes,6.83,7.0,6.56,HIGH,3.44,LOW,1.0
CLG0086,111,9.94,10.0,10,No,2,3,1,No,9.96,2.09,6.02,HIGH,3.98,LOW,5.91
CLG0019,101,5.36,5.8,3,Yes,2,3,3,No,1.81,3.69,3.23,LOW,6.77,HIGH,4.31
CLG0037,89,5.23,5.23,3,Yes,3,6,2,No,1.31,4.42,3.11,LOW,6.89,HIGH,3.58
CLG0097,66,5.75,5.6,2,No,8,8,3,No,1.56,7.11,3.9,LOW,6.1,HIGH,0.89
CLG0049,103,6.92,6.83,10,No,4,5,3,No,5.83,4.98,5.38,MEDIUM,4.62,MEDIUM,3.02
CLG0006,88,5.66,5.49,3,No,5,6,0,No,1.76,3.22,2.8,LOW,7.2,HIGH,4.78
CLG0064,87,9.35,9.06,5,Yes,3,1,2,No,7.25,2.2,4.57,MEDIUM,5.43,MEDIUM,5.8
CLG0023,92,5.12,5.24,4,No,8,10,4,No,1.58,8.8,5.02,MEDIUM,4.98,MEDIUM,0.0
CLG0078,126,6.58,6.64,1,No,3,3,5,No,2.49,5.49,4.64,MEDIUM,5.36,MEDIUM,2.51
CLG0031,136,5.92,5.88,1,Yes,2,4,0,No,1.53,1.73,2.93,LOW,7.07,HIGH,6.27
CLG0053,103,9.66,9.26,1,No,1,7,4,No,6.25,6.07,5.99,HIGH,4.01,LOW,1.93
CLG0033,93,8.35,8.65,10,No,2,5,5,No,8.02,6.18,6.57,HIGH,3.43,LOW,1.82
CLG0017,82,9.56,9.23,9,Yes,0,1,3,No,8.84,2.4,5.2,MEDIUM,4.8,MEDIUM,5.6
CLG0065,107,9.86,9.47,9,No,10,3,0,No,9.19,2.89,5.96,HIGH,4.04,LOW,5.11
CLG0076,126,7.49,7.61,9,No,7,2,4,No,6.41,5.04,6.03,HIGH,3.97,LOW,2.96
CLG0067,96,6.17,6.07,10,No,0,6,4,No,4.82,5.42,5.04,MEDIUM,4.96,MEDIUM,2.58
CLG0045,64,5.97,5.53,4,No,5,5,1,No,2.31,3.58,2.75,LOW,7.25,HIGH,4.42
CLG0100,110,6.11,5.97,4,No,10,3,0,No,2.71,2.89,3.42,LOW,6.58,HIGH,5.11
CLG0088,114,8.54,8.81,10,No,1,2,0,No,8.25,0.64,4.8,MEDIUM,5.2,MEDIUM,7.36
CLG0078,76,5.2,5.32,7,No,10,1,3,No,2.69,4.4,3.43,LOW,6.57,HIGH,3.6
CLG0037,102,5.26,5.12,3,Yes,10,2,5,No,1.25,6.44,4.12,LOW,5.88,HIGH,1.56
CLG0092,106,8.04,7.73,10,No,2,5,3,No,7.16,4.58,5.81,MEDIUM,4.19,MEDIUM,3.42
CLG0027,98,8.21,8.34,3,Yes,8,5,0,No,5.38,3.38,4.48,MEDIUM,5.52,MEDIUM,4.62
CLG0020,88,8.33,8.72,4,No,8,9,1,No,6.06,5.96,5.61,MEDIUM,4.39,MEDIUM,2.04
CLG0079,115,6.86,7.01,6,Yes,5,6,1,No,4.59,4.02,4.71,MEDIUM,5.29,MEDIUM,3.98
CLG0042,93,9.03,9.34,1,No,6,3,5,No,5.93,6.09,5.7,MEDIUM,4.3,MEDIUM,1.91
CLG0025,77,7.67,7.69,3,No,4,10,3,No,4.58,7.2,5.33,MEDIUM,4.67,MEDIUM,0.8
CLG0070,69,5.53,5.75,5,No,6,3,2,No,2.54,3.69,2.97,LOW,7.03,HIGH,4.31
CLG0051,118,8.99,9.39,4,Yes,5,3,4,Yes,6.95,5.09,6.13,HIGH,3.87,LOW,2.91
CLG0078,109,9.77,10.0,8,No,4,8,3,Yes,9.2,6.31,7.37,HIGH,2.63,LOW,1.69
CLG0039,101,5.3,5.71,9,No,2,9,1,No,3.7,4.76,4.41,MEDIUM,5.59,MEDIUM,3.24
CLG0030,93,6.96,6.89,8,Yes,1,3,0,No,5.23,1.09,3.42,LOW,6.58,HIGH,6.91
CLG0047,92,7.44,7.84,9,Yes,4,1,1,No,6.55,1.6,4.13,LOW,5.87,HIGH,6.4
CLG0047,83,5.73,5.85,8,Yes,7,8,0,No,3.73,4.51,4.01,LOW,5.99,HIGH,3.49
CLG0050,93,9.34,9.71,10,Yes,4,10,3,Yes,9.39,7.2,7.52,HIGH,2.48,LOW,0.8
CLG0028,68,6.42,5.96,1,No,2,2,4,No,1.89,4.04,2.83,LOW,7.17,HIGH,3.96
CLG0031,88,8.92,9.08,7,No,9,7,5,No,7.68,8.47,7.26,HIGH,2.74,LOW,0.0
CLG0073,95,8.35,8.7,9,Yes,2,7,4,No,7.72,6.27,6.52,HIGH,3.48,LOW,1.73
CLG0048,109,7.99,7.66,1,No,4,9,3,No,4.08,6.76,5.5,MEDIUM,4.5,MEDIUM,1.24
CLG0066,99,5.96,6.12,10,Yes,8,8,4,No,4.73,7.91,6.05,HIGH,3.95,LOW,0.09
CLG0053,111,6.1,6.42,1,Yes,7,9,4,Yes,2.04,8.16,5.28,MEDIUM,4.72,MEDIUM,0.0
CLG0060,120,5.24,5.03,10,No,6,1,5,No,3.5,5.2,4.83,MEDIUM,5.17,MEDIUM,2.8
CLG0047,115,6.2,6.11,2,Yes,4,3,2,No,2.2,3.29,3.46,LOW,6.54,HIGH,4.71
CLG0045,107,6.73,6.8,5,Yes,8,4,2,No,4.03,4.53,4.55,MEDIUM,5.45,MEDIUM,3.47
CLG0001,100,9.17,9.19,8,Yes,1,3,2,No,8.24,2.69,5.38,MEDIUM,4.62,MEDIUM,5.31
CLG0066,85,6.83,6.37,8,No,5,8,0,No,4.77,4.11,4.3,MEDIUM,5.7,MEDIUM,3.89
CLG0092,111,8.77,8.37,10,Yes,6,7,2,Yes,8.07,5.47,6.61,HIGH,3.39,LOW,2.53
CLG0100,125,7.2,6.8,4,Yes,6,5,3,No,3.98,5.38,5.18,MEDIUM,4.82,MEDIUM,2.62
CLG0023,105,8.92,8.68,7,No,10,5,5,No,7.38,7.78,7.16,HIGH,2.84,LOW,0.22
CLG0020,128,9.88,9.63,7,No,3,4,2,Yes,8.66,3.53,6.36,HIGH,3.64,LOW,4.47
CLG0033,77,6.2,6.44,9,No,1,5,5,No,4.78,5.98,4.92,MEDIUM,5.08,MEDIUM,2.02
CLG0094,82,9.31,9.38,9,Yes,0,5,3,No,8.8,4.18,5.89,MEDIUM,4.11,MEDIUM,3.82
CLG0089,112,8.11,8.37,3,Yes,0,4,2,Yes,5.34,2.93,4.52,MEDIUM,5.48,MEDIUM,5.07
CLG0048,103,9.09,8.66,8,Yes,2,5,4,No,7.81,5.38,6.34,HIGH,3.66,LOW,2.62
CLG0016,119,8.26,8.25,5,No,6,7,2,Yes,6.01,5.47,5.93,HIGH,4.07,MEDIUM,2.53
CLG0039,99,7.12,6.94,5,No,10,9,3,No,4.36,7.96,5.92,MEDIUM,4.08,MEDIUM,0.04
CLG0007,86,6.14,6.49,8,No,4,7,3,No,4.45,5.87,4.9,MEDIUM,5.1,MEDIUM,2.13
CLG0062,96,5.35,5.56,6,No,6,1,5,No,2.62,5.2,4.07,LOW,5.93,HIGH,2.8
CLG0044,77,7.68,8.05,10,Yes,8,9,3,Yes,7.18,7.56,6.51,HIGH,3.49,LOW,0.44
CLG0097,83,9.95,9.5,10,No,7,3,2,No,9.6,3.89,6.11,HIGH,3.89,LOW,4.11
CLG0098,114,8.69,8.91,1,No,0,2,0,No,5.42,0.44,3.59,LOW,6.41,HIGH,7.56
CLG0081,113,6.64,6.68,4,Yes,3,10,3,Yes,3.55,7.0,5.45,MEDIUM,4.55,MEDIUM,1.0
CLG0049,105,9.14,9.47,9,No,4,9,5,Yes,8.76,8.36,7.94,HIGH,2.06,LOW,0.0
CLG0004,74,8.84,8.85,5,Yes,6,2,0,No,6.79,1.64,3.94,LOW,6.06,HIGH,6.36
CLG0013,94,6.41,6.45,4,Yes,10,10,2,No,3.25,7.6,5.25,MEDIUM,4.75,MEDIUM,0.4
CLG0026,81,5.07,4.62,10,No,7,9,5,No,3.1,8.96,5.51,MEDIUM,4.49,MEDIUM,0.0
CLG0013,117,5.59,5.76,1,No,7,5,0,No,1.25,3.18,3.07,LOW,6.93,HIGH,4.82
CLG0096,91,9.39,9.16,9,No,3,6,0,No,8.69,2.82,5.46,MEDIUM,4.54,MEDIUM,5.18
CLG0043,83,9.18,8.7,8,Yes,10,7,3,No,7.89,7.07,6.7,HIGH,3.3,LOW,0.93
CLG0012,100,6.48,6.05,3,No,6,7,5,No,2.66,7.87,5.22,MEDIUM,4.78,MEDIUM,0.13
CLG0078,90,6.43,6.89,9,Yes,10,4,2,No,5.25,4.93,4.91,MEDIUM,5.09,MEDIUM,3.07
CLG0085,122,8.96,8.81,1,Yes,1,4,3,Yes,5.5,3.93,5.16,MEDIUM,4.84,MEDIUM,4.07
CLG0033,88,9.69,10.0,4,Yes,8,5,4,No,7.81,6.58,6.56,HIGH,3.44,LOW,1.42
CLG0067,79,8.9,9.36,5,No,5,9,1,No,7.2,5.36,5.67,MEDIUM,4.33,MEDIUM,2.64
CLG0007,67,8.03,8.47,4,No,3,10,0,No,5.7,4.6,4.56,MEDIUM,5.44,MEDIUM,3.4
CLG0079,99,6.21,6.59,4,No,5,1,2,No,3.23,2.6,3.32,LOW,6.68,HIGH,5.4
CLG0007,91,7.63,8.02,9,No,6,8,0,No,6.79,4.31,5.29,MEDIUM,4.71,MEDIUM,3.69
CLG0043,78,6.17,5.96,5,Yes,9,8,2,No,3.08,6.51,4.47,MEDIUM,5.53,MEDIUM,1.49
CLG0048,117,9.04,8.69,1,No,7,7,3,Yes,5.46,6.47,6.07,HIGH,3.93,LOW,1.53
CLG0090,110,6.93,7.07,7,No,3,6,1,No,5.01,3.62,4.63,MEDIUM,5.37,MEDIUM,4.38
CLG0026,99,9.17,9.16,6,No,8,3,1,No,7.55,3.29,5.33,MEDIUM,4.67,MEDIUM,4.71
CLG0076,120,6.91,6.51,9,Yes,5,8,1,No,5.26,4.91,5.42,MEDIUM,4.58,MEDIUM,3.09
CLG0059,109,9.12,9.3,4,No,0,7,1,No,6.96,3.47,5.33,MEDIUM,4.67,MEDIUM,4.53
CLG0056,87,6.67,6.73,10,No,2,8,0,No,5.61,3.51,4.43,MEDIUM,5.57,MEDIUM,4.49
CLG0040,84,7.2,7.56,6,Yes,0,2,2,No,5.2,2.04,3.63,LOW,6.37,HIGH,5.96
CLG0066,112,8.08,8.19,10,Yes,5,8,4,Yes,7.52,7.31,7.15,HIGH,2.85,LOW,0.69
CLG0015,105,5.35,5.42,7,Yes,5,7,2,No,2.85,5.27,4.34,MEDIUM,5.66,MEDIUM,2.73
CLG0044,102,9.74,9.68,4,No,6,6,0,No,7.61,3.42,5.45,MEDIUM,4.55,MEDIUM,4.58
CLG0095,87,7.87,7.83,9,Yes,0,9,5,No,6.8,7.56,6.53,HIGH,3.47,LOW,0.44
CLG0059,109,7.54,7.99,1,No,0,8,3,No,4.05,5.51,4.99,MEDIUM,5.01,MEDIUM,2.49
CLG0034,88,9.2,8.84,1,No,4,5,4,No,5.67,5.78,5.38,MEDIUM,4.62,MEDIUM,2.22
CLG0012,98,9.33,9.28,3,No,4,5,4,No,6.74,5.78,5.98,HIGH,4.02,LOW,2.22
CLG0006,121,7.61,7.77,9,No,0,9,5,Yes,6.6,7.56,7.03,HIGH,2.97,LOW,0.44
CLG0096,90,9.64,9.57,5,No,6,8,4,Yes,7.8,7.51,6.96,HIGH,3.04,LOW,0.49
CLG0100,76,5.32,5.1,1,No,6,4,0,No,0.6,2.53,1.85,LOW,8.15,HIGH,5.47
CLG0010,84,5.57,5.36,5,No,5,9,1,No,2.28,5.36,3.79,LOW,6.21,HIGH,2.64
CLG0080,114,7.98,7.71,6,No,6,6,5,No,5.78,7.42,6.53,HIGH,3.47,LOW,0.58
CLG0025,103,6.77,6.61,4,No,5,5,1,No,3.58,3.58,3.92,LOW,6.08,HIGH,4.42
CLG0094,98,7.32,7.69,7,Yes,9,10,1,No,5.7,6.6,5.89,MEDIUM,4.11,MEDIUM,1.4
CLG0040,92,6.64,6.65,3,Yes,1,7,2,No,3.2,4.47,3.94,LOW,6.06,HIGH,3.53
CLG0093,107,7.02,6.76,5,No,4,9,1,No,4.17,5.16,4.86,MEDIUM,5.14,MEDIUM,2.84
CLG0048,87,9.11,8.99,6,No,6,1,4,No,7.39,4.4,5.5,MEDIUM,4.5,MEDIUM,3.6
CLG0087,104,7.97,7.58,7,No,1,9,1,No,6.01,4.56,5.3,MEDIUM,4.7,MEDIUM,3.44
CLG0056,89,9.99,10.0,10,No,4,10,5,Yes,9.99,8.8,8.34,HIGH,1.66,LOW,0.0
CLG0060,86,8.93,8.84,2,Yes,2,5,5,No,5.84,6.18,5.58,MEDIUM,4.42,MEDIUM,1.82
CLG0007,90,6.37,6.85,5,Yes,8,9,4,No,3.85,8.36,5.72,MEDIUM,4.28,MEDIUM,0.0
CLG0047,94,6.32,6.17,7,No,9,5,4,No,3.99,6.78,5.21,MEDIUM,4.79,MEDIUM,1.22
CLG0014,99,6.68,7.02,7,No,0,7,2,No,4.82,4.27,4.63,MEDIUM,5.37,MEDIUM,3.73
CLG0002,103,9.22,8.98,3,No,6,7,5,No,6.45,7.87,6.79,HIGH,3.21,LOW,0.13
CLG0063,44,5.14,4.72,8,Yes,9,9,1,No,2.55,6.16,3.54,LOW,6.46,HIGH,1.84
CLG0037,87,6.15,5.68,1,Yes,3,5,3,No,1.53,4.78,3.31,LOW,6.69,HIGH,3.22
CLG0069,94,9.52,9.63,4,Yes,4,7,1,No,7.44,4.27,5.59,MEDIUM,4.41,MEDIUM,3.73
CLG0022,122,8.2,8.01,3,Yes,0,5,3,Yes,5.13,4.18,5.11,MEDIUM,4.89,MEDIUM,3.82
CLG0070,83,6.13,6.07,4,Yes,4,4,5,No,2.8,6.13,4.29,MEDIUM,5.71,MEDIUM,1.87
CLG0045,102,6.1,6.42,9,No,10,1,2,No,4.7,3.6,4.36,MEDIUM,5.64,MEDIUM,4.4
CLG0007,122,9.31,9.06,8,No,7,5,0,No,8.23,3.18,5.95,HIGH,4.05,LOW,4.82
CLG0100,80,9.47,9.28,4,No,5,4,2,No,7.15,3.93,5.1,MEDIUM,4.9,MEDIUM,4.07
CLG0005,105,6.28,6.63,8,No,1,1,2,No,4.63,1.8,3.67,LOW,6.33,HIGH,6.2
CLG0026,87,7.1,7.09,1,No,1,10,3,No,3.13,6.6,4.68,MEDIUM,5.32,MEDIUM,1.4
CLG0092,92,9.17,9.5,8,No,10,1,2,No,8.47,3.6,5.7,MEDIUM,4.3,MEDIUM,4.4
CLG0047,87,8.86,8.73,10,No,8,5,4,No,8.39,6.58,6.77,HIGH,3.23,LOW,1.42
CLG0087,89,9.07,8.97,2,No,0,9,2,Yes,6.02,5.16,5.29,MEDIUM,4.71,MEDIUM,2.84
CLG0066,140,7.59,7.26,6,No,1,1,5,No,5.21,4.2,5.46,MEDIUM,4.54,MEDIUM,3.8
CLG0021,112,9.56,9.98,6,No,7,8,2,Yes,8.39,6.11,7.01,HIGH,2.99,LOW,1.89
CLG0066,116,6.63,7.03,3,No,5,9,3,Yes,3.47,6.96,5.45,MEDIUM,4.55,MEDIUM,1.04
CLG0002,107,5.78,6.26,5,No,2,10,5,No,3.06,8.4,5.71,MEDIUM,4.29,MEDIUM,0.0
CLG0018,75,8.54,8.44,2,Yes,2,4,2,No,5.31,3.33,4.04,LOW,5.96,HIGH,4.67
CLG0091,105,7.7,8.02,8,No,10,8,2,Yes,6.5,6.71,6.38,HIGH,3.62,LOW,1.29
CLG0064,116,9.27,9.18,8,Yes,8,1,5,Yes,8.29,5.6,6.84,HIGH,3.16,LOW,2.4
CLG0046,87,5.41,5.36,5,No,1,4,5,No,2.18,5.53,3.87,LOW,6.13,HIGH,2.47
CLG0069,114,9.22,9.55,7,No,9,10,5,Yes,8.2,9.8,8.45,HIGH,1.55,LOW,0.0
CLG0009,110,6.47,6.15,8,No,4,2,1,No,4.39,2.04,3.75,LOW,6.25,HIGH,5.96
CLG0014,127,8.27,7.99,4,No,6,10,5,Yes,5.49,9.2,7.35,HIGH,2.65,LOW,0.0
CLG0068,93,5.2,5.01,2,No,5,4,4,No,0.8,5.53,3.42,LOW,6.58,HIGH,2.47
CLG0065,83,8.05,8.34,5,No,0,2,4,No,5.95,3.64,4.55,MEDIUM,5.45,MEDIUM,4.36
CLG0040,94,8.59,8.46,7,No,9,3,4,No,7.03,5.89,6.07,HIGH,3.93,LOW,2.11
CLG0022,121,6.84,6.7,4,No,2,1,2,No,3.69,2.0,3.64,LOW,6.36,HIGH,6.0
CLG0015,72,6.08,6.58,4,Yes,4,10,4,No,3.14,8.0,4.99,MEDIUM,5.01,MEDIUM,0.0
CLG0025,68,7.69,7.57,4,Yes,2,3,1,No,4.83,2.09,3.23,LOW,6.77,HIGH,5.91
CLG0064,101,9.17,8.92,9,No,2,7,0,No,8.38,3.07,5.61,MEDIUM,4.39,MEDIUM,4.93
CLG0051,93,6.62,6.74,9,No,4,8,0,No,5.25,3.91,4.55,MEDIUM,5.45,MEDIUM,4.09
CLG0032,100,6.26,6.56,10,Yes,7,6,1,No,5.24,4.42,4.87,MEDIUM,5.13,MEDIUM,3.58
CLG0095,114,6.39,5.96,8,Yes,9,1,0,No,4.21,1.8,3.65,LOW,6.35,HIGH,6.2
CLG0042,91,9.75,9.87,8,Yes,7,7,0,No,9.09,4.07,6.12,HIGH,3.88,LOW,3.93
CLG0087,71,6.8,6.34,7,No,7,3,3,No,4.4,4.69,4.15,LOW,5.85,HIGH,3.31
CLG0017,130,5.02,5.05,1,No,5,9,2,Yes,0.39,6.16,4.14,LOW,5.86,HIGH,1.84
CLG0034,85,8.91,8.67,8,No,8,2,3,No,7.7,4.44,5.61,MEDIUM,4.39,MEDIUM,3.56
CLG0069,84,8.5,8.31,4,No,4,9,3,Yes,5.86,6.76,5.78,MEDIUM,4.22,MEDIUM,1.24
CLG0047,116,5.64,5.61,1,No,9,10,1,No,1.17,6.6,4.39,MEDIUM,5.61,MEDIUM,1.4
CLG0042,94,9.92,10.0,1,Yes,6,2,0,No,6.95,1.64,4.34,MEDIUM,5.66,MEDIUM,6.36
CLG0094,99,8.04,8.25,3,Yes,0,2,1,No,5.21,1.24,3.57,LOW,6.43,HIGH,6.76
CLG0050,107,7.5,7.94,3,No,3,4,4,No,4.66,5.13,5.04,MEDIUM,4.96,MEDIUM,2.87
CLG0053,116,6.91,7.07,10,No,0,2,3,No,6.0,2.84,4.82,MEDIUM,5.18,MEDIUM,5.16
CLG0094,94,9.49,9.0,1,No,9,7,0,No,5.96,4.47,5.08,MEDIUM,4.92,MEDIUM,3.53
CLG0014,122,6.22,5.99,8,Yes,1,3,2,No,4.13,2.69,4.11,LOW,5.89,HIGH,5.31
CLG0089,67,6.43,6.84,4,Yes,5,4,3,No,3.54,4.73,3.75,LOW,6.25,HIGH,3.27
CLG0067,111,5.61,5.75,4,Yes,0,1,0,No,2.25,0.0,2.1,LOW,7.9,HIGH,8.0
CLG0020,87,8.8,9.28,6,No,8,10,4,Yes,7.42,8.8,7.27,HIGH,2.73,LOW,0.0
CLG0061,120,7.98,7.64,9,No,5,4,1,No,6.73,3.13,5.29,MEDIUM,4.71,MEDIUM,4.87
CLG0023,102,8.05,7.85,9,Yes,7,4,0,No,6.92,2.73,4.9,MEDIUM,5.1,MEDIUM,5.27
CLG0023,89,6.09,5.95,8,No,9,4,0,No,4.02,3.13,3.68,LOW,6.32,HIGH,4.87
CLG0021,109,8.26,8.09,1,No,9,9,3,Yes,4.56,7.76,6.09,HIGH,3.91,LOW,0.24
CLG0044,113,8.83,8.58,10,Yes,7,3,0,No,8.26,2.29,5.45,MEDIUM,4.55,MEDIUM,5.71
CLG0005,109,6.79,6.73,10,No,1,7,4,No,5.68,6.07,5.86,MEDIUM,4.14,MEDIUM,1.93
CLG0052,84,9.01,9.15,2,Yes,1,4,2,No,6.12,3.13,4.44,MEDIUM,5.56,MEDIUM,4.87
CLG0073,92,6.74,6.55,3,No,2,1,4,No,3.18,3.6,3.58,LOW,6.42,HIGH,4.4
CLG0039,99,8.79,8.37,5,Yes,10,10,0,No,6.41,6.0,5.96,HIGH,4.04,LOW,2.0
CLG0022,99,5.17,5.38,5,No,7,3,2,No,2.05,3.89,3.37,LOW,6.63,HIGH,4.11
CLG0083,111,7.76,7.72,10,No,10,9,4,Yes,6.99,8.76,7.5,HIGH,2.5,LOW,0.0
CLG0069,69,9.85,9.91,8,No,7,10,2,Yes,9.18,7.0,6.95,HIGH,3.05,LOW,1.0
CLG0068,105,9.91,9.87,2,No,4,6,5,No,7.18,7.02,6.77,HIGH,3.23,LOW,0.98
CLG0021,95,6.41,6.8,2,No,1,8,3,No,2.84,5.71,4.34,MEDIUM,5.66,MEDIUM,2.29
CLG0082,87,7.21,7.27,8,No,10,9,0,No,5.66,5.56,5.27,MEDIUM,4.73,MEDIUM,2.44
CLG0005,88,5.31,5.73,1,Yes,3,8,2,No,1.06,5.31,3.35,LOW,6.65,HIGH,2.69
CLG0061,96,9.37,9.38,9,No,3,5,1,No,8.83,3.18,5.74,MEDIUM,4.26,MEDIUM,4.82
CLG0077,45,7.84,7.63,2,No,6,6,3,No,4.3,5.82,4.12,LOW,5.88,HIGH,2.18
CLG0090,89,6.93,6.79,5,Yes,3,10,0,No,4.14,4.6,4.32,MEDIUM,5.68,MEDIUM,3.4
CLG0080,86,5.56,5.58,3,No,9,2,3,No,1.76,4.64,3.33,LOW,6.67,HIGH,3.36
CLG0011,107,9.73,9.76,5,Yes,5,9,1,No,8.0,5.36,6.47,HIGH,3.53,LOW,2.64
CLG0067,87,7.65,7.84,8,No,10,6,0,No,6.34,4.22,5.01,MEDIUM,4.99,MEDIUM,3.78
CLG0068,96,6.41,6.13,8,Yes,1,8,3,No,4.34,5.71,4.96,MEDIUM,5.04,MEDIUM,2.29
CLG0009,123,6.75,6.91,6,No,1,7,3,No,4.45,5.27,5.29,MEDIUM,4.71,MEDIUM,2.73
CLG0094,114,6.35,6.63,9,Yes,10,10,2,Yes,5.01,7.6,6.29,HIGH,3.71,LOW,0.4
CLG0051,113,8.01,8.19,7,Yes,4,2,2,Yes,6.48,2.84,4.96,MEDIUM,5.04,MEDIUM,5.16
CLG0060,92,9.65,9.63,2,No,0,2,3,No,6.85,2.84,4.75,MEDIUM,5.25,MEDIUM,5.16
CLG0045,108,9.28,9.77,1,No,1,5,2,No,6.4,3.58,5.14,MEDIUM,4.86,MEDIUM,4.42
CLG0060,96,7.3,7.2,8,Yes,2,3,0,No,5.66,1.29,3.72,LOW,6.28,HIGH,6.71
CLG0058,97,9.13,8.74,1,No,8,1,2,No,5.55,3.2,4.46,MEDIUM,5.54,MEDIUM,4.8
CLG0076,106,7.12,7.44,8,Yes,8,10,0,No,5.73,5.6,5.64,MEDIUM,4.36,MEDIUM,2.4
CLG0054,91,6.26,5.97,9,No,6,3,0,No,4.47,2.09,3.48,LOW,6.52,HIGH,5.91
CLG0049,122,9.92,10.0,1,Yes,4,7,0,No,6.95,3.47,5.55,MEDIUM,4.45,MEDIUM,4.53
CLG0013,97,6.52,6.2,7,Yes,1,10,0,No,4.13,4.2,4.29,MEDIUM,5.71,MEDIUM,3.8
CLG0021,109,6.62,6.14,5,No,1,9,3,No,3.48,6.16,5.02,MEDIUM,4.98,MEDIUM,1.84
CLG0021,121,9.95,9.61,8,Yes,7,4,4,Yes,9.02,5.93,7.35,HIGH,2.65,LOW,2.07
CLG0027,115,5.67,5.55,4,Yes,2,8,4,Yes,2.14,6.71,4.8,MEDIUM,5.2,MEDIUM,1.29
CLG0069,78,8.8,8.41,2,No,6,6,0,No,5.45,3.42,4.18,LOW,5.82,HIGH,4.58
CLG0081,106,9.68,9.38,7,No,5,4,4,No,8.35,5.53,6.66,HIGH,3.34,LOW,2.47
CLG0055,112,7.56,7.82,7,Yes,5,3,0,No,5.94,1.89,4.35,MEDIUM,5.65,MEDIUM,6.11
CLG0085,113,5.01,5.28,8,Yes,2,5,4,No,2.88,5.38,4.53,MEDIUM,5.47,MEDIUM,2.62
CLG0065,83,6.88,7.2,9,No,5,3,5,No,5.74,5.89,5.37,MEDIUM,4.63,MEDIUM,2.11
CLG0016,90,5.56,5.9,6,No,3,8,1,No,3.0,4.51,3.84,LOW,6.16,HIGH,3.49
CLG0022,114,7.08,7.0,3,No,0,6,2,No,3.72,3.82,4.26,MEDIUM,5.74,HIGH,4.18
CLG0087,88,8.95,9.32,5,No,7,6,4,No,7.21,6.82,6.42,HIGH,3.58,LOW,1.18
CLG0020,95,7.19,7.22,3,No,8,7,0,No,3.94,4.27,4.21,LOW,5.79,HIGH,3.73
CLG0049,123,7.16,7.13,10,Yes,2,7,2,No,6.19,4.67,5.75,MEDIUM,4.25,MEDIUM,3.33
CLG0072,99,7.78,8.0,9,No,10,8,2,No,6.87,6.71,6.42,HIGH,3.58,LOW,1.29
CLG0046,89,7.91,7.62,5,Yes,0,5,3,No,5.34,4.18,4.63,MEDIUM,5.37,MEDIUM,3.82
CLG0049,86,9.28,9.57,7,No,0,5,3,No,8.25,4.18,5.74,MEDIUM,4.26,MEDIUM,3.82
CLG0094,104,6.54,6.47,10,Yes,0,6,4,No,5.34,5.42,5.38,MEDIUM,4.62,MEDIUM,2.58
CLG0066,80,9.11,8.74,7,Yes,8,4,3,No,7.54,5.33,5.81,MEDIUM,4.19,MEDIUM,2.67
CLG0062,96,7.83,7.45,7,Yes,9,2,0,No,5.83,2.24,4.17,LOW,5.83,HIGH,5.76
CLG0063,104,6.5,6.16,10,No,4,2,3,No,5.09,3.64,4.57,MEDIUM,5.43,MEDIUM,4.36
CLG0032,119,6.48,6.87,4,No,2,2,1,No,3.59,1.64,3.43,LOW,6.57,HIGH,6.36
CLG0083,110,6.81,7.3,4,No,9,2,4,No,4.11,5.44,5.0,MEDIUM,5.0,MEDIUM,2.56
CLG0013,89,8.11,7.97,3,No,8,5,2,No,5.05,4.98,4.83,MEDIUM,5.17,MEDIUM,3.02
CLG0042,117,6.15,5.94,4,Yes,9,2,5,No,2.72,6.24,4.88,MEDIUM,5.12,MEDIUM,1.76
CLG0088,95,9.6,9.32,9,No,8,7,2,No,8.93,5.87,6.84,HIGH,3.16,LOW,2.13
CLG0010,81,7.87,8.19,5,Yes,5,4,1,No,5.73,3.13,4.23,LOW,5.77,HIGH,4.87
CLG0047,97,9.6,9.31,6,Yes,4,10,0,No,7.92,4.8,6.05,HIGH,3.95,LOW,3.2
CLG0069,121,5.23,5.65,4,No,0,5,2,No,1.95,3.38,3.5,LOW,6.5,HIGH,4.62
CLG0091,102,6.71,6.88,1,No,5,2,1,No,2.74,2.24,3.03,LOW,6.97,HIGH,5.76
CLG0060,100,5.11,5.51,7,No,4,1,3,No,2.78,3.2,3.4,LOW,6.6,HIGH,4.8
CLG0061,124,6.36,6.41,7,No,8,9,4,Yes,4.19,8.36,6.44,HIGH,3.56,LOW,0.0
CLG0058,78,9.31,9.5,6,Yes,6,6,1,No,7.89,4.22,5.48,MEDIUM,4.52,MEDIUM,3.78
CLG0025,80,5.18,5.3,4,No,2,5,1,No,1.66,2.98,2.52,LOW,7.48,HIGH,5.02
CLG0071,75,7.18,7.51,10,No,4,5,3,No,6.48,4.98,5.17,MEDIUM,4.83,MEDIUM,3.02
CLG0062,105,5.59,5.93,8,No,5,2,0,No,3.71,1.44,3.15,LOW,6.85,HIGH,6.56
CLG0061,102,7.08,7.17,8,Yes,10,8,5,No,5.51,9.11,6.89,HIGH,3.11,LOW,0.0
CLG0045,123,9.19,9.32,1,No,1,4,5,Yes,6.02,5.53,6.02,HIGH,3.98,LOW,2.47
CLG0027,103,8.12,8.54,9,Yes,6,4,3,No,7.47,4.93,6.02,HIGH,3.98,LOW,3.07
CLG0052,93,8.68,9.11,8,No,8,8,3,Yes,7.89,7.11,6.89,HIGH,3.11,LOW,0.89
CLG0059,100,6.75,6.91,2,Yes,9,4,2,No,3.12,4.73,4.15,LOW,5.85,HIGH,3.27
CLG0085,101,9.72,9.23,9,No,8,1,5,No,8.93,5.6,6.84,HIGH,3.16,LOW,2.4
CLG0043,74,8.55,8.15,4,No,4,4,1,No,5.77,2.93,4.04,LOW,5.96,HIGH,5.07
CLG0028,140,7.11,7.47,10,No,7,10,1,No,6.41,6.2,6.74,HIGH,3.26,LOW,1.8
CLG0021,107,7.13,6.71,6,No,8,1,3,No,4.53,4.0,4.54,MEDIUM,5.46,MEDIUM,4.0
CLG0034,103,9.59,9.3,2,Yes,5,6,3,No,6.57,5.62,5.94,HIGH,4.06,LOW,2.38
CLG0085,109,7.88,7.61,10,Yes,3,2,1,No,6.98,1.84,4.69,MEDIUM,5.31,MEDIUM,6.16
CLG0047,110,8.53,8.63,4,Yes,3,9,1,No,6.11,4.96,5.61,MEDIUM,4.39,MEDIUM,3.04
CLG0027,97,7.09,7.17,2,Yes,2,10,1,No,3.51,5.2,4.44,MEDIUM,5.56,MEDIUM,2.8
CLG0015,90,6.12,5.91,9,No,8,4,0,No,4.34,2.93,3.75,LOW,6.25,HIGH,5.07
CLG0005,108,8.62,8.33,9,No,9,8,3,Yes,7.62,7.31,7.12,HIGH,2.88,LOW,0.69
CLG0064,105,8.04,8.3,5,Yes,10,2,3,No,5.91,4.84,5.39,MEDIUM,4.61,MEDIUM,3.16
CLG0017,87,7.51,7.95,3,No,10,5,2,No,4.67,5.38,4.81,MEDIUM,5.19,MEDIUM,2.62
CLG0008,121,8.12,7.67,3,No,5,8,2,Yes,4.83,5.71,5.58,MEDIUM,4.42,MEDIUM,2.29
CLG0057,104,6.04,5.67,1,No,7,1,4,No,1.45,4.6,3.5,LOW,6.5,HIGH,3.4
CLG0057,110,8.97,9.11,8,No,1,6,1,No,8.06,3.22,5.69,MEDIUM,4.31,MEDIUM,4.78
CLG0048,120,9.74,10.0,3,No,3,2,1,No,7.51,1.84,5.09,MEDIUM,4.91,MEDIUM,6.16
CLG0088,100,9.46,9.75,4,No,1,5,4,No,7.49,5.18,6.08,HIGH,3.92,LOW,2.82
CLG0018,104,6.61,6.83,2,No,10,1,3,No,2.98,4.4,4.03,LOW,5.97,HIGH,3.6
CLG0042,112,7.03,7.42,8,No,10,4,1,No,5.66,4.13,5.13,MEDIUM,4.87,MEDIUM,3.87
CLG0069,89,9.04,8.76,3,No,2,3,2,No,6.18,2.89,4.45,MEDIUM,5.55,MEDIUM,5.11
CLG0054,100,7.98,7.59,2,No,1,10,0,No,4.36,4.2,4.43,MEDIUM,5.57,MEDIUM,3.8
CLG0016,101,7.74,7.86,1,Yes,8,5,5,No,4.08,7.38,5.61,MEDIUM,4.39,MEDIUM,0.62
CLG0085,85,9.63,9.95,10,No,8,8,3,Yes,9.74,7.11,7.49,HIGH,2.51,LOW,0.89
CLG0076,134,7.68,7.76,2,Yes,5,9,0,No,4.3,4.56,5.13,MEDIUM,4.87,MEDIUM,3.44
CLG0017,78,7.57,8.03,2,No,6,5,0,No,4.43,2.98,3.6,LOW,6.4,HIGH,5.02
CLG0044,80,5.21,5.51,4,No,4,9,4,No,1.84,7.56,4.43,MEDIUM,5.57,MEDIUM,0.44
CLG0033,119,5.35,5.55,1,No,9,10,0,No,0.95,5.8,4.03,LOW,5.97,HIGH,2.2
CLG0011,110,5.04,4.6,1,No,0,4,1,No,0.07,2.13,2.06,LOW,7.94,HIGH,5.87
CLG0040,84,9.57,9.18,6,No,3,5,4,No,7.81,5.58,6.09,HIGH,3.91,LOW,2.42
CLG0037,109,7.04,7.32,5,Yes,3,9,2,No,4.59,5.76,5.3,MEDIUM,4.7,MEDIUM,2.24
CLG0075,122,7.34,7.04,1,Yes,7,9,0,No,3.24,4.96,4.66,MEDIUM,5.34,MEDIUM,3.04
CLG0028,99,9.23,8.76,6,No,4,2,1,No,7.3,2.04,4.73,MEDIUM,5.27,MEDIUM,5.96
CLG0030,138,8.05,8.46,8,No,2,5,1,No,7.04,2.98,5.67,MEDIUM,4.33,MEDIUM,5.02
CLG0046,74,8.05,8.44,5,No,0,8,2,Yes,6.02,4.71,4.86,MEDIUM,5.14,MEDIUM,3.29
CLG0078,110,6.48,6.2,3,No,0,1,4,No,2.77,3.2,3.57,LOW,6.43,HIGH,4.8
CLG0043,117,9.17,9.45,3,No,4,4,4,Yes,6.77,5.33,6.14,HIGH,3.86,LOW,2.67
CLG0085,113,5.83,5.38,2,Yes,7,8,4,Yes,1.45,7.71,4.89,MEDIUM,5.11,MEDIUM,0.29
CLG0096,96,5.27,5.06,9,Yes,8,10,2,No,3.21,7.2,5.1,MEDIUM,4.9,MEDIUM,0.8
CLG0091,95,5.96,6.08,9,No,9,2,2,No,4.37,3.84,4.21,LOW,5.79,HIGH,4.16
CLG0098,106,6.34,6.6,7,Yes,9,1,2,No,4.31,3.4,4.2,LOW,5.8,HIGH,4.6
CLG0008,112,6.41,5.92,1,Yes,1,6,4,No,1.86,5.62,4.21,LOW,5.79,HIGH,2.38
CLG0043,109,8.35,8.18,1,Yes,4,6,0,No,4.68,3.02,4.24,LOW,5.76,HIGH,4.98
CLG0033,115,6.09,5.8,4,Yes,3,1,2,No,2.58,2.2,3.18,LOW,6.82,HIGH,5.8
CLG0055,84,8.38,8.88,2,No,2,3,2,No,5.54,2.89,4.11,LOW,5.89,HIGH,5.11
CLG0058,96,5.46,5.63,3,Yes,10,10,4,No,1.74,9.2,5.32,MEDIUM,4.68,MEDIUM,0.0
CLG0021,85,5.74,5.65,2,Yes,7,8,2,No,1.59,6.11,3.83,LOW,6.17,HIGH,1.89
CLG0047,94,7.54,7.12,1,Yes,1,9,0,No,3.41,3.76,3.77,LOW,6.23,HIGH,4.24
CLG0051,115,9.61,9.71,3,No,1,8,4,Yes,7.22,6.51,6.76,HIGH,3.24,LOW,1.49
CLG0029,101,9.3,9.44,7,No,4,1,2,No,8.17,2.4,5.25,MEDIUM,4.75,MEDIUM,5.6
CLG0016,139,9.84,10.0,10,No,9,4,2,Yes,9.9,4.73,7.53,HIGH,2.47,LOW,3.27
CLG0068,102,8.25,8.04,9,Yes,9,9,3,Yes,7.18,7.76,7.02,HIGH,2.98,LOW,0.24
CLG0089,100,8.38,8.86,10,Yes,9,1,3,No,8.19,4.2,5.96,HIGH,4.04,LOW,3.8
CLG0069,101,8.13,8.07,9,No,0,4,1,No,7.13,2.13,4.73,MEDIUM,5.27,MEDIUM,5.87
CLG0019,90,8.11,7.91,8,Yes,6,10,1,No,6.67,6.0,5.91,MEDIUM,4.09,MEDIUM,2.0
CLG0039,99,5.74,5.59,6,No,8,7,2,No,2.88,5.87,4.49,MEDIUM,5.51,MEDIUM,2.13
CLG0070,116,7.72,7.74,1,No,1,7,3,No,3.98,5.27,4.98,MEDIUM,5.02,MEDIUM,2.73
CLG0030,101,6.93,7.37,8,Yes,9,7,1,No,5.56,5.27,5.36,MEDIUM,4.64,MEDIUM,2.73
CLG0028,88,7.21,7.45,8,Yes,0,10,4,No,5.79,7.2,6.0,HIGH,4.0,LOW,0.8
CLG0063,86,7.62,7.7,9,Yes,8,4,3,No,6.55,5.33,5.52,MEDIUM,4.48,MEDIUM,2.67
CLG0013,93,5.64,5.3,10,Yes,1,8,0,No,3.94,3.31,3.79,LOW,6.21,HIGH,4.69
CLG0067,101,6.8,6.45,6,Yes,8,3,0,No,4.15,2.49,3.68,LOW,6.32,HIGH,5.51
CLG0064,117,5.32,5.32,3,Yes,7,9,0,No,1.43,4.96,3.86,LOW,6.14,HIGH,3.04
CLG0058,79,9.9,10.0,6,No,6,6,0,No,8.61,3.42,5.46,MEDIUM,4.54,MEDIUM,4.58
CLG0099,95,5.59,5.84,8,Yes,10,7,3,No,3.64,7.07,5.21,MEDIUM,4.79,MEDIUM,0.93
CLG0068,102,6.29,6.02,7,Yes,0,9,4,No,3.86,6.76,5.29,MEDIUM,4.71,MEDIUM,1.24
CLG0010,72,9.46,9.06,8,No,3,4,0,No,8.32,1.93,4.63,MEDIUM,5.37,MEDIUM,6.07
CLG0051,87,7.41,7.29,3,No,10,5,4,No,4.13,6.98,5.23,MEDIUM,4.77,MEDIUM,1.02
CLG0070,89,5.68,6.1,8,No,10,1,1,No,3.88,2.8,3.49,LOW,6.51,HIGH,5.2
CLG0001,88,6.92,6.97,5,No,6,10,1,No,4.27,6.0,4.91,MEDIUM,5.09,MEDIUM,2.0
CLG0001,102,5.58,5.4,7,No,5,8,2,No,2.98,5.71,4.52,MEDIUM,5.48,MEDIUM,2.29
CLG0007,97,6.0,5.82,4,No,0,2,3,No,2.54,2.84,3.11,LOW,6.89,HIGH,5.16
CLG0080,91,5.26,4.89,3,No,6,5,0,No,1.08,2.98,2.48,LOW,7.52,HIGH,5.02
CLG0088,106,7.19,7.16,6,Yes,1,5,4,No,4.9,5.18,5.14,MEDIUM,4.86,MEDIUM,2.82
CLG0004,125,9.03,9.32,9,No,7,10,4,Yes,8.59,8.6,8.31,HIGH,1.69,LOW,0.0
CLG0016,124,7.93,8.4,4,Yes,1,4,5,Yes,5.59,5.53,5.87,MEDIUM,4.13,MEDIUM,2.47
CLG0071,71,8.03,8.03,9,No,3,4,3,No,7.04,4.33,5.06,MEDIUM,4.94,MEDIUM,3.67
CLG0025,108,6.0,5.67,3,Yes,5,2,1,No,2.09,2.24,2.88,LOW,7.12,HIGH,5.76
CLG0015,97,6.72,6.9,6,No,7,3,3,No,4.43,4.69,4.61,MEDIUM,5.39,MEDIUM,3.31
CLG0009,102,9.23,9.49,5,No,10,10,4,Yes,7.5,9.2,7.72,HIGH,2.28,LOW,0.0
CLG0011,94,5.44,5.01,9,Yes,2,2,3,No,3.27,3.24,3.51,LOW,6.49,HIGH,4.76
CLG0071,101,9.29,9.64,6,No,5,1,5,No,7.98,5.0,6.22,HIGH,3.78,LOW,3.0
CLG0053,102,7.42,7.75,2,No,5,4,1,No,4.14,3.13,3.95,LOW,6.05,HIGH,4.87
CLG0039,91,9.19,9.16,4,Yes,0,9,1,No,6.9,4.36,5.36,MEDIUM,4.64,MEDIUM,3.64
CLG0087,86,6.59,6.65,5,Yes,5,6,5,No,3.83,7.22,5.19,MEDIUM,4.81,MEDIUM,0.78
CLG0003,93,6.69,6.9,9,Yes,0,8,0,No,5.41,3.11,4.3,MEDIUM,5.7,MEDIUM,4.89
CLG0071,103,8.76,8.94,1,Yes,8,2,0,No,5.48,2.04,4.07,LOW,5.93,HIGH,5.96
CLG0003,108,8.92,8.44,9,Yes,3,2,5,No,7.88,5.04,6.31,HIGH,3.69,LOW,2.96
CLG0012,112,6.15,5.77,10,No,4,2,0,No,4.59,1.24,3.55,LOW,6.45,HIGH,6.76
CLG0003,92,9.86,9.52,1,No,0,8,1,No,6.56,3.91,5.06,MEDIUM,4.94,MEDIUM,4.09
CLG0071,104,5.42,5.68,1,No,0,1,4,No,1.09,3.2,2.79,LOW,7.21,HIGH,4.8
CLG0023,114,5.34,5.28,4,No,8,5,0,No,1.75,3.38,3.3,LOW,6.7,HIGH,4.62
CLG0038,117,7.98,8.03,6,No,5,4,3,Yes,6.01,4.73,5.6,MEDIUM,4.4,MEDIUM,3.27
CLG0079,99,8.61,8.88,2,No,9,1,4,No,5.68,5.0,5.26,MEDIUM,4.74,MEDIUM,3.0
CLG0087,96,9.8,9.64,1,No,9,10,5,Yes,6.62,9.8,7.51,HIGH,2.49,LOW,0.0
CLG0042,102,7.02,7.27,4,Yes,5,7,2,No,4.21,5.27,4.83,MEDIUM,5.17,MEDIUM,2.73
CLG0005,82,5.13,5.07,8,No,4,1,0,No,2.8,0.8,2.14,LOW,7.86,HIGH,7.2
CLG0041,97,8.01,7.89,6,No,5,6,2,No,5.93,4.82,5.26,MEDIUM,4.74,MEDIUM,3.18
CLG0053,111,6.45,6.28,5,Yes,7,1,0,No,3.48,1.4,3.15,LOW,6.85,HIGH,6.6
CLG0062,109,7.16,7.62,1,No,6,9,4,No,3.55,7.96,5.77,MEDIUM,4.23,MEDIUM,0.04
CLG0093,95,7.44,7.71,3,No,6,3,2,No,4.45,3.69,4.18,LOW,5.82,HIGH,4.31
CLG0083,103,5.32,4.84,7,Yes,8,2,1,No,2.41,2.84,3.16,LOW,6.84,HIGH,5.16
CLG0024,87,7.43,7.89,10,Yes,8,7,0,No,6.91,4.27,5.26,MEDIUM,4.74,MEDIUM,3.73
CLG0087,110,7.13,7.41,3,No,8,1,5,No,4.05,5.6,5.04,MEDIUM,4.96,MEDIUM,2.4
CLG0028,98,8.56,8.21,5,No,0,7,5,No,6.16,6.67,6.11,HIGH,3.89,LOW,1.33
CLG0081,95,8.23,7.81,6,Yes,10,9,3,No,6.0,7.96,6.51,HIGH,3.49,LOW,0.04
CLG0009,94,5.93,5.74,9,No,10,4,2,No,4.1,4.93,4.52,MEDIUM,5.48,MEDIUM,3.07
CLG0061,99,6.03,6.15,3,No,5,10,5,No,2.46,9.0,5.58,MEDIUM,4.42,MEDIUM,0.0
CLG0053,93,6.26,6.38,6,No,4,2,3,No,3.77,3.64,3.85,LOW,6.15,HIGH,4.36
CLG0017,109,5.89,5.67,2,No,7,4,2,No,1.7,4.33,3.57,LOW,6.43,HIGH,3.67
CLG0065,94,8.29,8.24,9,Yes,10,9,4,Yes,7.35,8.76,7.35,HIGH,2.65,LOW,0.0
CLG0009,123,9.97,9.68,9,Yes,9,8,3,Yes,9.41,7.31,8.09,HIGH,1.91,LOW,0.69
CLG0070,121,8.26,7.81,7,Yes,7,5,0,No,6.35,3.18,5.18,MEDIUM,4.82,MEDIUM,4.82
CLG0015,86,8.03,8.05,9,No,7,8,1,No,7.06,5.31,5.72,MEDIUM,4.28,MEDIUM,2.69
CLG0006,101,7.05,6.9,4,Yes,4,7,4,No,3.96,6.67,5.28,MEDIUM,4.72,MEDIUM,1.33
CLG0018,90,6.56,6.6,10,No,9,4,2,No,5.45,4.73,4.91,MEDIUM,5.09,MEDIUM,3.27
CLG0088,95,9.56,10.0,1,No,10,3,0,No,6.74,2.89,4.78,MEDIUM,5.22,MEDIUM,5.11
CLG0094,130,9.85,9.49,1,Yes,9,1,2,Yes,6.54,3.4,5.5,MEDIUM,4.5,MEDIUM,4.6
CLG0083,95,7.48,6.98,2,No,0,3,3,No,3.61,3.29,3.68,LOW,6.32,HIGH,4.71
CLG0058,105,6.45,6.03,10,No,3,8,3,No,4.96,6.11,5.52,MEDIUM,4.48,MEDIUM,1.89
CLG0092,108,8.85,8.81,3,Yes,6,9,1,No,6.1,5.56,5.81,MEDIUM,4.19,MEDIUM,2.44
CLG0023,84,5.66,5.87,2,No,1,9,3,No,1.7,6.16,3.88,LOW,6.12,HIGH,1.84
CLG0088,87,8.83,8.91,4,Yes,6,5,4,No,6.5,6.18,5.86,MEDIUM,4.14,MEDIUM,1.82
CLG0027,81,9.09,9.08,8,No,4,4,2,No,8.11,3.73,5.42,MEDIUM,4.58,MEDIUM,4.27
CLG0077,86,5.62,5.47,3,No,5,6,2,No,1.72,4.82,3.39,LOW,6.61,HIGH,3.18
CLG0075,57,9.88,9.69,4,No,5,7,4,No,7.7,6.87,6.1,HIGH,3.9,LOW,1.13
CLG0015,108,9.93,9.81,2,Yes,4,6,3,No,7.15,5.42,6.17,HIGH,3.83,LOW,2.58
CLG0030,130,9.68,9.79,1,Yes,9,5,3,Yes,6.65,5.98,6.57,HIGH,3.43,LOW,2.02
CLG0006,102,7.48,7.15,8,No,6,2,4,No,5.73,4.84,5.27,MEDIUM,4.73,MEDIUM,3.16
CLG0025,78,6.23,6.5,7,No,3,3,1,No,4.17,2.29,3.22,LOW,6.78,HIGH,5.71
CLG0031,90,7.91,7.99,10,No,0,9,0,No,7.27,3.56,5.17,MEDIUM,4.83,MEDIUM,4.44
CLG0011,93,7.1,6.87,2,No,8,7,0,No,3.3,4.27,3.92,LOW,6.08,HIGH,3.73
CLG0068,84,6.03,6.03,8,No,6,10,3,No,4.04,7.6,5.39,MEDIUM,4.61,MEDIUM,0.4
CLG0079,112,7.12,7.58,10,No,8,2,5,No,6.5,6.04,6.23,HIGH,3.77,LOW,1.96
CLG0024,112,8.32,7.84,3,No,10,1,0,No,5.08,2.0,4.05,LOW,5.95,HIGH,6.0
CLG0014,82,5.35,5.05,7,Yes,8,1,0,No,2.58,1.6,2.37,LOW,7.63,HIGH,6.4
CLG0024,110,6.67,6.62,1,No,6,1,5,No,2.53,5.2,4.27,MEDIUM,5.73,MEDIUM,2.8
CLG0087,122,5.09,5.23,3,No,1,6,0,No,1.23,2.42,2.84,LOW,7.16,HIGH,5.58
CLG0069,128,8.75,8.46,9,No,10,5,3,Yes,7.79,6.18,7.08,HIGH,2.92,LOW,1.82
CLG0026,142,8.2,8.63,4,No,1,7,2,Yes,5.92,4.47,5.88,MEDIUM,4.12,MEDIUM,3.53
CLG0094,86,5.31,5.45,1,Yes,3,5,3,No,0.85,4.78,3.02,LOW,6.98,HIGH,3.22
CLG0042,142,9.82,10.0,6,No,8,9,3,Yes,8.56,7.56,8.17,HIGH,1.83,LOW,0.44
CLG0048,94,5.11,4.94,1,No,6,1,5,No,0.36,5.2,3.13,LOW,6.87,HIGH,2.8
CLG0051,91,7.95,8.28,10,Yes,8,9,1,No,7.51,5.96,6.24,HIGH,3.76,LOW,2.04
CLG0067,104,8.88,8.76,1,No,3,4,1,No,5.42,2.73,4.34,MEDIUM,5.66,MEDIUM,5.27
CLG0018,91,8.94,8.69,2,No,8,10,3,Yes,5.74,8.0,6.35,HIGH,3.65,LOW,0.0
CLG0086,105,5.17,5.58,3,Yes,6,7,4,No,1.53,7.07,4.53,MEDIUM,5.47,MEDIUM,0.93
CLG0028,80,9.53,9.12,2,No,7,2,4,No,6.41,5.04,5.25,MEDIUM,4.75,MEDIUM,2.96
CLG0030,96,9.59,10.0,8,No,0,3,1,No,9.09,1.69,5.25,MEDIUM,4.75,MEDIUM,6.31
CLG0002,119,7.81,7.77,6,Yes,8,4,5,No,5.72,6.93,6.39,HIGH,3.61,LOW,1.07
CLG0073,99,7.41,7.9,1,No,7,5,1,No,3.91,3.98,4.15,LOW,5.85,HIGH,4.02
CLG0065,102,5.22,5.26,6,Yes,0,2,2,No,2.33,2.04,2.79,LOW,7.21,HIGH,5.96
CLG0036,107,7.81,8.07,1,No,7,7,1,No,4.27,4.87,4.78,MEDIUM,5.22,MEDIUM,3.13
CLG0021,117,7.05,6.56,9,Yes,4,6,5,No,5.38,7.02,6.26,HIGH,3.74,LOW,0.98
CLG0062,75,8.86,8.86,3,Yes,2,9,0,No,6.15,3.96,4.63,MEDIUM,5.37,MEDIUM,4.04
CLG0054,108,7.02,7.26,1,No,7,7,3,No,3.2,6.47,5.01,MEDIUM,4.99,MEDIUM,1.53
CLG0028,95,8.42,8.7,1,No,10,10,3,Yes,5.1,8.4,6.32,HIGH,3.68,LOW,0.0
CLG0100,102,5.51,5.17,2,No,10,10,5,No,1.1,10.0,5.48,MEDIUM,4.52,MEDIUM,0.0
CLG0032,115,5.66,5.58,6,Yes,2,2,3,No,2.82,3.24,3.69,LOW,6.31,HIGH,4.76
CLG0058,82,5.7,5.62,1,No,7,3,5,No,1.21,6.29,3.7,LOW,6.3,HIGH,1.71
CLG0070,84,5.23,4.83,7,Yes,4,3,2,No,2.35,3.29,2.99,LOW,7.01,HIGH,4.71
CLG0023,70,7.71,7.65,4,No,7,8,2,No,4.9,6.11,4.9,MEDIUM,5.1,MEDIUM,1.89
CLG0070,91,8.97,9.28,7,Yes,2,8,0,No,7.85,3.51,5.4,MEDIUM,4.6,MEDIUM,4.49
CLG0064,119,8.05,7.85,4,Yes,9,3,3,No,5.25,5.09,5.47,MEDIUM,4.53,MEDIUM,2.91
CLG0086,98,7.87,7.8,4,No,5,8,0,No,5.11,4.11,4.66,MEDIUM,5.34,MEDIUM,3.89
CLG0031,79,8.4,8.86,4,Yes,5,5,1,No,6.2,3.58,4.56,MEDIUM,5.44,MEDIUM,4.42
CLG0019,92,6.7,6.23,10,No,3,4,3,No,5.26,4.33,4.71,MEDIUM,5.29,MEDIUM,3.67
CLG0072,77,6.81,6.9,10,Yes,4,4,0,No,5.81,2.13,3.79,LOW,6.21,HIGH,5.87
CLG0008,83,6.57,6.81,8,Yes,6,4,2,No,4.94,4.13,4.35,MEDIUM,5.65,MEDIUM,3.87
CLG0084,105,8.56,8.82,2,Yes,0,1,5,No,5.6,4.0,4.93,MEDIUM,5.07,MEDIUM,4.0
CLG0064,82,5.81,6.03,8,No,7,7,2,No,3.91,5.67,4.53,MEDIUM,5.47,MEDIUM,2.33
CLG0088,116,5.07,5.3,10,No,10,10,2,Yes,3.6,7.6,5.76,MEDIUM,4.24,MEDIUM,0.4
CLG0077,98,7.98,7.54,1,No,2,10,5,No,3.99,8.4,5.93,HIGH,4.07,MEDIUM,0.0
CLG0041,101,9.71,9.74,7,No,6,4,0,No,8.64,2.53,5.49,MEDIUM,4.51,MEDIUM,5.47
CLG0051,95,8.05,8.33,7,No,8,2,0,No,6.61,2.04,4.38,MEDIUM,5.62,MEDIUM,5.96
CLG0007,111,8.91,8.5,6,Yes,1,1,0,No,6.91,0.2,4.04,LOW,5.96,HIGH,7.8
CLG0052,111,8.36,7.87,4,Yes,9,3,4,No,5.46,5.89,5.74,MEDIUM,4.26,MEDIUM,2.11
CLG0072,105,7.49,7.8,5,No,9,1,3,No,5.22,4.2,4.86,MEDIUM,5.14,MEDIUM,3.8
CLG0091,108,8.59,8.8,1,No,6,5,4,No,5.27,6.18,5.73,MEDIUM,4.27,MEDIUM,1.82
CLG0003,96,9.12,9.03,2,Yes,0,6,4,No,6.09,5.42,5.54,MEDIUM,4.46,MEDIUM,2.58
CLG0017,108,6.12,6.56,10,No,4,6,5,No,5.15,7.02,6.01,HIGH,3.99,LOW,0.98
CLG0005,94,6.68,6.95,7,No,10,6,1,No,4.77,5.02,4.82,MEDIUM,5.18,MEDIUM,2.98
CLG0060,100,6.12,6.59,2,Yes,6,7,1,No,2.51,4.67,3.88,LOW,6.12,HIGH,3.33
CLG0073,95,7.26,7.69,8,Yes,4,1,2,No,6.0,2.4,4.28,MEDIUM,5.72,MEDIUM,5.6
CLG0070,93,9.43,9.41,7,No,4,4,5,No,8.23,6.13,6.63,HIGH,3.37,LOW,1.87
CLG0008,89,6.73,6.98,10,Yes,5,10,4,No,5.83,8.2,6.43,HIGH,3.57,LOW,0.0
CLG0044,107,6.87,7.04,8,No,9,10,1,No,5.29,6.6,5.88,MEDIUM,4.12,MEDIUM,1.4
CLG0026,119,9.3,9.61,4,No,9,9,4,Yes,7.29,8.56,7.67,HIGH,2.33,LOW,0.0
CLG0048,117,7.58,7.87,1,Yes,10,10,3,Yes,3.99,8.4,6.26,HIGH,3.74,LOW,0.0
CLG0084,81,7.68,7.33,7,Yes,10,2,4,No,5.65,5.64,5.2,MEDIUM,4.8,MEDIUM,2.36
CLG0026,119,9.3,9.03,1,No,5,8,2,Yes,5.87,5.71,5.97,HIGH,4.03,LOW,2.29
CLG0058,95,7.45,7.22,7,Yes,9,7,0,No,5.43,4.47,4.88,MEDIUM,5.12,MEDIUM,3.53
CLG0067,109,8.41,8.73,9,No,1,7,2,No,7.78,4.47,6.06,HIGH,3.94,LOW,3.53
CLG0058,86,5.43,5.74,5,No,9,3,4,No,2.47,5.89,4.11,LOW,5.89,HIGH,2.11
CLG0025,102,5.89,5.89,2,Yes,10,2,5,No,1.86,6.44,4.36,MEDIUM,5.64,MEDIUM,1.56
CLG0015,104,7.02,7.1,1,Yes,9,2,4,No,3.09,5.44,4.49,MEDIUM,5.51,MEDIUM,2.56
CLG0011,77,7.47,7.8,8,No,8,3,0,No,6.2,2.49,4.09,LOW,5.91,HIGH,5.51
CLG0096,109,9.83,9.64,4,No,2,3,2,No,7.63,2.89,5.37,MEDIUM,4.63,MEDIUM,5.11
CLG0096,120,9.85,9.4,8,No,0,10,2,Yes,8.8,5.6,7.11,HIGH,2.89,LOW,2.4
CLG0006,97,9.26,9.24,2,Yes,10,2,4,No,6.33,5.64,5.75,MEDIUM,4.25,MEDIUM,2.36
CLG0002,120,6.58,6.99,3,No,0,7,3,No,3.41,5.07,4.74,MEDIUM,5.26,MEDIUM,2.93
CLG0023,97,9.82,10.0,3,No,8,2,5,No,7.56,6.04,6.4,HIGH,3.6,LOW,1.96
CLG0093,112,8.45,8.32,4,No,5,6,5,Yes,5.84,7.22,6.44,HIGH,3.56,LOW,0.78
CLG0007,66,6.96,6.52,9,Yes,6,5,1,No,5.29,3.78,4.06,LOW,5.94,HIGH,4.22
CLG0062,136,8.51,8.65,9,No,1,7,4,Yes,7.78,6.07,7.16,HIGH,2.84,LOW,1.93
CLG0030,122,5.08,5.41,5,Yes,10,7,4,No,2.02,7.87,5.34,MEDIUM,4.66,MEDIUM,0.13
CLG0080,95,5.73,5.89,7,No,0,8,5,No,3.43,7.11,5.14,MEDIUM,4.86,MEDIUM,0.89
CLG0001,70,9.15,9.08,9,No,1,4,1,No,8.48,2.33,4.82,MEDIUM,5.18,MEDIUM,5.67
CLG0077,104,8.23,7.85,1,No,2,10,0,No,4.36,4.4,4.58,MEDIUM,5.42,MEDIUM,3.6
CLG0036,78,6.82,7.23,2,No,2,5,4,No,3.4,5.38,4.14,LOW,5.86,HIGH,2.62
CLG0001,106,7.5,7.28,6,No,7,10,3,No,5.17,7.8,6.3,HIGH,3.7,LOW,0.2
CLG0022,106,9.53,9.25,3,No,3,4,0,No,6.84,1.93,4.62,MEDIUM,5.38,MEDIUM,6.07
CLG0093,85,8.16,8.48,7,Yes,0,7,0,No,6.78,2.67,4.53,MEDIUM,5.47,MEDIUM,5.33
CLG0062,116,6.99,7.47,5,Yes,1,3,0,No,4.67,1.09,3.59,LOW,6.41,HIGH,6.91
CLG0080,112,5.6,5.76,10,No,8,10,4,Yes,4.25,8.8,6.43,HIGH,3.57,LOW,0.0
CLG0044,114,6.47,6.59,8,No,1,2,5,No,4.72,4.64,4.99,MEDIUM,5.01,MEDIUM,3.36
CLG0009,100,9.89,9.71,1,Yes,8,4,0,No,6.72,2.93,4.87,MEDIUM,5.13,MEDIUM,5.07
CLG0089,78,7.19,6.71,9,No,4,5,2,No,5.57,4.18,4.53,MEDIUM,5.47,MEDIUM,3.82
CLG0038,114,7.36,7.05,10,Yes,3,1,4,No,6.25,3.8,5.27,MEDIUM,4.73,MEDIUM,4.2
CLG0022,95,7.49,7.57,6,No,3,3,4,No,5.38,4.69,4.95,MEDIUM,5.05,MEDIUM,3.31
CLG0041,79,9.42,9.07,5,No,2,8,1,No,7.3,4.31,5.29,MEDIUM,4.71,MEDIUM,3.69
CLG0002,120,8.02,8.4,8,No,1,5,5,Yes,6.97,5.98,6.53,HIGH,3.47,LOW,2.02
CLG0001,131,8.47,8.16,4,Yes,7,1,0,No,5.73,1.4,4.39,MEDIUM,5.61,MEDIUM,6.6
CLG0010,99,6.95,6.97,9,No,5,4,4,No,5.62,5.53,5.45,MEDIUM,4.55,MEDIUM,2.47
CLG0099,132,5.15,5.16,5,Yes,8,8,5,Yes,1.88,8.71,5.79,MEDIUM,4.21,MEDIUM,0.0
CLG0088,101,9.65,9.75,1,Yes,1,8,3,Yes,6.61,5.71,5.95,HIGH,4.05,LOW,2.29
CLG0050,94,9.75,9.58,8,Yes,0,2,3,No,8.88,2.84,5.59,MEDIUM,4.41,MEDIUM,5.16
CLG0024,90,9.75,10.0,9,No,7,9,5,Yes,9.52,8.96,8.23,HIGH,1.77,LOW,0.0
CLG0047,124,9.72,9.66,5,No,7,10,4,Yes,7.92,8.6,8.03,HIGH,1.97,LOW,0.0
CLG0046,88,9.08,9.28,5,Yes,4,1,4,No,7.25,4.0,5.3,MEDIUM,4.7,MEDIUM,4.0
CLG0074,111,8.42,8.56,6,No,1,10,3,Yes,6.66,6.6,6.5,HIGH,3.5,LOW,1.4
CLG0020,91,9.22,8.84,9,Yes,9,8,3,Yes,8.35,7.31,7.12,HIGH,2.88,LOW,0.69
CLG0076,93,8.0,8.12,5,Yes,4,8,2,Yes,5.76,5.51,5.4,MEDIUM,4.6,MEDIUM,2.49
CLG0060,115,5.67,5.72,2,No,7,6,3,No,1.6,6.02,4.31,MEDIUM,5.69,MEDIUM,1.98
CLG0023,94,6.96,7.36,3,No,3,1,2,No,3.91,2.2,3.35,LOW,6.65,HIGH,5.8
CLG0023,93,9.86,10.0,10,Yes,1,9,4,Yes,9.92,6.96,7.64,HIGH,2.36,LOW,1.04
CLG0073,116,6.76,6.41,3,Yes,2,10,0,No,3.09,4.4,4.28,MEDIUM,5.72,MEDIUM,3.6
CLG0062,123,9.34,8.92,9,No,2,3,5,Yes,8.48,5.29,6.91,HIGH,3.09,LOW,2.71
CLG0004,109,5.47,5.26,8,No,8,1,5,No,3.14,5.6,4.66,MEDIUM,5.34,MEDIUM,2.4
CLG0093,90,6.67,7.16,6,Yes,2,7,5,No,4.59,7.07,5.5,MEDIUM,4.5,MEDIUM,0.93
CLG0027,92,6.75,6.27,5,Yes,0,10,0,No,3.65,4.0,3.93,LOW,6.07,HIGH,4.0
CLG0093,101,5.26,5.43,10,Yes,6,5,1,No,3.81,3.78,4.06,LOW,5.94,HIGH,4.22
CLG0057,104,5.6,5.71,2,No,0,2,5,No,1.55,4.44,3.47,LOW,6.53,HIGH,3.56
CLG0068,85,5.97,6.12,9,Yes,5,1,2,No,4.41,2.6,3.56,LOW,6.44,HIGH,5.4
CLG0066,110,9.19,8.91,10,Yes,9,6,3,No,8.72,6.42,7.24,HIGH,2.76,LOW,1.58
CLG0071,101,5.32,5.05,8,Yes,3,1,2,No,2.9,2.2,3.07,LOW,6.93,HIGH,5.8
CLG0057,74,6.49,6.42,5,Yes,6,6,1,No,3.6,4.22,3.69,LOW,6.31,HIGH,3.78
CLG0043,86,5.05,4.65,6,No,6,1,1,No,1.78,2.0,2.28,LOW,7.72,HIGH,6.0
CLG0048,92,8.48,8.05,9,Yes,6,7,2,No,7.33,5.47,5.99,HIGH,4.01,LOW,2.53
CLG0042,98,8.1,7.69,1,Yes,5,7,3,No,4.17,6.07,5.07,MEDIUM,4.93,MEDIUM,1.93
CLG0098,128,8.22,8.29,4,Yes,6,10,4,Yes,5.68,8.4,7.12,HIGH,2.88,LOW,0.0
CLG0012,103,6.87,6.77,5,No,7,4,4,No,4.09,5.93,5.07,MEDIUM,4.93,MEDIUM,2.07
CLG0091,87,6.04,5.83,9,No,2,7,4,No,4.24,6.27,4.99,MEDIUM,5.01,MEDIUM,1.73
CLG0054,103,8.6,8.42,5,No,4,8,5,Yes,6.34,7.91,6.76,HIGH,3.24,LOW,0.09
CLG0086,94,9.06,8.77,5,Yes,9,8,1,No,6.87,5.71,5.94,HIGH,4.06,LOW,2.29
CLG0079,104,5.69,5.6,3,No,10,3,5,No,1.86,6.89,4.58,MEDIUM,5.42,MEDIUM,1.11
CLG0074,108,7.43,7.13,8,Yes,8,8,2,No,5.69,6.31,5.95,HIGH,4.05,LOW,1.69
CLG0035,118,6.24,6.44,7,Yes,7,3,1,No,4.14,3.09,4.21,LOW,5.79,HIGH,4.91
CLG0040,99,5.84,5.46,8,No,5,5,3,No,3.51,5.18,4.47,MEDIUM,5.53,MEDIUM,2.82
CLG0053,124,8.67,9.12,4,No,8,1,5,Yes,6.56,5.6,6.28,HIGH,3.72,LOW,2.4
CLG0084,113,7.69,7.28,8,No,9,7,0,No,5.95,4.47,5.4,MEDIUM,4.6,MEDIUM,3.53
CLG0032,89,6.08,6.52,10,No,4,10,1,No,5.1,5.6,5.1,MEDIUM,4.9,MEDIUM,2.4
CLG0084,133,6.55,6.88,4,No,1,8,3,Yes,3.64,5.71,5.31,MEDIUM,4.69,MEDIUM,2.29
CLG0005,104,9.83,10.0,1,No,8,4,3,No,6.9,5.33,5.97,HIGH,4.03,LOW,2.67
CLG0029,87,9.24,9.65,4,Yes,4,7,3,No,7.29,5.87,6.05,HIGH,3.95,LOW,2.13
CLG0091,124,9.4,9.04,5,No,7,7,0,No,7.27,4.07,5.95,HIGH,4.05,LOW,3.93
CLG0090,131,7.3,6.98,10,No,7,6,4,No,6.17,6.82,6.73,HIGH,3.27,LOW,1.18
CLG0011,99,8.12,7.87,8,Yes,3,5,2,No,6.64,3.98,5.24,MEDIUM,4.76,MEDIUM,4.02
CLG0029,92,6.88,6.62,10,Yes,3,10,1,No,5.65,5.4,5.29,MEDIUM,4.71,MEDIUM,2.6
CLG0020,97,5.39,5.2,6,No,0,4,0,No,2.38,1.33,2.44,LOW,7.56,HIGH,6.67
CLG0043,110,7.01,7.09,10,Yes,4,5,3,No,6.07,4.98,5.6,MEDIUM,4.4,MEDIUM,3.02
CLG0070,119,7.97,7.5,5,Yes,8,7,0,No,5.28,4.27,5.15,MEDIUM,4.85,MEDIUM,3.73
CLG0008,108,6.44,6.32,3,No,4,8,1,No,2.83,4.71,4.16,LOW,5.84,HIGH,3.29
CLG0045,101,9.24,8.99,4,No,4,4,2,No,6.8,3.73,5.24,MEDIUM,4.76,MEDIUM,4.27
CLG0066,122,5.76,5.87,6,Yes,5,5,1,No,3.1,3.58,4.06,LOW,5.94,HIGH,4.42
CLG0062,95,6.84,7.33,6,Yes,5,6,5,No,4.81,7.22,5.74,MEDIUM,4.26,MEDIUM,0.78
CLG0055,115,5.62,5.64,6,No,7,9,0,No,2.84,4.96,4.38,MEDIUM,5.62,MEDIUM,3.04
CLG0091,95,7.02,6.95,2,Yes,0,10,5,No,3.31,8.0,5.45,MEDIUM,4.55,MEDIUM,0.0
CLG0038,106,5.2,5.07,8,No,4,6,3,No,2.84,5.42,4.42,MEDIUM,5.58,MEDIUM,2.58
CLG0084,98,6.36,6.64,8,Yes,8,7,5,No,4.69,8.27,6.16,HIGH,3.84,LOW,0.0
CLG0094,99,7.0,6.57,6,Yes,2,8,3,No,4.35,5.91,5.1,MEDIUM,4.9,MEDIUM,2.09
CLG0093,94,7.39,7.85,4,No,10,3,4,No,4.86,6.09,5.29,MEDIUM,4.71,MEDIUM,1.91
CLG0066,120,7.72,7.64,2,No,6,5,4,No,4.24,6.18,5.52,MEDIUM,4.48,MEDIUM,1.82
CLG0015,89,6.37,6.18,6,No,6,4,2,No,3.69,4.13,3.95,LOW,6.05,HIGH,3.87
CLG0033,88,7.62,8.09,6,No,9,1,2,No,5.84,3.4,4.5,MEDIUM,5.5,MEDIUM,4.6
CLG0011,131,7.55,7.99,10,Yes,2,4,5,No,7.06,5.73,6.65,HIGH,3.35,LOW,2.27
CLG0040,114,6.58,6.72,3,No,6,2,5,No,3.21,5.64,4.79,MEDIUM,5.21,MEDIUM,2.36
CLG0088,64,9.15,8.67,2,Yes,2,4,4,No,5.85,4.93,4.71,MEDIUM,5.29,MEDIUM,3.07
CLG0041,91,7.73,7.98,4,Yes,5,2,4,No,5.16,4.64,4.77,MEDIUM,5.23,MEDIUM,3.36
CLG0079,72,6.66,6.5,8,Yes,7,4,1,No,4.77,3.53,3.85,LOW,6.15,HIGH,4.47
CLG0005,85,9.74,9.63,5,No,7,4,1,No,7.91,3.53,5.33,MEDIUM,4.67,MEDIUM,4.47
CLG0073,52,9.23,8.89,3,No,5,3,5,No,6.39,5.89,5.1,MEDIUM,4.9,MEDIUM,2.11
CLG0004,97,9.91,9.93,5,Yes,1,5,3,No,8.23,4.38,6.0,HIGH,4.0,LOW,3.62
CLG0091,82,8.46,8.7,9,Yes,0,9,5,Yes,7.79,7.56,6.84,HIGH,3.16,LOW,0.44
CLG0068,100,6.89,6.66,8,No,2,1,3,No,5.02,2.8,4.14,LOW,5.86,HIGH,5.2
CLG0037,75,6.4,6.84,10,No,2,7,4,No,5.52,6.27,5.3,MEDIUM,4.7,MEDIUM,1.73
CLG0013,101,8.32,8.01,7,No,6,10,1,No,6.53,6.0,6.04,HIGH,3.96,LOW,2.0
CLG0021,93,9.9,9.47,4,No,3,1,4,No,7.55,3.8,5.43,MEDIUM,4.57,MEDIUM,4.2
CLG0011,122,8.13,8.27,2,Yes,1,10,4,Yes,4.94,7.4,6.32,HIGH,3.68,LOW,0.6
CLG0076,121,9.41,9.76,9,Yes,1,1,2,Yes,9.14,1.8,5.74,MEDIUM,4.26,MEDIUM,6.2
CLG0014,111,6.65,7.1,3,Yes,6,2,4,No,3.53,4.84,4.54,MEDIUM,5.46,MEDIUM,3.16
CLG0036,95,7.03,7.3,6,Yes,7,10,3,No,4.91,7.8,6.01,HIGH,3.99,LOW,0.2
CLG0013,129,9.53,9.23,7,Yes,10,6,2,Yes,8.15,5.82,7.09,HIGH,2.91,LOW,2.18
CLG0059,76,8.78,9.26,3,No,4,9,1,No,6.39,5.16,5.22,MEDIUM,4.78,MEDIUM,2.84
CLG0069,78,9.91,10.0,3,No,1,3,3,No,7.61,3.49,5.07,MEDIUM,4.93,MEDIUM,4.51
CLG0021,98,8.87,8.53,3,No,2,5,0,No,5.91,2.18,4.21,LOW,5.79,HIGH,5.82
CLG0073,133,7.24,7.3,3,No,0,8,1,No,4.03,3.91,4.75,MEDIUM,5.25,MEDIUM,4.09
CLG0097,96,7.66,7.72,3,Yes,9,10,5,No,4.59,9.8,6.7,HIGH,3.3,LOW,0.0
CLG0064,97,9.5,9.44,7,Yes,3,6,0,No,8.29,2.82,5.4,MEDIUM,4.6,MEDIUM,5.18
CLG0055,78,7.76,8.24,5,No,6,3,3,No,5.7,4.49,4.71,MEDIUM,5.29,MEDIUM,3.51
CLG0081,114,6.28,5.84,4,Yes,9,2,1,No,2.72,3.04,3.55,LOW,6.45,HIGH,4.96
CLG0091,114,7.18,7.31,6,Yes,8,3,0,No,5.0,2.49,4.24,LOW,5.76,HIGH,5.51
CLG0065,111,7.58,7.29,8,Yes,2,6,0,No,5.9,2.62,4.6,MEDIUM,5.4,MEDIUM,5.38
CLG0051,90,5.48,5.51,2,Yes,3,5,1,No,1.33,3.18,2.64,LOW,7.36,HIGH,4.82
CLG0069,89,8.72,9.0,3,Yes,5,8,4,Yes,6.17,7.31,6.21,HIGH,3.79,LOW,0.69
CLG0076,80,5.55,5.3,2,No,0,10,3,No,1.22,6.4,3.71,LOW,6.29,HIGH,1.6
CLG0025,101,7.02,6.91,7,No,4,2,3,No,4.95,3.64,4.46,MEDIUM,5.54,MEDIUM,4.36
CLG0025,83,9.02,9.47,2,Yes,9,2,2,No,6.36,3.84,4.8,MEDIUM,5.2,MEDIUM,4.16
CLG0012,82,7.34,7.6,5,No,4,4,1,No,4.98,2.93,3.86,LOW,6.14,HIGH,5.07
CLG0011,93,9.21,9.28,10,Yes,9,9,3,Yes,9.0,7.76,7.59,HIGH,2.41,LOW,0.24
CLG0094,92,6.71,6.43,9,Yes,8,5,0,No,5.08,3.38,4.26,MEDIUM,5.74,HIGH,4.62
CLG0048,91,9.79,9.72,8,Yes,8,7,1,No,9.0,5.07,6.48,HIGH,3.52,LOW,2.93
CLG0091,106,6.05,6.32,8,Yes,0,7,5,No,4.27,6.67,5.49,MEDIUM,4.51,MEDIUM,1.33
CLG0081,101,5.19,5.51,3,Yes,2,6,0,No,1.49,2.62,2.67,LOW,7.33,HIGH,5.38
CLG0094,95,9.36,9.1,1,No,3,6,1,No,5.96,3.62,4.76,MEDIUM,5.24,MEDIUM,4.38
CLG0003,102,8.76,8.92,2,Yes,0,9,0,No,5.8,3.56,4.79,MEDIUM,5.21,MEDIUM,4.44
CLG0075,85,6.16,5.76,7,Yes,8,4,0,No,3.59,2.93,3.36,LOW,6.64,HIGH,5.07
CLG0049,101,9.92,9.44,4,No,1,2,1,No,7.54,1.44,4.62,MEDIUM,5.38,MEDIUM,6.56
CLG0033,102,7.51,7.56,10,No,4,7,2,No,6.72,5.07,5.76,MEDIUM,4.24,MEDIUM,2.93
CLG0047,77,9.76,9.48,5,No,2,6,0,No,7.81,2.62,4.79,MEDIUM,5.21,MEDIUM,5.38
CLG0073,114,7.53,7.11,1,Yes,3,4,1,No,3.4,2.73,3.7,LOW,6.3,HIGH,5.27
CLG0018,86,7.36,7.59,2,Yes,3,1,4,No,3.98,3.8,3.88,LOW,6.12,HIGH,4.2
CLG0001,101,7.25,7.25,9,Yes,10,4,5,No,6.0,7.33,6.36,HIGH,3.64,LOW,0.67
CLG0070,117,6.67,6.97,6,No,1,6,4,No,4.45,5.62,5.33,MEDIUM,4.67,MEDIUM,2.38
CLG0098,113,7.67,7.83,7,Yes,10,3,5,No,6.01,6.89,6.39,HIGH,3.61,LOW,1.11
CLG0005,100,7.26,7.49,5,Yes,1,1,2,No,4.85,1.8,3.67,LOW,6.33,HIGH,6.2
CLG0003,94,5.18,4.99,9,No,7,2,1,No,3.1,2.64,3.2,LOW,6.8,HIGH,5.36
CLG0090,114,6.3,6.06,10,No,1,6,5,No,4.89,6.42,5.77,MEDIUM,4.23,MEDIUM,1.58
CLG0070,110,6.07,6.17,5,No,9,1,2,No,3.17,3.4,3.81,LOW,6.19,HIGH,4.6
CLG0011,90,9.34,9.04,6,No,6,6,5,No,7.57,7.42,6.83,HIGH,3.17,LOW,0.58
CLG0075,88,7.99,8.31,10,No,0,1,0,No,7.56,0.0,3.83,LOW,6.17,HIGH,8.0
CLG0040,68,8.82,8.84,9,Yes,0,1,5,No,8.11,4.0,5.31,MEDIUM,4.69,MEDIUM,4.0
CLG0064,102,9.78,9.51,5,No,9,6,5,No,7.84,8.02,7.39,HIGH,2.61,LOW,0.0
CLG0080,98,8.22,8.35,4,No,2,1,4,No,5.72,3.6,4.7,MEDIUM,5.3,MEDIUM,4.4
CLG0084,117,9.91,10.0,5,Yes,2,9,2,Yes,8.28,5.56,6.84,HIGH,3.16,LOW,2.44
CLG0084,105,6.56,6.14,5,Yes,10,2,0,No,3.44,2.44,3.45,LOW,6.55,HIGH,5.56
CLG0090,120,5.93,5.54,5,Yes,8,9,4,Yes,2.62,8.36,5.74,MEDIUM,4.26,MEDIUM,0.0
CLG0058,89,7.02,7.36,1,Yes,1,5,2,No,3.28,3.58,3.56,LOW,6.44,HIGH,4.42
CLG0099,117,7.35,6.96,5,No,3,5,0,No,4.52,2.38,4.06,LOW,5.94,HIGH,5.62
CLG0025,92,9.48,9.02,5,No,2,10,5,Yes,7.3,8.4,7.15,HIGH,2.85,LOW,0.0
CLG0030,111,7.8,7.65,1,No,6,8,3,Yes,3.96,6.71,5.46,MEDIUM,4.54,MEDIUM,1.29
CLG0040,78,6.46,6.43,4,Yes,5,1,4,No,3.26,4.2,3.62,LOW,6.38,HIGH,3.8
CLG0025,103,8.71,8.78,8,No,8,9,0,No,7.67,5.16,6.19,HIGH,3.81,LOW,2.84
CLG0010,70,7.53,7.54,4,Yes,7,1,3,No,4.72,3.8,3.9,LOW,6.1,HIGH,4.2
CLG0057,95,5.81,6.22,7,No,1,5,2,No,3.72,3.58,3.84,LOW,6.16,HIGH,4.42
CLG0035,106,7.88,8.15,6,No,2,8,3,Yes,6.04,5.91,5.89,MEDIUM,4.11,MEDIUM,2.09
CLG0027,92,9.56,10.0,5,Yes,0,1,5,No,8.07,4.0,5.7,MEDIUM,4.3,MEDIUM,4.0
CLG0068,84,9.21,9.19,9,No,7,5,4,No,8.6,6.38,6.73,HIGH,3.27,LOW,1.62
CLG0062,112,7.93,7.51,8,Yes,1,3,1,No,6.27,1.89,4.48,MEDIUM,5.52,MEDIUM,6.11
CLG0080,98,6.89,7.35,5,No,3,8,2,No,4.53,5.31,4.91,MEDIUM,5.09,MEDIUM,2.69
CLG0029,92,5.43,4.93,10,Yes,1,3,3,No,3.54,3.49,3.68,LOW,6.32,HIGH,4.51
CLG0099,100,7.35,7.63,7,Yes,1,8,0,No,5.67,3.31,4.6,MEDIUM,5.4,MEDIUM,4.69
CLG0021,139,8.76,8.29,9,No,2,2,1,No,7.67,1.64,5.4,MEDIUM,4.6,MEDIUM,6.36
CLG0041,117,6.8,7.06,7,Yes,9,10,1,No,4.93,6.6,5.91,MEDIUM,4.09,MEDIUM,1.4
CLG0031,117,6.18,6.62,3,No,4,3,2,No,2.9,3.29,3.78,LOW,6.22,HIGH,4.71
CLG0019,106,9.66,9.55,10,No,7,1,3,No,9.47,3.8,6.42,HIGH,3.58,LOW,4.2
CLG0038,102,9.11,8.85,5,No,9,1,4,No,6.96,5.0,5.83,MEDIUM,4.17,MEDIUM,3.0
CLG0032,64,8.19,7.92,9,No,1,4,3,No,7.06,3.93,4.79,MEDIUM,5.21,MEDIUM,4.07
CLG0004,89,5.68,5.67,9,Yes,4,5,3,No,3.9,4.98,4.37,MEDIUM,5.63,MEDIUM,3.02
CLG0078,92,5.72,5.39,8,Yes,10,3,2,No,3.39,4.49,4.02,LOW,5.98,HIGH,3.51
CLG0065,71,5.52,5.69,6,No,3,2,2,No,2.82,2.64,2.7,LOW,7.3,HIGH,5.36
CLG0083,82,8.08,7.95,7,Yes,2,1,0,No,6.35,0.4,3.4,LOW,6.6,HIGH,7.6
CLG0048,70,5.58,5.4,7,Yes,9,3,4,No,2.98,5.89,4.04,LOW,5.96,HIGH,2.11
CLG0032,99,9.21,9.17,1,No,5,1,2,No,5.92,2.6,4.4,MEDIUM,5.6,MEDIUM,5.4
CLG0008,112,9.96,10.0,8,No,8,10,0,Yes,9.31,5.6,7.18,HIGH,2.82,LOW,2.4
CLG0005,116,6.83,6.47,6,No,7,10,5,Yes,4.18,9.4,6.71,HIGH,3.29,LOW,0.0
CLG0072,106,7.27,7.48,7,Yes,1,6,1,No,5.52,3.22,4.61,MEDIUM,5.39,MEDIUM,4.78
CLG0049,85,8.56,8.94,10,No,0,3,0,No,8.36,0.89,4.45,MEDIUM,5.55,MEDIUM,7.11
CLG0070,71,9.69,9.47,10,No,7,4,4,No,9.43,5.93,6.66,HIGH,3.34,LOW,2.07
CLG0099,73,9.47,9.15,2,No,4,8,0,No,6.39,3.91,4.67,MEDIUM,5.33,MEDIUM,4.09
CLG0053,80,5.29,5.55,7,No,1,10,5,No,2.91,8.2,5.11,MEDIUM,4.89,MEDIUM,0.0
CLG0060,86,5.85,5.53,8,Yes,9,5,0,No,3.57,3.58,3.63,LOW,6.37,HIGH,4.42
CLG0061,97,8.77,8.31,5,No,0,5,2,No,6.36,3.38,4.85,MEDIUM,5.15,MEDIUM,4.62
CLG0062,84,8.44,8.56,1,No,10,8,4,Yes,5.01,8.31,6.06,HIGH,3.94,LOW,0.0
CLG0075,105,5.67,5.41,6,Yes,7,10,0,No,2.71,5.4,4.34,MEDIUM,5.66,MEDIUM,2.6
CLG0013,96,7.51,7.18,3,No,7,10,3,No,4.11,7.8,5.7,MEDIUM,4.3,MEDIUM,0.2
CLG0089,100,8.9,9.38,5,No,5,10,0,No,7.22,5.0,5.9,MEDIUM,4.1,MEDIUM,3.0
CLG0051,117,6.09,5.88,9,No,4,4,1,No,4.3,2.93,4.19,LOW,5.81,HIGH,5.07
CLG0029,82,9.36,9.76,7,No,4,8,1,No,8.44,4.71,5.96,HIGH,4.04,LOW,3.29
CLG0020,106,5.26,4.94,8,No,5,10,0,No,2.78,5.0,4.22,LOW,5.78,HIGH,3.0
CLG0035,99,8.91,9.23,6,No,4,5,5,No,7.45,6.58,6.6,HIGH,3.4,LOW,1.42
CLG0090,94,8.08,8.08,9,No,1,6,0,No,7.11,2.42,4.72,MEDIUM,5.28,MEDIUM,5.58
CLG0084,113,6.58,6.16,3,No,6,1,3,No,2.8,3.6,3.79,LOW,6.21,HIGH,4.4
CLG0041,113,8.6,8.83,1,No,3,9,0,Yes,5.3,4.16,5.01,MEDIUM,4.99,MEDIUM,3.84
CLG0044,85,8.91,9.3,10,No,6,4,2,No,8.83,4.13,5.94,HIGH,4.06,LOW,3.87
CLG0044,97,9.67,9.33,4,No,0,1,4,No,7.31,3.2,5.16,MEDIUM,4.84,MEDIUM,4.8
CLG0006,104,6.84,7.07,8,No,5,7,5,No,5.29,7.67,6.26,HIGH,3.74,LOW,0.33
CLG0063,95,8.43,8.38,6,No,1,10,3,Yes,6.54,6.6,6.18,HIGH,3.82,LOW,1.4
CLG0017,108,8.01,8.26,7,No,2,4,0,No,6.53,1.73,4.45,MEDIUM,5.55,MEDIUM,6.27
CLG0091,104,7.63,7.84,9,Yes,2,5,5,No,6.66,6.18,6.21,HIGH,3.79,LOW,1.82
CLG0041,127,9.45,8.98,2,Yes,9,7,2,Yes,6.26,6.07,6.4,HIGH,3.6,LOW,1.93
CLG0083,77,5.02,4.7,7,No,0,7,5,No,2.13,6.67,4.14,LOW,5.86,HIGH,1.33
CLG0096,98,6.41,6.38,4,No,4,9,0,No,3.19,4.36,3.99,LOW,6.01,HIGH,3.64
CLG0023,86,7.69,8.12,7,No,7,9,3,Yes,6.24,7.36,6.21,HIGH,3.79,LOW,0.64
CLG0038,109,5.89,5.73,8,No,7,7,3,No,3.74,6.47,5.25,MEDIUM,4.75,MEDIUM,1.53
CLG0041,75,9.54,9.67,2,No,9,10,1,No,6.82,6.6,5.95,HIGH,4.05,LOW,1.4
CLG0031,105,8.24,7.75,7,No,10,9,1,No,6.3,6.36,6.16,HIGH,3.84,LOW,1.64
CLG0016,90,7.39,7.6,8,No,6,5,0,No,6.01,2.98,4.43,MEDIUM,5.57,MEDIUM,5.02
CLG0003,88,9.07,9.17,1,Yes,6,2,4,No,5.83,4.84,5.07,MEDIUM,4.93,MEDIUM,3.16
CLG0080,78,7.25,7.47,10,Yes,7,9,2,No,6.5,6.56,5.86,MEDIUM,4.14,MEDIUM,1.44
CLG0016,93,7.79,8.19,5,Yes,7,6,1,No,5.68,4.42,4.93,MEDIUM,5.07,MEDIUM,3.58
CLG0068,116,5.01,4.66,9,No,4,6,1,No,2.76,3.82,3.91,LOW,6.09,HIGH,4.18
CLG0069,99,6.83,6.59,2,Yes,6,9,4,No,2.93,7.96,5.35,MEDIUM,4.65,MEDIUM,0.04
CLG0054,109,5.69,6.19,6,No,1,1,5,No,3.29,4.2,4.16,LOW,5.84,HIGH,3.8
CLG0092,124,8.45,8.11,2,No,3,2,3,Yes,5.02,3.44,4.8,MEDIUM,5.2,MEDIUM,4.56
CLG0087,103,7.4,7.62,3,Yes,5,3,0,No,4.36,1.89,3.56,LOW,6.44,HIGH,6.11
CLG0042,91,6.51,6.74,6,Yes,10,1,0,No,4.18,2.0,3.33,LOW,6.67,HIGH,6.0
CLG0064,107,7.34,7.52,5,Yes,9,4,2,No,4.92,4.73,4.99,MEDIUM,5.01,MEDIUM,3.27
CLG0019,91,6.05,5.78,4,Yes,2,2,4,No,2.54,4.04,3.49,LOW,6.51,HIGH,3.96
CLG0089,92,9.63,9.35,7,Yes,1,3,5,No,8.3,5.09,6.23,HIGH,3.77,LOW,2.91
CLG0083,77,5.27,5.44,3,No,0,8,4,No,1.49,6.31,3.74,LOW,6.26,HIGH,1.69
CLG0062,113,9.33,9.02,10,No,3,4,4,Yes,8.88,5.13,6.83,HIGH,3.17,LOW,2.87
CLG0003,94,7.56,7.72,7,No,1,9,3,No,5.87,6.16,5.72,MEDIUM,4.28,MEDIUM,1.84
CLG0008,102,8.09,8.08,9,Yes,2,6,4,No,7.11,5.82,6.21,HIGH,3.79,LOW,2.18
CLG0090,84,6.51,6.4,2,No,9,1,3,No,2.6,4.2,3.46,LOW,6.54,HIGH,3.8
CLG0031,106,9.83,9.63,5,Yes,10,6,0,No,7.96,4.22,5.98,HIGH,4.02,LOW,3.78
CLG0019,88,6.41,6.86,1,Yes,10,7,3,No,2.55,7.07,4.65,MEDIUM,5.35,MEDIUM,0.93
CLG0081,97,7.94,7.95,7,No,10,4,0,No,6.26,3.33,4.79,MEDIUM,5.21,MEDIUM,4.67
CLG0065,113,9.97,10.0,2,No,5,8,2,Yes,7.32,5.71,6.44,HIGH,3.56,LOW,2.29
CLG0053,111,9.41,9.86,5,Yes,9,10,4,Yes,7.88,9.0,7.95,HIGH,2.05,LOW,0.0
CLG0013,99,7.68,7.83,1,No,2,3,2,No,4.02,2.89,3.76,LOW,6.24,HIGH,5.11
CLG0059,73,9.95,10.0,1,Yes,2,7,4,No,6.97,6.27,5.84,MEDIUM,4.16,MEDIUM,1.73
CLG0057,144,8.51,8.12,4,Yes,3,7,5,Yes,5.73,7.27,6.96,HIGH,3.04,LOW,0.73
CLG0043,126,6.04,6.39,7,No,2,4,2,No,3.98,3.33,4.38,MEDIUM,5.62,MEDIUM,4.67
CLG0012,110,7.03,6.87,7,Yes,5,1,1,No,4.92,1.8,3.87,LOW,6.13,HIGH,6.2
CLG0096,88,6.67,6.98,8,No,8,10,1,No,5.12,6.4,5.41,MEDIUM,4.59,MEDIUM,1.6
CLG0088,98,6.72,7.08,9,No,7,10,3,No,5.56,7.8,6.32,HIGH,3.68,LOW,0.2
CLG0098,91,8.8,8.57,4,Yes,1,6,5,No,6.23,6.42,5.91,MEDIUM,4.09,MEDIUM,1.58
CLG0024,118,7.92,7.83,2,No,2,10,2,Yes,4.5,6.0,5.52,MEDIUM,4.48,MEDIUM,2.0
CLG0042,103,5.19,5.42,10,No,7,7,4,No,3.76,7.27,5.47,MEDIUM,4.53,MEDIUM,0.73
CLG0009,88,9.39,8.99,10,No,2,3,0,No,8.89,1.29,4.88,MEDIUM,5.12,MEDIUM,6.71
CLG0048,92,6.48,6.74,3,Yes,4,5,3,No,3.17,4.98,4.13,LOW,5.87,HIGH,3.02
CLG0068,116,9.99,9.6,9,Yes,10,8,5,Yes,9.37,9.11,8.67,HIGH,1.33,LOW,0.0
CLG0048,124,9.77,10.0,8,Yes,8,7,3,Yes,9.2,6.67,7.77,HIGH,2.23,LOW,1.33
CLG0025,122,9.7,9.48,6,No,1,2,5,Yes,8.11,4.64,6.48,HIGH,3.52,LOW,3.36
CLG0100,111,9.06,9.14,3,Yes,8,4,1,No,6.47,3.73,5.28,MEDIUM,4.72,MEDIUM,4.27
CLG0024,96,6.1,5.72,10,Yes,9,7,5,No,4.52,8.47,6.14,HIGH,3.86,LOW,0.0
CLG0023,51,7.66,7.43,8,No,4,9,2,No,6.05,5.96,4.97,MEDIUM,5.03,MEDIUM,2.04
CLG0062,104,6.12,6.02,2,No,8,7,2,No,2.09,5.87,4.26,MEDIUM,5.74,HIGH,2.13
CLG0079,99,6.3,6.29,4,No,3,8,5,No,3.06,7.71,5.3,MEDIUM,4.7,MEDIUM,0.29
CLG0089,102,8.05,7.55,4,Yes,7,10,3,No,5.04,7.8,6.18,HIGH,3.82,LOW,0.2
CLG0061,100,5.2,5.59,9,No,7,9,1,No,3.56,5.76,4.74,MEDIUM,5.26,MEDIUM,2.24
CLG0010,80,9.85,9.36,8,Yes,2,1,0,No,8.77,0.4,4.33,MEDIUM,5.67,MEDIUM,7.6
CLG0010,108,9.59,9.86,7,Yes,4,3,1,No,8.65,2.49,5.6,MEDIUM,4.4,MEDIUM,5.51
CLG0070,109,6.9,6.87,4,Yes,9,6,2,No,3.85,5.62,4.95,MEDIUM,5.05,MEDIUM,2.38
CLG0069,110,7.58,7.6,7,No,0,8,0,No,5.79,3.11,4.74,MEDIUM,5.26,MEDIUM,4.89
CLG0060,114,7.33,7.04,1,Yes,5,7,3,No,3.23,6.07,4.97,MEDIUM,5.03,MEDIUM,1.93
CLG0093,109,9.41,9.52,8,No,8,6,0,No,8.63,3.82,6.14,HIGH,3.86,LOW,4.18
CLG0084,93,8.44,8.48,8,No,0,4,3,No,7.28,3.73,5.29,MEDIUM,4.71,MEDIUM,4.27
CLG0065,98,6.39,6.05,9,No,1,8,1,No,4.61,4.11,4.46,MEDIUM,5.54,MEDIUM,3.89
CLG0086,101,7.23,6.97,9,No,6,10,0,No,5.78,5.2,5.42,MEDIUM,4.58,MEDIUM,2.8
CLG0057,101,7.14,6.71,1,Yes,5,4,4,No,2.87,5.53,4.39,MEDIUM,5.61,MEDIUM,2.47
CLG0087,114,9.8,9.37,10,No,9,6,2,Yes,9.42,5.62,7.26,HIGH,2.74,LOW,2.38
CLG0090,109,5.88,5.39,7,Yes,10,3,3,No,3.15,5.29,4.54,MEDIUM,5.46,MEDIUM,2.71
CLG0014,131,5.45,5.17,1,No,2,7,0,No,0.73,3.07,3.06,LOW,6.94,HIGH,4.93
CLG0036,133,9.4,9.58,6,Yes,1,6,0,No,8.0,2.42,5.74,MEDIUM,4.26,MEDIUM,5.58
CLG0062,101,9.48,9.3,5,No,6,7,5,No,7.51,7.87,7.18,HIGH,2.82,LOW,0.13
CLG0076,42,9.36,9.2,2,Yes,9,5,4,No,6.36,6.78,5.27,MEDIUM,4.73,MEDIUM,1.22
CLG0015,118,7.55,7.18,3,Yes,9,5,5,No,4.13,7.58,6.0,HIGH,4.0,LOW,0.42
CLG0049,91,8.3,8.38,8,Yes,4,2,5,No,7.13,5.24,5.8,MEDIUM,4.2,MEDIUM,2.76
CLG0080,87,7.82,7.66,2,Yes,5,6,5,No,4.31,7.22,5.4,MEDIUM,4.6,MEDIUM,0.78
CLG0015,94,5.35,5.53,4,No,8,1,1,No,1.94,2.4,2.64,LOW,7.36,HIGH,5.6
CLG0072,93,7.98,8.22,3,No,6,7,4,No,5.15,7.07,5.78,MEDIUM,4.22,MEDIUM,0.93
CLG0044,109,5.07,5.15,7,No,3,3,0,No,2.49,1.49,2.75,LOW,7.25,HIGH,6.51
CLG0078,76,6.62,6.4,8,Yes,10,2,2,No,4.67,4.04,4.08,LOW,5.92,HIGH,3.96
CLG0002,83,9.66,9.67,4,Yes,8,7,0,No,7.55,4.27,5.45,MEDIUM,4.55,MEDIUM,3.73
CLG0076,105,6.52,6.27,6,No,2,9,0,No,3.85,3.96,4.22,LOW,5.78,HIGH,4.04
CLG0063,109,9.7,10.0,3,No,3,1,0,No,7.49,0.6,4.4,MEDIUM,5.6,MEDIUM,7.4
CLG0024,109,6.25,6.52,7,No,9,6,5,No,4.2,8.02,6.05,HIGH,3.95,LOW,0.0
CLG0002,88,6.57,6.56,8,No,2,8,4,No,4.76,6.71,5.39,MEDIUM,4.61,MEDIUM,1.29
CLG0082,85,8.14,8.61,7,Yes,9,2,4,No,6.87,5.44,5.68,MEDIUM,4.32,MEDIUM,2.56
CLG0004,92,8.81,8.86,4,Yes,10,5,3,No,6.45,6.18,5.92,MEDIUM,4.08,MEDIUM,1.82
CLG0092,103,7.51,7.34,10,Yes,2,4,3,No,6.56,4.13,5.34,MEDIUM,4.66,MEDIUM,3.87
CLG0089,122,9.41,9.01,9,No,0,10,5,Yes,8.59,8.0,8.02,HIGH,1.98,LOW,0.0
CLG0040,69,5.2,5.24,10,No,4,3,5,No,3.63,5.69,4.21,LOW,5.79,HIGH,2.31
CLG0007,96,9.61,9.97,8,Yes,3,10,3,Yes,9.08,7.0,7.37,HIGH,2.63,LOW,1.0
CLG0076,80,5.98,6.35,6,No,10,8,0,No,3.58,5.11,4.14,LOW,5.86,HIGH,2.89
CLG0061,75,9.42,9.52,2,No,8,2,3,No,6.63,4.44,5.01,MEDIUM,4.99,MEDIUM,3.56
CLG0044,114,7.0,6.89,10,No,3,1,3,No,5.92,3.0,4.82,MEDIUM,5.18,MEDIUM,5.0
CLG0083,108,9.16,9.31,7,Yes,2,1,1,No,7.99,1.2,4.82,MEDIUM,5.18,MEDIUM,6.8
CLG0068,106,8.36,8.62,9,Yes,5,10,5,Yes,7.67,9.0,7.78,HIGH,2.22,LOW,0.0
CLG0002,113,5.88,5.79,9,No,9,5,5,No,4.11,7.58,5.91,MEDIUM,4.09,MEDIUM,0.42
CLG0088,92,9.59,9.57,9,No,10,9,4,Yes,9.11,8.76,8.02,HIGH,1.98,LOW,0.0
CLG0045,93,6.23,6.41,9,No,4,4,3,No,4.77,4.53,4.61,MEDIUM,5.39,MEDIUM,3.47
CLG0011,132,6.22,6.6,6,Yes,3,7,4,No,3.91,6.47,5.71,MEDIUM,4.29,MEDIUM,1.53
CLG0088,96,9.07,9.36,1,No,0,2,2,No,5.97,2.04,4.14,LOW,5.86,HIGH,5.96
CLG0039,111,5.53,5.05,6,No,10,3,5,No,2.36,6.89,4.9,MEDIUM,5.1,MEDIUM,1.11
CLG0073,100,6.11,5.73,5,Yes,2,10,1,No,2.87,5.2,4.24,LOW,5.76,HIGH,2.8
CLG0007,72,7.52,7.87,7,No,3,9,2,No,5.95,5.76,5.21,MEDIUM,4.79,MEDIUM,2.24
CLG0029,69,9.15,9.48,8,No,9,5,5,No,8.44,7.58,6.89,HIGH,3.11,LOW,0.42
CLG0099,91,5.74,5.63,1,No,10,6,4,No,1.24,7.42,4.32,MEDIUM,5.68,MEDIUM,0.58
CLG0064,115,7.74,7.82,10,Yes,7,3,4,No,7.05,5.49,6.28,HIGH,3.72,LOW,2.51
CLG0024,111,8.56,8.97,4,No,8,6,2,Yes,6.38,5.42,5.92,MEDIUM,4.08,MEDIUM,2.58
CLG0067,113,9.3,9.71,4,Yes,7,10,3,Yes,7.37,7.8,7.3,HIGH,2.7,LOW,0.2
CLG0001,85,9.68,9.96,1,No,8,8,1,No,6.78,5.51,5.67,MEDIUM,4.33,MEDIUM,2.49
CLG0097,124,8.92,8.63,4,No,9,10,4,Yes,6.35,9.0,7.56,HIGH,2.44,LOW,0.0
CLG0046,85,8.26,8.49,7,Yes,0,1,0,No,6.85,0.0,3.49,LOW,6.51,HIGH,8.0
CLG0098,103,7.17,6.77,6,No,10,10,1,No,4.6,6.8,5.62,MEDIUM,4.38,MEDIUM,1.2
CLG0043,99,5.56,5.95,4,Yes,0,8,2,No,2.37,4.71,3.82,LOW,6.18,HIGH,3.29
CLG0010,97,8.55,8.2,2,No,2,8,4,Yes,5.14,6.71,5.7,MEDIUM,4.3,MEDIUM,1.29
CLG0079,120,9.96,10.0,7,No,3,7,4,Yes,8.98,6.47,7.53,HIGH,2.47,LOW,1.53
CLG0075,89,8.68,8.79,8,No,1,4,5,No,7.65,5.53,6.09,HIGH,3.91,LOW,2.47
CLG0033,79,5.08,5.36,9,Yes,9,1,2,No,3.32,3.4,3.34,LOW,6.66,HIGH,4.6
CLG0061,100,7.48,7.53,9,Yes,6,10,0,No,6.35,5.2,5.63,MEDIUM,4.37,MEDIUM,2.8
CLG0096,94,8.07,7.63,4,Yes,8,2,5,No,5.11,6.04,5.37,MEDIUM,4.63,MEDIUM,1.96
CLG0038,150,8.45,8.66,3,No,10,10,0,Yes,5.75,6.0,6.56,HIGH,3.44,LOW,2.0
CLG0020,110,8.6,8.48,5,No,5,3,4,No,6.38,5.09,5.77,MEDIUM,4.23,MEDIUM,2.91
CLG0096,93,7.79,7.61,6,No,3,5,3,No,5.59,4.78,5.04,MEDIUM,4.96,MEDIUM,3.22
CLG0072,84,6.12,6.61,8,No,5,3,0,No,4.52,1.89,3.3,LOW,6.7,HIGH,6.11
CLG0053,71,9.71,9.8,3,Yes,0,8,0,No,7.35,3.11,4.7,MEDIUM,5.3,MEDIUM,4.89
CLG0055,84,8.48,8.69,6,No,5,6,3,No,6.79,5.62,5.7,MEDIUM,4.3,MEDIUM,2.38
CLG0017,101,6.18,6.21,5,Yes,3,3,5,No,3.26,5.49,4.53,MEDIUM,5.47,MEDIUM,2.51
CLG0046,121,6.61,6.88,7,No,2,2,0,No,4.68,0.84,3.58,LOW,6.42,HIGH,7.16
CLG0100,116,9.61,9.86,9,Yes,5,3,3,Yes,9.33,4.29,6.73,HIGH,3.27,LOW,3.71
CLG0002,103,9.44,9.6,7,No,8,2,2,No,8.37,3.64,5.86,MEDIUM,4.14,MEDIUM,4.36
CLG0098,95,7.03,7.53,6,No,7,3,5,No,5.08,6.29,5.47,MEDIUM,4.53,MEDIUM,1.71
CLG0011,104,5.19,5.15,9,No,7,9,1,No,3.23,5.76,4.67,MEDIUM,5.33,MEDIUM,2.24
CLG0078,92,5.24,5.45,10,Yes,8,1,1,No,3.81,2.4,3.36,LOW,6.64,HIGH,5.6
CLG0082,125,6.42,6.72,4,No,5,3,2,No,3.45,3.49,4.21,LOW,5.79,HIGH,4.51
CLG0010,97,8.15,8.03,1,No,7,7,0,No,4.45,4.07,4.37,MEDIUM,5.63,MEDIUM,3.93
CLG0023,98,7.92,7.88,8,No,6,2,1,No,6.53,2.44,4.56,MEDIUM,5.44,MEDIUM,5.56
CLG0088,66,8.17,8.64,6,No,0,3,2,No,6.57,2.49,4.05,LOW,5.95,HIGH,5.51
CLG0044,97,8.59,8.12,6,Yes,5,6,1,No,6.44,4.02,5.14,MEDIUM,4.86,MEDIUM,3.98
CLG0075,112,5.1,4.94,5,Yes,10,2,0,No,1.69,2.44,2.87,LOW,7.13,HIGH,5.56
CLG0056,83,5.53,5.52,10,No,3,1,5,No,4.04,4.6,4.17,LOW,5.83,HIGH,3.4
CLG0028,88,6.8,6.3,3,No,2,10,3,No,3.04,6.8,4.74,MEDIUM,5.26,MEDIUM,1.2
CLG0027,111,5.77,6.17,6,No,2,2,2,No,3.32,2.44,3.5,LOW,6.5,HIGH,5.56
CLG0048,77,5.38,5.17,1,Yes,9,4,5,No,0.69,7.13,3.74,LOW,6.26,HIGH,0.87
CLG0072,115,8.2,7.96,7,No,7,5,1,No,6.43,3.98,5.43,MEDIUM,4.57,MEDIUM,4.02
CLG0037,92,9.08,9.4,6,Yes,0,1,0,No,7.68,0.0,3.94,LOW,6.06,HIGH,8.0
CLG0064,94,8.76,8.54,5,Yes,6,4,5,No,6.52,6.53,6.13,HIGH,3.87,LOW,1.47
CLG0047,83,9.09,9.25,3,Yes,10,5,1,No,6.57,4.58,5.18,MEDIUM,4.82,MEDIUM,3.42
CLG0049,105,8.33,8.65,8,No,9,4,0,No,7.34,3.13,5.28,MEDIUM,4.72,MEDIUM,4.87
CLG0066,136,8.68,8.97,4,No,3,2,0,No,6.45,1.04,4.62,MEDIUM,5.38,MEDIUM,6.96
CLG0045,111,6.36,6.64,9,Yes,0,1,0,No,5.02,0.0,3.2,LOW,6.8,HIGH,8.0
CLG0058,87,9.97,9.56,9,No,1,4,0,No,9.33,1.53,5.13,MEDIUM,4.87,MEDIUM,6.47
CLG0065,117,5.92,5.5,5,No,6,2,2,No,2.59,3.24,3.63,LOW,6.37,HIGH,4.76
CLG0068,95,6.07,5.88,7,No,9,10,5,No,3.62,9.8,6.29,HIGH,3.71,LOW,0.0
CLG0003,120,6.44,5.98,6,Yes,0,9,3,Yes,3.59,5.96,5.17,MEDIUM,4.83,MEDIUM,2.04
CLG0090,112,9.88,9.88,6,Yes,5,4,2,Yes,8.51,3.93,6.19,HIGH,3.81,LOW,4.07
CLG0071,55,9.94,9.83,4,No,3,3,1,No,7.84,2.29,4.29,MEDIUM,5.71,MEDIUM,5.71
CLG0086,84,8.97,9.03,10,No,2,7,2,No,8.67,4.67,6.07,HIGH,3.93,LOW,3.33
CLG0010,114,8.15,7.95,8,Yes,6,3,2,No,6.72,3.69,5.41,MEDIUM,4.59,MEDIUM,4.31
CLG0010,102,7.6,7.59,10,Yes,8,10,1,No,6.79,6.4,6.32,HIGH,3.68,LOW,1.6
CLG0039,84,9.85,9.68,3,Yes,4,8,3,Yes,7.34,6.31,6.2,HIGH,3.8,LOW,1.69
CLG0065,90,8.48,8.18,5,No,5,5,2,No,6.09,4.38,5.03,MEDIUM,4.97,MEDIUM,3.62
CLG0058,71,9.72,9.87,1,Yes,6,4,0,No,6.74,2.53,4.22,LOW,5.78,HIGH,5.47
CLG0037,98,6.58,6.75,1,No,9,1,2,No,2.57,3.4,3.36,LOW,6.64,HIGH,4.6
CLG0075,133,6.67,7.0,9,No,5,5,1,No,5.47,3.58,5.19,MEDIUM,4.81,MEDIUM,4.42
CLG0034,112,9.27,9.64,4,No,5,9,3,Yes,7.3,6.96,6.92,HIGH,3.08,LOW,1.04
CLG0010,132,5.75,5.95,9,Yes,2,8,2,Yes,4.15,5.11,5.26,MEDIUM,4.74,MEDIUM,2.89
CLG0078,113,9.73,9.92,7,Yes,10,4,2,Yes,8.78,4.93,6.71,HIGH,3.29,LOW,3.07
CLG0038,115,7.54,7.1,10,Yes,2,9,1,No,6.4,4.76,5.73,MEDIUM,4.27,MEDIUM,3.24
CLG0061,129,9.63,9.24,8,No,4,7,4,Yes,8.55,6.67,7.59,HIGH,2.41,LOW,1.33
CLG0066,105,6.68,6.99,9,Yes,6,2,4,No,5.47,4.84,5.22,MEDIUM,4.78,MEDIUM,3.16
CLG0074,97,8.58,8.31,1,Yes,5,7,5,No,4.91,7.67,5.99,HIGH,4.01,LOW,0.33
CLG0096,115,7.41,7.27,7,Yes,1,4,2,No,5.45,3.13,4.7,MEDIUM,5.3,MEDIUM,4.87
CLG0029,121,8.13,7.78,8,No,2,5,5,No,6.58,6.18,6.47,HIGH,3.53,LOW,1.82
CLG0050,92,7.52,7.22,2,Yes,4,1,0,No,3.81,0.8,2.72,LOW,7.28,HIGH,7.2
CLG0065,89,9.84,10.0,10,Yes,6,4,2,No,9.9,4.13,6.43,HIGH,3.57,LOW,3.87
CLG0004,102,8.46,8.22,9,No,5,2,5,No,7.44,5.44,6.19,HIGH,3.81,LOW,2.56
CLG0097,112,6.26,6.21,1,No,9,9,4,Yes,1.98,8.56,5.43,MEDIUM,4.57,MEDIUM,0.0
CLG0024,111,9.55,9.2,3,Yes,2,8,2,Yes,6.81,5.11,5.96,HIGH,4.04,LOW,2.89
CLG0041,78,6.47,6.65,9,No,6,3,0,No,5.09,2.09,3.5,LOW,6.5,HIGH,5.91
CLG0022,128,6.86,7.09,1,Yes,4,7,3,No,2.98,5.87,5.03,MEDIUM,4.97,MEDIUM,2.13
CLG0010,90,5.51,5.37,4,Yes,9,7,2,No,1.91,6.07,4.03,LOW,5.97,HIGH,1.93
CLG0044,96,9.5,9.78,10,No,3,6,1,No,9.54,3.62,6.2,HIGH,3.8,LOW,4.38
CLG0060,86,6.43,6.17,6,No,5,3,0,No,3.72,1.89,3.01,LOW,6.99,HIGH,6.11
CLG0026,140,6.29,6.48,6,No,1,9,2,Yes,3.86,5.36,5.38,MEDIUM,4.62,MEDIUM,2.64
CLG0014,103,9.6,9.83,4,No,6,9,4,Yes,7.64,7.96,7.3,HIGH,2.7,LOW,0.04
CLG0012,87,9.03,9.5,10,Yes,1,6,5,No,9.05,6.42,6.97,HIGH,3.03,LOW,1.58
CLG0020,112,5.71,5.44,10,No,6,3,2,No,4.09,3.69,4.33,MEDIUM,5.67,MEDIUM,4.31
CLG0098,111,8.85,8.44,10,No,7,4,5,Yes,8.17,6.73,7.16,HIGH,2.84,LOW,1.27
CLG0035,97,9.57,9.33,10,No,1,5,4,No,9.25,5.18,6.73,HIGH,3.27,LOW,2.82
CLG0086,112,5.39,5.01,1,Yes,7,9,1,No,0.58,5.76,3.75,LOW,6.25,HIGH,2.24
CLG0063,87,9.13,8.8,5,Yes,6,3,3,No,6.93,4.49,5.35,MEDIUM,4.65,MEDIUM,3.51
CLG0017,92,7.74,7.57,5,No,2,9,4,No,5.2,7.16,5.82,MEDIUM,4.18,MEDIUM,0.84
CLG0028,69,8.35,8.26,3,No,6,5,2,No,5.4,4.58,4.47,MEDIUM,5.53,MEDIUM,3.42
CLG0087,80,7.46,7.86,3,Yes,0,6,1,No,4.57,3.02,3.7,LOW,6.3,HIGH,4.98
CLG0080,127,8.49,8.19,4,No,1,2,0,No,5.77,0.64,4.03,LOW,5.97,HIGH,7.36
CLG0087,124,5.17,5.64,3,No,4,2,2,No,1.57,2.84,3.18,LOW,6.82,HIGH,5.16
CLG0037,100,8.81,9.12,3,No,10,2,5,No,6.31,6.44,6.11,HIGH,3.89,LOW,1.56
CLG0100,124,5.17,5.55,3,No,8,7,5,No,1.51,8.27,5.33,MEDIUM,4.67,MEDIUM,0.0
CLG0023,97,7.28,7.71,7,No,0,6,5,No,5.69,6.22,5.72,MEDIUM,4.28,MEDIUM,1.78
CLG0095,96,5.75,6.0,9,No,4,7,0,No,4.19,3.47,4.0,LOW,6.0,HIGH,4.53
CLG0015,100,9.12,9.41,1,No,5,3,5,No,6.04,5.89,5.78,MEDIUM,4.22,MEDIUM,2.11
CLG0013,98,6.57,6.51,8,No,2,4,5,No,4.72,5.73,5.15,MEDIUM,4.85,MEDIUM,2.27
CLG0014,96,7.27,7.28,10,No,4,6,4,No,6.37,6.22,5.98,HIGH,4.02,LOW,1.78
CLG0086,117,7.14,7.57,1,No,1,3,5,No,3.5,5.09,4.74,MEDIUM,5.26,MEDIUM,2.91
CLG0009,102,8.86,8.74,9,No,10,1,1,No,8.06,2.8,5.39,MEDIUM,4.61,MEDIUM,5.2
CLG0008,110,7.41,6.95,8,Yes,7,6,3,No,5.54,6.02,5.8,MEDIUM,4.2,MEDIUM,1.98
CLG0078,115,8.94,9.2,6,No,2,10,2,Yes,7.44,6.0,6.64,HIGH,3.36,LOW,2.0
CLG0071,105,5.37,5.44,6,No,4,10,1,No,2.55,5.6,4.35,MEDIUM,5.65,MEDIUM,2.4
CLG0067,85,5.96,6.27,10,Yes,0,2,1,No,4.84,1.24,3.18,LOW,6.82,HIGH,6.76
CLG0100,79,7.76,7.34,7,No,4,7,3,No,5.71,5.87,5.28,MEDIUM,4.72,MEDIUM,2.13
CLG0023,102,9.74,9.86,8,Yes,0,5,5,No,9.07,5.78,6.98,HIGH,3.02,LOW,2.22
CLG0081,97,5.37,5.12,7,No,8,1,4,No,2.65,4.8,3.94,LOW,6.06,HIGH,3.2
CLG0041,101,5.22,5.62,1,No,1,9,5,No,0.92,7.76,4.5,MEDIUM,5.5,MEDIUM,0.24
CLG0089,99,5.78,5.39,10,Yes,5,2,5,No,4.09,5.44,4.8,MEDIUM,5.2,MEDIUM,2.56
CLG0087,138,8.21,8.55,4,Yes,8,2,3,Yes,5.86,4.44,5.78,MEDIUM,4.22,MEDIUM,3.56
CLG0075,80,6.99,6.58,4,Yes,2,10,3,No,3.69,6.8,4.86,MEDIUM,5.14,MEDIUM,1.2
CLG0032,70,9.13,8.66,9,No,5,10,3,Yes,8.16,7.4,6.72,HIGH,3.28,LOW,0.6
CLG0065,104,5.36,5.1,9,Yes,0,4,5,No,3.29,5.33,4.52,MEDIUM,5.48,MEDIUM,2.67
CLG0027,94,5.98,5.81,3,Yes,6,2,0,No,2.19,1.64,2.44,LOW,7.56,HIGH,6.36
CLG0092,104,6.5,6.63,9,Yes,1,10,5,No,5.1,8.2,6.4,HIGH,3.6,LOW,0.0
CLG0090,108,8.13,7.76,5,No,4,6,2,No,5.57,4.62,5.22,MEDIUM,4.78,MEDIUM,3.38
CLG0064,119,8.43,8.37,6,No,4,5,3,Yes,6.53,4.98,5.94,HIGH,4.06,LOW,3.02
CLG0073,77,5.62,5.32,7,Yes,0,10,2,No,2.94,5.6,4.03,LOW,5.97,HIGH,2.4
CLG0094,91,9.72,10.0,3,No,10,10,5,Yes,7.5,10.0,7.85,HIGH,2.15,LOW,0.0
CLG0067,106,6.71,6.25,4,Yes,6,3,5,No,3.28,6.09,4.86,MEDIUM,5.14,MEDIUM,1.91
CLG0095,111,8.57,8.43,5,Yes,3,2,3,Yes,6.33,3.44,5.1,MEDIUM,4.9,MEDIUM,4.56
CLG0053,132,7.62,7.75,1,Yes,3,6,4,No,3.92,6.02,5.53,MEDIUM,4.47,MEDIUM,1.98
CLG0010,114,6.11,6.52,8,No,6,2,4,No,4.45,4.84,4.96,MEDIUM,5.04,MEDIUM,3.16
CLG0051,99,9.23,9.6,7,No,9,4,3,No,8.24,5.53,6.5,HIGH,3.5,LOW,2.47
CLG0032,86,9.09,9.49,2,No,0,5,1,No,6.41,2.58,4.37,MEDIUM,5.63,MEDIUM,5.42
CLG0065,91,6.98,6.54,7,No,5,8,2,No,4.65,5.71,5.0,MEDIUM,5.0,MEDIUM,2.29
CLG0046,91,7.94,8.28,9,No,0,1,4,No,7.17,3.2,5.0,MEDIUM,5.0,MEDIUM,4.8
CLG0072,109,6.29,6.57,5,Yes,5,7,0,No,3.59,3.67,4.07,LOW,5.93,HIGH,4.33
CLG0010,103,8.45,8.85,6,No,9,6,1,No,6.89,4.82,5.74,MEDIUM,4.26,MEDIUM,3.18
CLG0088,80,6.55,6.36,5,Yes,1,3,4,No,3.6,4.29,3.82,LOW,6.18,HIGH,3.71
CLG0083,93,9.22,9.63,1,Yes,9,10,1,No,6.26,6.6,6.03,HIGH,3.97,LOW,1.4
CLG0062,113,6.09,5.99,6,Yes,10,10,5,Yes,3.38,10.0,6.58,HIGH,3.42,LOW,0.0
CLG0071,105,5.07,5.2,7,Yes,0,10,2,No,2.53,5.6,4.35,MEDIUM,5.65,MEDIUM,2.4
CLG0073,108,6.34,6.26,5,No,7,1,5,No,3.4,5.4,4.67,MEDIUM,5.33,MEDIUM,2.6
CLG0054,105,5.96,5.89,3,No,6,2,5,No,2.23,5.64,4.24,LOW,5.76,HIGH,2.36
CLG0096,124,7.54,7.59,6,Yes,1,1,1,No,5.43,1.0,3.99,LOW,6.01,HIGH,7.0
CLG0083,103,6.02,5.88,7,Yes,1,3,0,No,3.59,1.09,2.93,LOW,7.07,HIGH,6.91
CLG0039,94,8.82,9.11,10,No,4,1,1,No,8.64,1.6,5.0,MEDIUM,5.0,MEDIUM,6.4
CLG0029,86,6.21,6.34,10,No,3,10,5,No,5.04,8.6,6.23,HIGH,3.77,LOW,0.0
CLG0016,103,8.53,8.72,9,No,3,5,4,No,7.85,5.58,6.43,HIGH,3.57,LOW,2.42
CLG0044,63,7.89,7.62,7,No,8,10,0,No,5.99,5.6,5.01,MEDIUM,4.99,MEDIUM,2.4
CLG0067,97,9.93,10.0,3,No,10,6,5,No,7.62,8.22,7.29,HIGH,2.71,LOW,0.0
CLG0069,96,10.0,10.0,1,No,0,1,2,No,7.0,1.6,4.38,MEDIUM,5.62,MEDIUM,6.4
CLG0070,79,9.35,9.05,7,No,9,1,4,No,7.91,5.0,5.81,MEDIUM,4.19,MEDIUM,3.0
CLG0017,86,8.8,9.05,8,Yes,8,4,2,No,7.92,4.53,5.75,MEDIUM,4.25,MEDIUM,3.47
CLG0081,112,6.93,6.6,1,No,2,4,5,No,2.67,5.73,4.57,MEDIUM,5.43,MEDIUM,2.27
CLG0100,103,8.77,8.33,5,No,7,8,3,Yes,6.37,6.91,6.37,HIGH,3.63,LOW,1.09
CLG0042,101,9.78,9.81,8,No,4,10,4,Yes,9.06,8.0,7.85,HIGH,2.15,LOW,0.0
CLG0096,104,5.12,5.17,10,No,9,7,1,No,3.53,5.27,4.6,MEDIUM,5.4,MEDIUM,2.73
CLG0040,101,7.69,7.38,7,No,2,7,2,No,5.69,4.67,5.17,MEDIUM,4.83,MEDIUM,3.33
CLG0014,118,6.09,5.94,2,No,8,9,1,No,2.01,5.96,4.5,MEDIUM,5.5,MEDIUM,2.04
CLG0032,101,7.79,8.24,4,No,8,8,5,Yes,5.38,8.71,6.66,HIGH,3.34,LOW,0.0
CLG0043,78,7.33,7.12,6,Yes,7,3,0,No,4.95,2.29,3.53,LOW,6.47,HIGH,5.71
CLG0077,124,7.88,7.54,7,No,2,4,2,No,5.93,3.33,5.12,MEDIUM,4.88,MEDIUM,4.67
CLG0047,105,7.75,8.24,7,Yes,2,8,2,Yes,6.36,5.11,5.68,MEDIUM,4.32,MEDIUM,2.89
CLG0023,91,9.8,9.6,3,No,9,5,0,No,7.25,3.58,5.19,MEDIUM,4.81,MEDIUM,4.42
CLG0060,81,7.76,7.94,8,Yes,10,5,0,No,6.48,3.78,4.79,MEDIUM,5.21,MEDIUM,4.22
CLG0012,105,9.23,8.96,7,No,9,8,0,No,7.78,4.91,6.17,HIGH,3.83,LOW,3.09
CLG0086,98,6.6,6.65,4,Yes,2,8,5,No,3.51,7.51,5.38,MEDIUM,4.62,MEDIUM,0.49
CLG0094,123,7.19,7.08,10,Yes,10,6,0,No,6.17,4.22,5.56,MEDIUM,4.44,MEDIUM,3.78
CLG0058,94,7.35,7.81,4,Yes,5,9,3,No,4.81,6.96,5.61,MEDIUM,4.39,MEDIUM,1.04
CLG0022,87,6.39,6.32,4,No,1,4,2,No,3.14,3.13,3.29,LOW,6.71,HIGH,4.87
CLG0064,113,6.9,6.98,5,No,8,10,5,Yes,4.26,9.6,6.77,HIGH,3.23,LOW,0.0
CLG0074,113,7.99,8.43,2,Yes,1,1,5,Yes,4.98,4.2,4.9,MEDIUM,5.1,MEDIUM,3.8
CLG0012,102,7.9,8.39,9,Yes,9,10,3,Yes,7.23,8.2,7.21,HIGH,2.79,LOW,0.0
CLG0100,110,8.18,7.78,6,Yes,7,2,3,No,5.95,4.24,5.26,MEDIUM,4.74,MEDIUM,3.76
CLG0092,99,6.76,7.09,8,Yes,9,1,1,No,5.26,2.6,4.14,LOW,5.86,HIGH,5.4
CLG0087,103,6.58,6.46,1,No,3,4,2,No,2.35,3.53,3.41,LOW,6.59,HIGH,4.47
CLG0024,117,8.06,8.15,6,Yes,3,9,2,Yes,6.15,5.76,6.06,HIGH,3.94,LOW,2.24
CLG0092,109,5.66,5.54,6,No,4,6,5,No,2.8,7.02,5.09,MEDIUM,4.91,MEDIUM,0.98
CLG0072,97,6.27,6.17,8,Yes,0,6,2,No,4.29,3.82,4.2,LOW,5.8,HIGH,4.18
CLG0020,120,5.21,4.87,1,No,3,6,2,No,0.37,4.42,3.27,LOW,6.73,HIGH,3.58
CLG0003,64,5.36,5.43,5,Yes,5,1,0,No,2.2,1.0,1.67,LOW,8.33,HIGH,7.0
CLG0071,130,6.22,6.27,3,No,9,1,4,No,2.67,5.0,4.59,MEDIUM,5.41,MEDIUM,3.0
CLG0023,74,5.1,4.79,6,No,1,3,1,No,1.91,1.89,2.08,LOW,7.92,HIGH,6.11
CLG0059,90,6.23,6.27,9,Yes,10,5,1,No,4.67,4.58,4.54,MEDIUM,5.46,MEDIUM,3.42
CLG0099,99,8.27,8.74,10,Yes,2,2,0,No,8.04,0.84,4.54,MEDIUM,5.46,MEDIUM,7.16
CLG0033,97,5.31,5.52,3,Yes,10,1,3,No,1.57,4.4,3.35,LOW,6.65,HIGH,3.6
CLG0046,115,7.18,7.16,9,No,3,9,4,Yes,5.89,7.36,6.56,HIGH,3.44,LOW,0.64
CLG0035,84,9.57,9.99,9,Yes,2,1,1,No,9.4,1.2,4.98,MEDIUM,5.02,MEDIUM,6.8
CLG0022,103,8.96,9.04,1,No,8,4,3,No,5.67,5.33,5.46,MEDIUM,4.54,MEDIUM,2.67
CLG0034,91,6.53,6.17,2,No,5,9,2,No,2.45,6.16,4.3,MEDIUM,5.7,MEDIUM,1.84
CLG0036,104,9.62,9.67,4,No,10,10,5,Yes,7.53,10.0,8.09,HIGH,1.91,LOW,0.0
CLG0026,99,6.65,6.33,7,No,4,2,4,No,4.3,4.44,4.49,MEDIUM,5.51,MEDIUM,3.56
CLG0041,101,5.36,5.63,2,Yes,4,10,4,No,1.35,8.0,4.77,MEDIUM,5.23,MEDIUM,0.0
CLG0010,91,9.97,10.0,7,No,1,3,5,No,8.98,5.09,6.48,HIGH,3.52,LOW,2.91
CLG0007,92,9.35,9.21,5,No,8,4,2,No,7.36,4.53,5.63,MEDIUM,4.37,MEDIUM,3.47
CLG0042,104,7.33,7.26,10,No,1,2,1,No,6.39,1.44,4.21,LOW,5.79,HIGH,6.56
CLG0011,114,8.33,8.25,7,No,4,2,4,Yes,6.72,4.44,5.71,MEDIUM,4.29,MEDIUM,3.56
CLG0081,91,8.36,8.15,9,No,6,6,0,No,7.33,3.42,5.15,MEDIUM,4.85,MEDIUM,4.58
CLG0072,86,5.97,6.26,9,No,2,10,0,No,4.51,4.4,4.33,MEDIUM,5.67,MEDIUM,3.6
CLG0071,109,6.0,6.12,3,No,7,5,0,No,2.42,3.18,3.4,LOW,6.6,HIGH,4.82
CLG0072,99,7.35,6.91,3,No,4,5,5,No,3.81,6.58,5.15,MEDIUM,4.85,MEDIUM,1.42
CLG0097,112,9.56,9.9,7,No,9,9,4,Yes,8.66,8.56,8.1,HIGH,1.9,LOW,0.0
CLG0006,86,5.05,4.74,5,No,2,7,1,No,1.51,3.87,2.92,LOW,7.08,HIGH,4.13
CLG0046,73,8.91,9.39,5,No,2,9,5,Yes,7.23,7.96,6.62,HIGH,3.38,LOW,0.04
CLG0005,92,5.29,5.17,5,No,2,1,3,No,1.97,2.8,2.78,LOW,7.22,HIGH,5.2
CLG0080,88,7.39,7.51,9,Yes,10,2,1,No,6.28,3.24,4.61,MEDIUM,5.39,MEDIUM,4.76
CLG0045,98,8.19,7.77,4,No,2,5,3,No,5.28,4.58,4.92,MEDIUM,5.08,MEDIUM,3.42
CLG0014,90,8.43,8.27,6,Yes,3,10,4,Yes,6.46,7.8,6.54,HIGH,3.46,LOW,0.2
CLG0034,111,5.29,5.59,6,No,9,7,2,No,2.61,6.07,4.67,MEDIUM,5.33,MEDIUM,1.93
CLG0056,95,7.09,7.07,7,Yes,0,8,3,No,5.11,5.51,5.17,MEDIUM,4.83,MEDIUM,2.49
CLG0058,102,7.92,8.32,2,No,2,7,3,No,4.85,5.47,5.17,MEDIUM,4.83,MEDIUM,2.53
CLG0050,102,5.33,5.41,6,Yes,9,9,1,No,2.5,6.16,4.51,MEDIUM,5.49,MEDIUM,1.84
CLG0098,102,5.68,6.11,9,No,9,3,4,No,4.22,5.89,5.09,MEDIUM,4.91,MEDIUM,2.11
CLG0089,99,8.32,8.8,3,Yes,4,5,1,No,5.78,3.38,4.66,MEDIUM,5.34,MEDIUM,4.62
CLG0086,107,7.61,7.56,2,No,7,6,4,No,4.11,6.82,5.5,MEDIUM,4.5,MEDIUM,1.18
CLG0067,88,5.81,5.88,8,No,7,10,3,No,3.8,7.8,5.44,MEDIUM,4.56,MEDIUM,0.2
CLG0082,120,7.68,8.01,1,No,8,7,2,Yes,4.15,5.87,5.36,MEDIUM,4.64,MEDIUM,2.13
CLG0056,96,9.56,9.28,8,Yes,8,7,5,No,8.54,8.27,7.66,HIGH,2.34,LOW,0.0
CLG0020,80,5.08,5.44,5,No,5,4,4,No,2.04,5.53,3.69,LOW,6.31,HIGH,2.47
CLG0013,102,8.21,8.3,9,No,9,1,3,No,7.35,4.2,5.66,MEDIUM,4.34,MEDIUM,3.8
CLG0098,87,5.37,5.6,9,Yes,6,8,5,No,3.67,8.31,5.58,MEDIUM,4.42,MEDIUM,0.0
CLG0085,109,5.03,4.61,4,No,10,10,5,No,1.07,10.0,5.59,MEDIUM,4.41,MEDIUM,0.0
CLG0093,133,5.75,6.02,1,Yes,3,1,2,No,1.53,2.2,3.06,LOW,6.94,HIGH,5.8
CLG0073,88,7.11,6.92,5,No,2,1,1,No,4.34,1.2,3.02,LOW,6.98,HIGH,6.8
CLG0086,104,9.01,9.32,7,Yes,10,9,1,No,7.91,6.36,6.78,HIGH,3.22,LOW,1.64
CLG0095,73,6.41,6.42,9,Yes,2,10,4,No,4.89,7.6,5.54,MEDIUM,4.46,MEDIUM,0.4
CLG0045,106,8.13,7.9,10,Yes,1,10,4,No,7.34,7.4,7.01,HIGH,2.99,LOW,0.6
CLG0031,86,7.06,7.51,9,No,7,3,4,No,6.08,5.49,5.4,MEDIUM,4.6,MEDIUM,2.51
CLG0070,90,6.17,6.44,9,No,6,9,1,No,4.76,5.56,4.97,MEDIUM,5.03,MEDIUM,2.44
CLG0041,83,7.57,8.06,6,No,7,10,4,Yes,5.79,8.6,6.47,HIGH,3.53,LOW,0.0
CLG0046,110,8.99,8.85,2,No,5,10,3,Yes,5.88,7.4,6.49,HIGH,3.51,LOW,0.6
CLG0002,115,9.16,9.31,5,Yes,9,1,5,Yes,7.32,5.8,6.51,HIGH,3.49,LOW,2.2
CLG0007,100,9.23,9.34,3,Yes,9,7,0,No,6.72,4.47,5.48,MEDIUM,4.52,MEDIUM,3.53
CLG0012,87,6.69,6.88,6,No,4,5,0,No,4.39,2.58,3.57,LOW,6.43,HIGH,5.42
CLG0064,123,8.97,8.51,5,No,0,4,4,Yes,6.62,4.53,5.86,MEDIUM,4.14,MEDIUM,3.47
CLG0043,88,6.06,5.85,10,No,7,5,3,No,4.6,5.58,4.88,MEDIUM,5.12,MEDIUM,2.42
CLG0051,67,8.69,9.1,1,No,1,1,3,No,5.55,2.6,3.7,LOW,6.3,HIGH,5.4
CLG0083,106,9.74,9.66,10,No,0,10,3,Yes,9.59,6.4,7.51,HIGH,2.49,LOW,1.6
CLG0020,83,5.07,5.53,10,Yes,8,7,5,No,3.77,8.27,5.53,MEDIUM,4.47,MEDIUM,0.0
CLG0013,114,7.2,6.91,2,Yes,10,2,2,No,3.39,4.04,4.22,LOW,5.78,HIGH,3.96
CLG0047,94,8.24,8.74,5,No,10,9,5,Yes,6.35,9.56,7.27,HIGH,2.73,LOW,0.0
CLG0085,109,8.51,8.71,6,Yes,7,5,3,No,6.83,5.58,6.13,HIGH,3.87,LOW,2.42
CLG0026,121,5.88,6.16,1,Yes,10,5,1,No,1.71,4.58,3.88,LOW,6.12,HIGH,3.42
CLG0097,81,9.86,9.76,7,Yes,8,3,1,No,8.74,3.29,5.5,MEDIUM,4.5,MEDIUM,4.71
CLG0058,91,8.08,8.49,3,Yes,4,10,3,Yes,5.41,7.2,5.9,MEDIUM,4.1,MEDIUM,0.8
CLG0022,98,5.82,5.87,1,No,2,2,0,No,1.47,0.84,1.9,LOW,8.1,HIGH,7.16
CLG0059,123,5.1,5.28,7,No,10,8,2,Yes,2.6,6.71,5.13,MEDIUM,4.87,MEDIUM,1.29
CLG0075,90,8.92,8.51,7,No,7,9,5,Yes,7.26,8.96,7.33,HIGH,2.67,LOW,0.0
CLG0015,91,5.4,5.53,10,No,3,3,1,No,3.97,2.29,3.36,LOW,6.64,HIGH,5.71
CLG0045,107,5.71,6.09,3,No,0,8,1,No,2.23,3.91,3.58,LOW,6.42,HIGH,4.09
CLG0047,91,7.87,7.55,6,No,8,6,1,No,5.59,4.62,4.94,MEDIUM,5.06,MEDIUM,3.38
CLG0082,102,8.02,8.26,4,No,10,9,5,Yes,5.54,9.56,7.08,HIGH,2.92,LOW,0.0
CLG0031,76,8.43,7.96,4,Yes,3,10,2,No,5.56,6.2,5.3,MEDIUM,4.7,MEDIUM,1.8
CLG0098,133,6.97,7.4,9,Yes,1,4,3,No,5.94,3.93,5.52,MEDIUM,4.48,MEDIUM,4.07
CLG0029,79,8.87,9.35,7,Yes,9,3,2,No,7.85,4.29,5.51,MEDIUM,4.49,MEDIUM,3.71
CLG0041,95,9.87,9.72,6,No,2,7,3,No,8.38,5.47,6.46,HIGH,3.54,LOW,2.53
CLG0081,99,6.36,5.97,9,Yes,5,1,4,No,4.53,4.2,4.48,MEDIUM,5.52,MEDIUM,3.8
CLG0018,128,8.52,8.68,3,No,8,3,1,No,5.81,3.29,5.13,MEDIUM,4.87,MEDIUM,4.71
CLG0096,80,9.64,9.17,4,No,5,7,5,No,7.18,7.67,6.61,HIGH,3.39,LOW,0.33
CLG0010,129,8.43,8.41,9,Yes,3,7,0,No,7.56,3.27,5.84,MEDIUM,4.16,MEDIUM,4.73
CLG0009,111,8.41,8.18,4,No,0,9,2,Yes,5.71,5.16,5.54,MEDIUM,4.46,MEDIUM,2.84
CLG0052,106,6.12,6.09,7,Yes,1,10,5,No,3.81,8.2,5.92,MEDIUM,4.08,MEDIUM,0.0
CLG0027,85,7.68,7.2,9,No,6,9,2,No,6.22,6.36,5.78,MEDIUM,4.22,MEDIUM,1.64
CLG0026,108,7.81,7.36,4,No,2,7,5,No,4.75,7.07,5.87,MEDIUM,4.13,MEDIUM,0.93
CLG0085,89,8.5,8.02,9,Yes,1,3,1,No,7.32,1.89,4.5,MEDIUM,5.5,MEDIUM,6.11
CLG0029,118,9.98,10.0,7,Yes,5,3,1,No,8.99,2.69,5.99,HIGH,4.01,LOW,5.31
CLG0020,85,5.17,5.23,4,Yes,3,5,5,No,1.61,6.38,3.95,LOW,6.05,HIGH,1.62
CLG0073,98,5.33,5.06,3,No,0,9,0,No,1.25,3.56,2.9,LOW,7.1,HIGH,4.44
CLG0068,91,5.39,5.54,6,Yes,8,1,0,No,2.63,1.6,2.55,LOW,7.45,HIGH,6.4
CLG0015,85,8.71,9.09,3,No,8,1,1,No,6.23,2.4,4.2,LOW,5.8,HIGH,5.6
CLG0052,111,5.68,5.46,7,No,10,9,5,Yes,3.08,9.56,6.25,HIGH,3.75,LOW,0.0
CLG0087,108,8.11,8.44,1,Yes,4,7,3,No,4.72,5.87,5.38,MEDIUM,4.62,MEDIUM,2.13
CLG0080,118,6.62,6.78,7,No,7,4,1,No,4.61,3.53,4.57,MEDIUM,5.43,MEDIUM,4.47
CLG0001,73,7.29,6.82,3,Yes,5,1,0,No,3.71,1.0,2.43,LOW,7.57,HIGH,7.0
CLG0019,115,6.08,5.96,9,No,6,6,1,No,4.35,4.22,4.69,MEDIUM,5.31,MEDIUM,3.78
CLG0026,137,9.33,9.34,6,Yes,5,9,0,Yes,7.78,4.56,6.58,HIGH,3.42,LOW,3.44
CLG0059,93,7.93,8.16,7,No,6,6,4,No,6.41,6.62,6.1,HIGH,3.9,LOW,1.38
CLG0004,128,9.72,9.51,9,No,2,5,3,Yes,9.14,4.58,6.98,HIGH,3.02,LOW,3.42
CLG0062,96,7.87,8.35,6,No,10,1,5,No,6.18,6.0,5.81,MEDIUM,4.19,MEDIUM,2.0
CLG0092,79,5.62,5.8,10,No,2,9,0,No,4.3,3.96,3.95,LOW,6.05,HIGH,4.04
CLG0057,95,5.85,5.72,2,Yes,9,9,5,No,1.71,9.36,5.35,MEDIUM,4.65,MEDIUM,0.0
CLG0060,115,9.95,9.55,6,No,2,1,2,Yes,8.31,2.0,5.39,MEDIUM,4.61,MEDIUM,6.0
CLG0035,87,8.63,8.31,6,No,9,4,2,No,6.61,4.73,5.32,MEDIUM,4.68,MEDIUM,3.27
CLG0035,90,5.25,5.24,2,Yes,5,1,5,No,1.0,5.0,3.24,LOW,6.76,HIGH,3.0
CLG0040,108,8.52,8.51,7,No,0,10,3,Yes,7.02,6.4,6.51,HIGH,3.49,LOW,1.6
CLG0021,100,7.06,7.33,9,No,8,4,3,No,5.95,5.33,5.52,MEDIUM,4.48,MEDIUM,2.67
CLG0027,108,6.54,6.77,10,No,8,7,2,No,5.56,5.87,5.72,MEDIUM,4.28,MEDIUM,2.13
CLG0047,103,5.77,5.47,4,No,3,8,5,No,2.14,7.71,5.0,MEDIUM,5.0,MEDIUM,0.29
CLG0013,107,9.2,9.29,5,Yes,1,3,5,No,7.33,5.09,6.1,HIGH,3.9,LOW,2.91
CLG0054,93,5.32,4.84,6,Yes,6,3,5,No,2.08,6.09,4.16,LOW,5.84,HIGH,1.91
CLG0006,103,6.45,6.35,1,No,6,10,5,No,2.2,9.2,5.62,MEDIUM,4.38,MEDIUM,0.0
CLG0031,86,6.53,6.79,8,Yes,5,5,5,No,4.9,6.78,5.44,MEDIUM,4.56,MEDIUM,1.22
CLG0087,119,5.8,5.7,9,No,7,6,4,No,4.0,6.82,5.66,MEDIUM,4.34,MEDIUM,1.18
CLG0033,90,7.54,7.88,1,No,2,3,4,No,3.97,4.49,4.22,LOW,5.78,HIGH,3.51
CLG0009,116,5.06,5.54,4,No,1,6,0,No,1.77,2.42,2.96,LOW,7.04,HIGH,5.58
CLG0069,96,6.5,6.61,6,No,9,10,3,No,4.08,8.2,5.85,MEDIUM,4.15,MEDIUM,0.0
CLG0044,103,9.67,9.32,10,Yes,0,7,2,No,9.3,4.27,6.49,HIGH,3.51,LOW,3.73
CLG0058,92,6.55,6.43,1,No,2,6,5,No,2.31,6.62,4.44,MEDIUM,5.56,MEDIUM,1.38
CLG0038,84,6.8,6.31,3,Yes,7,6,5,No,3.04,7.62,5.0,MEDIUM,5.0,MEDIUM,0.38
CLG0044,73,7.37,7.47,7,No,7,2,3,No,5.57,4.24,4.47,MEDIUM,5.53,MEDIUM,3.76
CLG0068,84,7.81,8.13,8,No,6,4,2,No,6.65,4.13,5.05,MEDIUM,4.95,MEDIUM,3.87
CLG0032,95,9.04,9.17,8,No,1,1,2,No,8.15,1.8,4.9,MEDIUM,5.1,MEDIUM,6.2
CLG0003,103,5.95,6.24,5,No,2,10,0,No,3.15,4.4,4.08,LOW,5.92,HIGH,3.6
CLG0098,115,9.36,9.66,1,Yes,6,5,3,Yes,6.37,5.38,5.96,HIGH,4.04,LOW,2.62
CLG0059,93,8.79,9.14,1,No,10,10,4,Yes,5.64,9.2,6.82,HIGH,3.18,LOW,0.0
CLG0012,86,8.61,8.38,8,Yes,7,3,3,No,7.31,4.69,5.57,MEDIUM,4.43,MEDIUM,3.31
CLG0100,78,5.43,5.8,5,No,8,3,2,No,2.51,4.09,3.27,LOW,6.73,HIGH,3.91
CLG0046,107,5.11,5.26,9,No,5,4,4,No,3.26,5.53,4.64,MEDIUM,5.36,MEDIUM,2.47
CLG0032,120,7.97,7.76,1,Yes,9,9,2,Yes,4.14,6.96,5.79,MEDIUM,4.21,MEDIUM,1.04
CLG0031,118,9.32,9.81,2,Yes,2,6,3,Yes,6.79,5.02,6.04,HIGH,3.96,LOW,2.98
CLG0013,110,7.92,8.37,4,Yes,8,10,2,Yes,5.56,7.2,6.28,HIGH,3.72,LOW,0.8
CLG0049,109,6.07,6.14,10,No,4,8,5,No,4.81,7.91,6.25,HIGH,3.75,LOW,0.09
CLG0086,125,5.45,5.79,7,No,3,5,1,No,3.19,3.18,3.98,LOW,6.02,HIGH,4.82
CLG0091,104,8.5,8.26,4,No,8,6,4,No,5.83,7.02,6.22,HIGH,3.78,LOW,0.98
CLG0069,109,8.61,8.53,8,No,9,3,5,No,7.42,6.69,6.81,HIGH,3.19,LOW,1.31
CLG0064,95,5.86,5.54,7,Yes,1,7,0,No,3.25,2.87,3.37,LOW,6.63,HIGH,5.13
CLG0026,79,5.14,5.16,5,No,9,9,1,No,1.87,6.16,3.86,LOW,6.14,HIGH,1.84
CLG0049,89,7.04,7.04,7,No,3,9,5,No,5.06,8.16,6.11,HIGH,3.89,LOW,0.0
CLG0083,99,7.91,7.62,8,Yes,5,7,2,No,6.34,5.27,5.64,MEDIUM,4.36,MEDIUM,2.73
CLG0023,100,8.53,8.7,3,No,10,3,3,No,5.83,5.29,5.46,MEDIUM,4.54,MEDIUM,2.71
CLG0092,128,9.05,8.67,3,No,5,5,2,Yes,6.12,4.38,5.69,MEDIUM,4.31,MEDIUM,3.62
CLG0066,101,8.05,7.61,2,No,10,10,0,No,4.41,6.0,5.19,MEDIUM,4.81,MEDIUM,2.0
CLG0003,117,5.55,5.43,4,No,9,9,3,Yes,1.98,7.76,5.2,MEDIUM,4.8,MEDIUM,0.24
CLG0077,93,8.41,8.32,4,No,4,9,4,Yes,5.82,7.56,6.24,HIGH,3.76,LOW,0.44
CLG0100,95,9.92,9.74,4,No,9,3,4,No,7.76,5.89,6.38,HIGH,3.62,LOW,2.11
CLG0021,80,9.53,9.29,2,Yes,6,5,2,No,6.53,4.58,5.11,MEDIUM,4.89,MEDIUM,3.42
CLG0046,88,9.36,9.2,7,Yes,4,1,1,No,8.03,1.6,4.66,MEDIUM,5.34,MEDIUM,6.4
CLG0039,107,6.51,6.17,10,No,5,7,3,No,5.1,6.07,5.6,MEDIUM,4.4,MEDIUM,1.93
CLG0078,100,8.75,8.65,3,Yes,0,2,5,No,5.93,4.44,5.16,MEDIUM,4.84,MEDIUM,3.56
CLG0038,114,9.26,9.66,10,No,7,10,1,Yes,9.31,6.2,7.45,HIGH,2.55,LOW,1.8
CLG0028,102,8.39,8.11,1,No,4,10,2,Yes,4.65,6.4,5.46,MEDIUM,4.54,MEDIUM,1.6
CLG0069,94,6.25,6.43,2,No,4,6,5,No,2.47,7.02,4.7,MEDIUM,5.3,MEDIUM,0.98
CLG0045,132,9.77,9.41,5,No,9,10,5,Yes,7.76,9.8,8.58,HIGH,1.42,LOW,0.0
CLG0062,98,7.25,7.1,9,No,5,6,3,No,5.89,5.62,5.58,MEDIUM,4.42,MEDIUM,2.38
CLG0017,117,5.65,5.47,4,Yes,5,7,4,No,2.07,6.87,4.88,MEDIUM,5.12,MEDIUM,1.13
CLG0040,93,5.55,5.99,6,No,7,3,4,No,3.06,5.49,4.31,MEDIUM,5.69,MEDIUM,2.51
CLG0035,110,8.24,8.17,3,Yes,3,8,2,Yes,5.27,5.31,5.41,MEDIUM,4.59,MEDIUM,2.69
CLG0082,113,7.19,7.38,9,No,3,5,3,No,6.06,4.78,5.57,MEDIUM,4.43,MEDIUM,3.22
CLG0057,103,5.47,5.57,2,No,2,10,5,No,1.37,8.4,4.97,MEDIUM,5.03,MEDIUM,0.0
CLG0085,64,8.7,8.34,8,No,8,4,2,No,7.34,4.53,5.14,MEDIUM,4.86,MEDIUM,3.47
CLG0025,100,9.0,9.44,3,Yes,7,9,4,Yes,6.66,8.16,6.94,HIGH,3.06,LOW,0.0
CLG0095,118,8.63,8.48,8,No,4,9,5,Yes,7.4,8.36,7.62,HIGH,2.38,LOW,0.0
CLG0015,107,6.01,5.55,3,No,10,2,5,No,2.01,6.44,4.51,MEDIUM,5.49,MEDIUM,1.56
CLG0019,106,8.45,8.25,4,Yes,7,1,0,No,5.79,1.4,3.99,LOW,6.01,HIGH,6.6
CLG0051,74,5.05,4.89,8,No,5,3,1,No,2.62,2.69,2.69,LOW,7.31,HIGH,5.31
CLG0013,89,6.53,6.12,10,No,4,10,2,No,5.08,6.4,5.41,MEDIUM,4.59,MEDIUM,1.6
CLG0096,106,6.99,7.11,4,No,8,8,5,No,4.08,8.71,6.23,HIGH,3.77,LOW,0.0
CLG0095,106,9.18,9.03,9,No,8,4,0,No,8.46,2.93,5.67,MEDIUM,4.33,MEDIUM,5.07
CLG0078,118,6.95,7.08,9,No,10,5,4,No,5.7,6.98,6.39,HIGH,3.61,LOW,1.02
CLG0025,97,5.06,4.57,6,No,7,5,2,No,1.72,4.78,3.56,LOW,6.44,HIGH,3.22
CLG0083,106,6.76,7.24,1,No,9,2,4,No,3.03,5.44,4.5,MEDIUM,5.5,MEDIUM,2.56
CLG0023,100,7.49,7.16,9,No,2,1,4,No,6.08,3.6,4.88,MEDIUM,5.12,MEDIUM,4.4
CLG0083,85,9.75,9.91,9,Yes,8,8,2,Yes,9.45,6.31,7.06,HIGH,2.94,LOW,1.69
CLG0081,66,9.71,9.93,7,Yes,5,10,0,No,8.77,5.0,5.94,HIGH,4.06,LOW,3.0
CLG0059,106,5.9,5.57,9,No,8,5,2,No,3.96,4.98,4.69,MEDIUM,5.31,MEDIUM,3.02
CLG0016,102,5.93,5.54,8,No,0,2,5,No,3.62,4.44,4.27,MEDIUM,5.73,MEDIUM,3.56
CLG0096,90,5.82,5.47,9,No,0,7,4,No,3.84,5.87,4.72,MEDIUM,5.28,MEDIUM,2.13
CLG0095,75,8.94,8.69,9,Yes,5,2,3,No,8.07,3.84,5.35,MEDIUM,4.65,MEDIUM,4.16
CLG0051,109,5.03,4.7,7,Yes,3,6,4,No,2.14,6.02,4.43,MEDIUM,5.57,MEDIUM,1.98
CLG0010,96,5.64,5.81,6,No,4,9,5,No,2.98,8.36,5.48,MEDIUM,4.52,MEDIUM,0.0
CLG0072,108,7.69,7.61,2,Yes,4,4,2,No,4.2,3.73,4.32,MEDIUM,5.68,MEDIUM,4.27
CLG0055,127,6.24,6.28,7,Yes,2,5,0,No,4.02,2.18,3.95,LOW,6.05,HIGH,5.82
CLG0062,67,5.46,5.01,1,No,8,1,4,No,0.62,4.8,2.61,LOW,7.39,HIGH,3.2
CLG0045,89,6.8,7.16,6,No,0,1,0,No,4.67,0.0,2.69,LOW,7.31,HIGH,8.0
CLG0066,96,6.37,6.04,6,No,5,9,5,No,3.59,8.56,5.8,MEDIUM,4.2,MEDIUM,0.0
CLG0025,121,7.56,7.42,7,No,1,5,0,No,5.65,1.98,4.42,MEDIUM,5.58,MEDIUM,6.02
CLG0058,75,9.9,9.47,2,No,1,3,1,No,6.89,1.89,4.09,LOW,5.91,HIGH,6.11
CLG0091,129,5.62,5.26,4,Yes,8,2,5,No,1.9,6.04,4.68,MEDIUM,5.32,MEDIUM,1.96
CLG0064,102,6.86,7.03,2,No,9,10,0,No,3.27,5.8,4.67,MEDIUM,5.33,MEDIUM,2.2
CLG0044,98,9.66,9.85,4,Yes,1,7,4,No,7.69,6.07,6.48,HIGH,3.52,LOW,1.93
CLG0024,97,9.38,9.56,3,No,8,4,4,No,6.97,6.13,6.2,HIGH,3.8,LOW,1.87
CLG0051,93,6.97,7.02,2,No,7,3,2,No,3.33,3.89,3.78,LOW,6.22,HIGH,4.11
CLG0063,115,8.49,8.94,2,Yes,6,2,2,Yes,5.65,3.24,4.82,MEDIUM,5.18,MEDIUM,4.76
CLG0024,83,5.44,5.45,3,No,7,10,0,No,1.6,5.4,3.52,LOW,6.48,HIGH,2.6
CLG0048,105,8.56,8.51,10,Yes,8,10,5,Yes,8.04,9.6,8.15,HIGH,1.85,LOW,0.0
CLG0020,94,9.86,9.61,4,Yes,9,4,5,No,7.63,7.13,6.81,HIGH,3.19,LOW,0.87
CLG0032,88,7.69,7.29,7,No,8,9,3,No,5.63,7.56,6.08,HIGH,3.92,LOW,0.44
CLG0034,138,7.49,7.54,4,No,2,10,5,Yes,4.69,8.4,6.89,HIGH,3.11,LOW,0.0
CLG0093,106,5.94,5.75,7,Yes,9,7,5,No,3.45,8.47,5.88,MEDIUM,4.12,MEDIUM,0.0
CLG0052,109,8.17,8.19,4,No,0,1,4,No,5.58,3.2,4.67,MEDIUM,5.33,MEDIUM,4.8
CLG0038,117,7.95,7.66,3,Yes,7,3,0,No,4.72,2.29,4.1,LOW,5.9,HIGH,5.71
CLG0014,78,8.26,8.6,8,No,9,5,5,No,7.26,7.58,6.57,HIGH,3.43,LOW,0.42
CLG0024,126,5.13,5.63,3,No,3,7,2,No,1.54,4.87,4.02,LOW,5.98,HIGH,3.13
CLG0099,62,7.74,7.56,8,Yes,4,5,4,No,6.19,5.78,5.15,MEDIUM,4.85,MEDIUM,2.22
CLG0083,88,7.97,8.31,2,Yes,10,9,1,No,4.88,6.36,5.3,MEDIUM,4.7,MEDIUM,1.64
CLG0072,93,6.04,6.41,3,Yes,5,7,5,No,2.66,7.67,5.02,MEDIUM,4.98,MEDIUM,0.33
CLG0008,108,6.04,6.54,4,No,5,1,2,No,3.09,2.6,3.42,LOW,6.58,HIGH,5.4
CLG0006,103,6.38,6.22,3,No,6,6,5,No,2.73,7.42,5.12,MEDIUM,4.88,MEDIUM,0.58
CLG0075,97,8.56,8.82,6,No,9,2,1,No,6.94,3.04,4.95,MEDIUM,5.05,MEDIUM,4.96
CLG0043,99,8.03,7.76,9,No,2,6,4,No,6.84,5.82,6.06,HIGH,3.94,LOW,2.18
CLG0055,85,9.23,9.35,10,No,1,3,3,No,9.06,3.49,5.77,MEDIUM,4.23,MEDIUM,4.51
CLG0077,77,6.48,6.68,8,No,8,2,0,No,4.79,2.04,3.35,LOW,6.65,HIGH,5.96
CLG0027,110,9.56,9.8,4,No,1,3,0,No,7.59,1.09,4.65,MEDIUM,5.35,MEDIUM,6.91
CLG0024,110,8.72,8.43,2,No,8,10,3,Yes,5.42,8.0,6.55,HIGH,3.45,LOW,0.0
CLG0092,123,6.98,7.33,10,Yes,9,4,0,No,6.23,3.13,5.15,MEDIUM,4.85,MEDIUM,4.87
CLG0067,88,5.48,5.4,1,Yes,3,1,5,No,0.92,4.6,3.01,LOW,6.99,HIGH,3.4
CLG0006,110,6.28,6.0,4,No,10,4,5,No,2.84,7.33,5.25,MEDIUM,4.75,MEDIUM,0.67
CLG0066,95,9.78,9.82,5,No,0,6,0,No,8.07,2.22,5.04,MEDIUM,4.96,MEDIUM,5.78
CLG0097,117,6.55,6.91,2,Yes,2,5,1,No,3.0,2.98,3.69,LOW,6.31,HIGH,5.02
CLG0016,115,6.65,7.12,3,No,9,5,0,No,3.55,3.58,4.12,LOW,5.88,HIGH,4.42
CLG0057,103,5.95,6.2,4,Yes,1,9,1,No,2.79,4.56,4.0,LOW,6.0,HIGH,3.44
CLG0062,94,9.03,8.54,3,Yes,3,9,0,No,6.02,4.16,4.98,MEDIUM,5.02,MEDIUM,3.84
CLG0091,114,6.38,6.01,8,Yes,1,9,5,Yes,4.24,7.76,6.05,HIGH,3.95,LOW,0.24
CLG0085,109,6.65,6.23,2,No,9,7,0,No,2.56,4.47,3.97,LOW,6.03,HIGH,3.53
CLG0065,89,7.07,6.67,9,Yes,5,10,2,No,5.47,6.6,5.65,MEDIUM,4.35,MEDIUM,1.4
CLG0018,80,7.17,7.05,6,Yes,10,9,3,No,4.81,7.96,5.77,MEDIUM,4.23,MEDIUM,0.04
CLG0080,95,7.06,6.9,1,Yes,9,8,2,No,2.96,6.51,4.71,MEDIUM,5.29,MEDIUM,1.49
CLG0038,122,7.52,7.13,8,Yes,0,8,0,No,5.74,3.11,4.92,MEDIUM,5.08,MEDIUM,4.89
CLG0018,117,9.07,9.45,10,Yes,4,5,1,No,9.04,3.38,6.27,HIGH,3.73,LOW,4.62
CLG0014,83,9.1,9.22,6,Yes,8,9,0,No,7.56,5.16,5.81,MEDIUM,4.19,MEDIUM,2.84
CLG0026,82,8.99,9.29,4,No,0,8,4,Yes,6.87,6.31,5.97,HIGH,4.03,LOW,1.69
CLG0070,119,5.51,5.38,6,No,3,7,4,No,2.59,6.47,4.96,MEDIUM,5.04,MEDIUM,1.53
CLG0011,82,9.0,8.91,2,No,1,8,4,Yes,5.93,6.51,5.68,MEDIUM,4.32,MEDIUM,1.49
CLG0002,107,5.6,5.42,1,No,10,9,4,No,1.0,8.76,5.03,MEDIUM,4.97,MEDIUM,0.0
CLG0025,90,5.62,5.56,6,Yes,1,7,0,No,2.79,2.87,3.1,LOW,6.9,HIGH,5.13
CLG0067,124,9.74,9.85,8,Yes,4,9,4,Yes,9.07,7.56,8.07,HIGH,1.93,LOW,0.44
CLG0061,88,9.1,9.09,5,No,1,8,3,Yes,7.13,5.71,5.94,HIGH,4.06,LOW,2.29
CLG0040,117,7.76,8.1,8,Yes,4,2,0,No,6.6,1.24,4.44,MEDIUM,5.56,MEDIUM,6.76
CLG0030,102,9.37,9.77,3,No,0,3,2,No,7.12,2.49,4.89,MEDIUM,5.11,MEDIUM,5.51
CLG0009,103,9.95,9.92,6,No,4,6,0,No,8.58,3.02,5.7,MEDIUM,4.3,MEDIUM,4.98
CLG0030,70,8.05,7.79,1,No,2,6,1,No,4.21,3.42,3.55,LOW,6.45,HIGH,4.58
CLG0021,66,8.06,8.51,3,No,1,7,3,No,5.41,5.27,4.7,MEDIUM,5.3,MEDIUM,2.73
CLG0086,96,8.77,9.01,4,No,10,2,0,No,6.54,2.44,4.53,MEDIUM,5.47,MEDIUM,5.56
CLG0045,103,6.16,6.3,5,Yes,3,1,2,No,3.32,2.2,3.27,LOW,6.73,HIGH,5.8
CLG0012,83,5.84,6.09,3,Yes,0,5,1,No,2.31,2.58,2.67,LOW,7.33,HIGH,5.42
CLG0042,83,8.8,8.38,8,Yes,2,2,5,No,7.43,4.84,5.63,MEDIUM,4.37,MEDIUM,3.16
CLG0053,108,6.72,6.29,5,No,10,9,1,No,3.65,6.36,5.15,MEDIUM,4.85,MEDIUM,1.64
CLG0030,108,5.68,5.33,7,No,0,3,2,No,2.99,2.49,3.34,LOW,6.66,HIGH,5.51
CLG0046,97,6.57,6.22,5,Yes,7,2,5,No,3.51,5.84,4.7,MEDIUM,5.3,MEDIUM,2.16
CLG0070,111,6.79,6.71,8,No,4,7,2,No,5.0,5.07,5.22,MEDIUM,4.78,MEDIUM,2.93
CLG0091,82,9.83,9.49,1,Yes,0,6,2,No,6.52,3.82,4.84,MEDIUM,5.16,MEDIUM,4.18
CLG0098,94,8.49,8.84,3,No,1,8,2,Yes,5.91,4.91,5.23,MEDIUM,4.77,MEDIUM,3.09
CLG0079,124,7.65,7.73,3,No,8,9,4,Yes,4.59,8.36,6.6,HIGH,3.4,LOW,0.0
CLG0060,101,9.84,9.71,10,No,6,3,3,No,9.69,4.49,6.7,HIGH,3.3,LOW,3.51
CLG0055,101,9.52,9.09,10,No,2,8,2,Yes,9.05,5.11,6.69,HIGH,3.31,LOW,2.89
CLG0054,134,7.56,7.65,3,No,0,4,4,No,4.48,4.53,5.19,MEDIUM,4.81,MEDIUM,3.47
CLG0030,79,9.53,9.15,6,No,1,2,0,No,7.76,0.64,4.01,LOW,5.99,HIGH,7.36
CLG0079,111,7.02,7.26,9,No,6,4,1,No,5.87,3.33,4.88,MEDIUM,5.12,MEDIUM,4.67
CLG0059,124,6.15,6.45,6,Yes,7,4,0,No,3.76,2.73,4.01,LOW,5.99,HIGH,5.27
CLG0036,95,6.16,6.2,5,Yes,4,8,0,No,3.25,3.91,3.79,LOW,6.21,HIGH,4.09
CLG0058,112,8.31,7.96,1,No,3,10,5,Yes,4.49,8.6,6.45,HIGH,3.55,LOW,0.0
CLG0057,85,7.51,7.8,2,No,9,8,4,No,4.23,8.11,5.69,MEDIUM,4.31,MEDIUM,0.0
CLG0093,89,8.29,8.1,1,Yes,3,7,4,No,4.58,6.47,5.24,MEDIUM,4.76,MEDIUM,1.53
CLG0007,105,8.43,8.15,6,Yes,4,4,2,No,6.37,3.73,5.13,MEDIUM,4.87,MEDIUM,4.27
CLG0079,111,5.11,5.08,3,Yes,6,2,2,No,1.13,3.24,2.94,LOW,7.06,HIGH,4.76
CLG0052,116,5.27,5.69,5,Yes,6,1,4,No,2.34,4.4,3.98,LOW,6.02,HIGH,3.6
CLG0051,123,7.66,7.46,6,Yes,3,2,3,No,5.4,3.44,4.94,MEDIUM,5.06,MEDIUM,4.56
CLG0093,98,5.96,6.37,5,No,0,2,5,No,3.25,4.44,4.05,LOW,5.95,HIGH,3.56
CLG0014,117,8.16,7.71,3,Yes,4,3,5,No,4.89,5.69,5.53,MEDIUM,4.47,MEDIUM,2.31
CLG0074,94,7.76,7.34,2,No,6,10,2,No,4.04,6.8,5.24,MEDIUM,4.76,MEDIUM,1.2
CLG0024,113,7.93,8.13,2,No,3,5,5,Yes,4.72,6.38,5.67,MEDIUM,4.33,MEDIUM,1.62
CLG0038,103,6.51,6.2,2,No,6,1,0,No,2.46,1.2,2.52,LOW,7.48,HIGH,6.8
CLG0002,106,8.2,8.02,10,Yes,7,5,2,No,7.47,4.78,6.01,HIGH,3.99,LOW,3.22
CLG0071,106,9.15,8.79,4,No,1,7,2,No,6.6,4.47,5.54,MEDIUM,4.46,MEDIUM,3.53
CLG0035,75,9.99,9.82,4,Yes,1,1,3,No,7.86,2.6,4.77,MEDIUM,5.23,MEDIUM,5.4
CLG0092,83,9.19,8.97,3,No,4,4,4,No,6.43,5.33,5.42,MEDIUM,4.58,MEDIUM,2.67
CLG0040,101,7.79,8.03,8,Yes,2,2,3,No,6.56,3.24,4.95,MEDIUM,5.05,MEDIUM,4.76
CLG0050,74,5.97,6.17,4,No,3,8,2,No,2.78,5.31,3.8,LOW,6.2,HIGH,2.69
CLG0026,112,8.41,8.86,8,No,0,2,3,Yes,7.54,2.84,5.37,MEDIUM,4.63,MEDIUM,5.16
CLG0096,113,9.69,9.91,3,No,10,1,5,Yes,7.41,6.0,6.59,HIGH,3.41,LOW,2.0
CLG0015,104,6.06,6.25,2,Yes,3,2,2,No,2.22,2.64,3.02,LOW,6.98,HIGH,5.36
CLG0086,83,6.28,6.47,8,No,10,10,3,No,4.52,8.4,5.89,MEDIUM,4.11,MEDIUM,0.0
CLG0087,120,5.75,6.13,6,No,3,4,1,No,3.28,2.73,3.75,LOW,6.25,HIGH,5.27
CLG0010,130,8.68,8.48,2,No,3,5,1,No,5.43,3.18,4.97,MEDIUM,5.03,MEDIUM,4.82
CLG0089,102,7.03,6.83,7,Yes,2,2,2,No,4.9,2.44,3.98,LOW,6.02,HIGH,5.56
CLG0027,107,5.31,5.55,10,No,1,4,3,No,3.93,3.93,4.27,MEDIUM,5.73,MEDIUM,4.07
CLG0026,103,9.37,9.1,7,Yes,3,7,2,No,7.96,4.87,6.19,HIGH,3.81,LOW,3.13
CLG0018,107,7.79,8.2,4,No,7,5,3,No,5.36,5.58,5.5,MEDIUM,4.5,MEDIUM,2.42
CLG0065,98,6.66,6.69,8,Yes,2,8,4,No,4.9,6.71,5.62,MEDIUM,4.38,MEDIUM,1.29
CLG0066,99,6.72,6.52,3,No,5,10,3,No,3.15,7.4,5.21,MEDIUM,4.79,MEDIUM,0.6
CLG0032,113,6.45,6.73,9,No,1,9,3,Yes,5.14,6.16,5.75,MEDIUM,4.25,MEDIUM,1.84
CLG0095,135,7.28,7.09,5,No,0,1,2,No,4.57,1.6,4.07,LOW,5.93,HIGH,6.4
CLG0076,78,6.69,7.15,3,Yes,6,1,3,No,3.59,3.6,3.51,LOW,6.49,HIGH,4.4
CLG0077,98,7.74,8.22,9,No,5,3,2,No,7.01,3.49,5.17,MEDIUM,4.83,MEDIUM,4.51
CLG0059,82,8.87,9.04,2,Yes,9,8,2,Yes,5.95,6.51,5.68,MEDIUM,4.32,MEDIUM,1.49
CLG0063,123,8.37,7.98,2,No,3,1,0,No,4.88,0.6,3.59,LOW,6.41,HIGH,7.4
CLG0093,91,6.47,6.23,3,No,6,10,2,No,2.79,6.8,4.69,MEDIUM,5.31,MEDIUM,1.2
CLG0059,78,7.64,7.66,9,Yes,5,2,3,No,6.54,3.84,4.78,MEDIUM,5.22,MEDIUM,4.16
CLG0003,109,9.2,9.55,10,No,1,1,1,No,9.19,1.0,5.24,MEDIUM,4.76,MEDIUM,7.0
CLG0068,126,5.34,5.02,3,Yes,3,1,4,No,1.22,3.8,3.46,LOW,6.54,HIGH,4.2
CLG0016,109,5.39,4.99,5,No,8,9,3,No,1.9,7.56,4.95,MEDIUM,5.05,MEDIUM,0.44
CLG0063,103,7.78,7.35,9,No,7,10,5,No,6.39,9.4,7.38,HIGH,2.62,LOW,0.0
CLG0010,106,8.2,8.21,10,No,5,1,3,No,7.61,3.4,5.52,MEDIUM,4.48,MEDIUM,4.6
CLG0014,121,6.06,6.44,6,Yes,0,4,3,No,3.69,3.73,4.34,MEDIUM,5.66,MEDIUM,4.27
CLG0051,86,8.73,8.27,6,Yes,6,7,0,No,6.64,3.87,4.97,MEDIUM,5.03,MEDIUM,4.13
CLG0083,98,8.23,7.94,1,No,0,5,1,No,4.43,2.58,3.78,LOW,6.22,HIGH,5.42
CLG0043,93,9.62,9.81,2,No,7,10,3,Yes,6.97,7.8,6.8,HIGH,3.2,LOW,0.2
CLG0094,82,5.84,6.17,9,Yes,2,5,5,No,4.36,6.18,4.92,MEDIUM,5.08,MEDIUM,1.82
CLG0068,95,8.76,9.07,8,Yes,8,7,2,No,7.91,5.87,6.44,HIGH,3.56,LOW,2.13
CLG0062,116,5.42,5.71,2,No,4,6,1,No,1.44,3.82,3.39,LOW,6.61,HIGH,4.18
CLG0100,108,7.83,7.46,5,No,5,6,1,No,5.17,4.02,4.82,MEDIUM,5.18,MEDIUM,3.98
CLG0062,109,7.76,7.66,5,Yes,3,8,3,No,5.28,6.11,5.72,MEDIUM,4.28,MEDIUM,1.89
CLG0032,102,6.94,7.42,6,No,5,10,2,No,4.94,6.6,5.66,MEDIUM,4.34,MEDIUM,1.4
CLG0091,107,9.22,9.71,4,No,8,9,1,No,7.32,5.96,6.44,HIGH,3.56,LOW,2.04
CLG0023,87,5.02,5.12,9,Yes,6,2,4,No,3.1,4.84,3.96,LOW,6.04,HIGH,3.16
CLG0083,95,7.6,7.81,5,No,1,10,2,No,5.29,5.8,5.36,MEDIUM,4.64,MEDIUM,2.2
CLG0034,102,6.09,6.54,4,No,10,4,1,No,3.12,4.13,3.94,LOW,6.06,HIGH,3.87
CLG0075,104,8.72,8.67,9,No,5,10,1,No,7.92,5.8,6.56,HIGH,3.44,LOW,2.2
CLG0019,104,5.22,4.86,2,No,10,9,2,No,0.7,7.16,4.22,LOW,5.78,HIGH,0.84
CLG0023,97,9.16,9.33,2,Yes,10,10,0,No,6.34,6.0,5.89,MEDIUM,4.11,MEDIUM,2.0
CLG0044,94,9.19,9.65,3,No,8,1,2,No,6.92,3.2,4.95,MEDIUM,5.05,MEDIUM,4.8
CLG0051,147,9.16,9.36,10,No,7,10,4,Yes,9.03,8.6,8.86,HIGH,1.14,LOW,0.0
CLG0040,113,5.76,6.06,4,No,10,8,0,No,2.57,5.11,4.3,MEDIUM,5.7,MEDIUM,2.89
CLG0056,106,8.15,8.07,10,No,0,1,3,No,7.48,2.4,5.06,MEDIUM,4.94,MEDIUM,5.6
CLG0072,96,5.07,4.67,9,No,4,4,0,No,2.8,2.13,2.91,LOW,7.09,HIGH,5.87
CLG0009,93,9.24,8.91,5,Yes,5,9,4,Yes,7.08,7.76,6.82,HIGH,3.18,LOW,0.24
CLG0014,98,8.61,9.09,2,Yes,8,4,4,No,5.83,6.13,5.76,MEDIUM,4.24,MEDIUM,1.87
CLG0058,104,7.66,7.65,3,No,3,5,4,No,4.54,5.58,5.12,MEDIUM,4.88,MEDIUM,2.42
CLG0063,71,8.65,8.16,8,No,0,9,1,No,7.18,4.36,5.13,MEDIUM,4.87,MEDIUM,3.64
CLG0099,76,5.47,5.93,6,No,5,8,0,No,2.97,4.11,3.43,LOW,6.57,HIGH,3.89
CLG0034,90,7.64,7.64,5,Yes,8,1,4,No,5.19,4.8,4.83,MEDIUM,5.17,MEDIUM,3.2
CLG0065,103,6.46,6.8,4,Yes,5,3,5,No,3.53,5.89,4.83,MEDIUM,5.17,MEDIUM,2.11
CLG0032,96,9.86,9.91,4,No,6,4,0,No,7.85,2.53,5.09,MEDIUM,4.91,MEDIUM,5.47
CLG0008,122,9.29,8.89,8,Yes,9,3,5,Yes,8.09,6.69,7.3,HIGH,2.7,LOW,1.31
CLG0023,77,8.67,8.79,6,No,3,9,0,No,6.98,4.16,5.07,MEDIUM,4.93,MEDIUM,3.84
CLG0032,88,9.67,10.0,5,Yes,1,6,3,No,8.14,4.82,5.99,HIGH,4.01,LOW,3.18
CLG0038,122,6.73,6.26,5,No,2,3,5,No,3.63,5.29,4.95,MEDIUM,5.05,MEDIUM,2.71
CLG0099,101,9.5,9.84,6,No,10,8,3,Yes,8.25,7.51,7.33,HIGH,2.67,LOW,0.49
CLG0022,113,6.63,6.37,3,No,0,9,3,Yes,2.99,5.96,4.81,MEDIUM,5.19,MEDIUM,2.04
CLG0027,130,8.66,8.55,7,No,1,10,5,Yes,7.13,8.2,7.65,HIGH,2.35,LOW,0.0
CLG0085,89,8.68,8.55,1,No,6,4,1,No,5.15,3.33,4.21,LOW,5.79,HIGH,4.67
CLG0061,98,5.09,5.49,5,No,8,5,1,No,2.08,4.18,3.48,LOW,6.52,HIGH,3.82
CLG0052,95,6.81,6.81,6,No,8,3,3,No,4.42,4.89,4.65,MEDIUM,5.35,MEDIUM,3.11
CLG0029,70,5.1,5.05,2,No,8,5,4,No,0.77,6.58,3.44,LOW,6.56,HIGH,1.42
CLG0013,95,9.99,10.0,2,Yes,10,2,2,No,7.33,4.04,5.47,MEDIUM,4.53,MEDIUM,3.96
CLG0037,113,5.61,5.16,9,No,0,2,5,No,3.49,4.44,4.4,MEDIUM,5.6,MEDIUM,3.56
CLG0042,108,7.71,7.3,2,Yes,6,5,1,No,3.98,3.78,4.25,LOW,5.75,HIGH,4.22
CLG0045,109,8.95,8.47,3,Yes,6,7,2,No,5.92,5.47,5.72,MEDIUM,4.28,MEDIUM,2.53
CLG0042,94,6.01,6.2,1,No,8,1,1,No,1.82,2.4,2.59,LOW,7.41,HIGH,5.6
CLG0034,90,7.43,7.46,9,Yes,8,3,0,No,6.26,2.49,4.34,MEDIUM,5.66,MEDIUM,5.51
CLG0034,119,8.04,8.42,1,Yes,0,1,4,Yes,4.67,3.2,4.48,MEDIUM,5.52,MEDIUM,4.8
CLG0074,92,5.8,5.8,4,No,9,8,1,No,2.4,5.71,4.12,LOW,5.88,HIGH,2.29
CLG0079,104,8.89,8.61,7,No,4,2,0,No,7.32,1.24,4.5,MEDIUM,5.5,MEDIUM,6.76
CLG0027,102,6.5,6.81,2,No,1,6,4,No,2.9,5.62,4.45,MEDIUM,5.55,MEDIUM,2.38
CLG0080,121,6.06,5.85,8,Yes,5,6,5,No,3.93,7.22,5.83,MEDIUM,4.17,MEDIUM,0.78
CLG0042,114,7.79,8.23,8,No,1,9,1,Yes,6.71,4.56,5.76,MEDIUM,4.24,MEDIUM,3.44
CLG0026,80,7.05,6.8,3,No,5,6,4,No,3.55,6.42,4.65,MEDIUM,5.35,MEDIUM,1.58
CLG0052,82,9.6,9.27,4,Yes,6,10,1,No,7.23,6.0,5.99,HIGH,4.01,LOW,2.0
CLG0027,108,9.4,9.39,7,No,5,6,3,No,8.19,5.62,6.67,HIGH,3.33,LOW,2.38
CLG0051,99,7.42,6.97,5,Yes,10,1,1,No,4.57,2.8,3.94,LOW,6.06,HIGH,5.2
CLG0068,93,6.8,6.34,5,Yes,0,7,1,No,3.73,3.47,3.77,LOW,6.23,HIGH,4.53
CLG0061,115,6.63,6.63,2,Yes,3,6,0,No,2.84,2.82,3.53,LOW,6.47,HIGH,5.18
CLG0034,102,6.34,6.06,6,Yes,2,8,3,No,3.58,5.91,4.84,MEDIUM,5.16,MEDIUM,2.09
CLG0075,100,7.72,7.23,4,No,4,1,2,No,4.6,2.4,3.81,LOW,6.19,HIGH,5.6
CLG0003,111,9.02,8.82,5,No,6,8,4,Yes,6.88,7.51,6.95,HIGH,3.05,LOW,0.49
CLG0025,94,6.55,6.53,5,No,2,8,2,No,3.72,5.11,4.44,MEDIUM,5.56,MEDIUM,2.89
CLG0025,123,5.95,5.84,2,No,0,1,2,No,1.86,1.6,2.79,LOW,7.21,HIGH,6.4
CLG0065,88,7.38,7.02,8,Yes,10,7,3,No,5.58,7.07,5.86,MEDIUM,4.14,MEDIUM,0.93
CLG0076,109,5.35,5.43,1,Yes,10,7,3,No,0.86,7.07,4.33,MEDIUM,5.67,MEDIUM,0.93
CLG0082,121,8.51,8.72,2,Yes,8,7,3,Yes,5.5,6.67,6.24,HIGH,3.76,LOW,1.33
CLG0037,79,7.59,7.77,7,No,5,3,0,No,5.92,1.89,3.77,LOW,6.23,HIGH,6.11
CLG0013,94,7.48,7.37,7,No,5,3,0,No,5.56,1.89,3.89,LOW,6.11,HIGH,6.11
CLG0082,117,6.5,6.14,2,Yes,3,8,4,Yes,2.41,6.91,5.03,MEDIUM,4.97,MEDIUM,1.09
CLG0015,117,9.52,9.52,1,No,10,8,3,Yes,6.36,7.51,6.85,HIGH,3.15,LOW,0.49
CLG0006,97,5.45,5.84,10,Yes,0,8,2,No,4.22,4.71,4.53,MEDIUM,5.47,MEDIUM,3.29
CLG0039,88,9.35,9.32,1,No,8,3,4,No,6.11,5.69,5.52,MEDIUM,4.48,MEDIUM,2.31
CLG0013,114,6.88,6.58,1,No,9,4,0,No,2.62,3.13,3.55,LOW,6.45,HIGH,4.87
CLG0076,117,9.4,8.99,6,Yes,6,2,1,No,7.57,2.44,5.3,MEDIUM,4.7,MEDIUM,5.56
CLG0074,82,8.64,9.08,10,Yes,9,3,1,No,8.51,3.49,5.5,MEDIUM,4.5,MEDIUM,4.51
CLG0026,81,5.52,5.76,7,Yes,6,5,4,No,3.21,6.18,4.44,MEDIUM,5.56,MEDIUM,1.82
CLG0027,103,9.16,8.97,2,Yes,10,3,0,No,6.07,2.89,4.64,MEDIUM,5.36,MEDIUM,5.11
CLG0022,109,8.41,8.21,6,No,6,4,4,No,6.4,5.73,6.01,HIGH,3.99,LOW,2.27
CLG0097,95,5.16,5.56,4,No,6,7,0,No,1.84,3.87,3.21,LOW,6.79,HIGH,4.13
CLG0080,110,5.67,5.35,9,No,7,3,3,No,3.66,4.69,4.52,MEDIUM,5.48,MEDIUM,3.31
CLG0065,89,8.18,8.22,8,No,10,1,1,No,6.94,2.8,4.72,MEDIUM,5.28,MEDIUM,5.2
CLG0043,68,8.31,8.52,8,Yes,7,1,2,No,7.24,3.0,4.56,MEDIUM,5.44,MEDIUM,5.0
CLG0043,93,8.73,8.63,2,No,2,4,3,No,5.57,4.13,4.77,MEDIUM,5.23,MEDIUM,3.87
CLG0065,100,8.6,8.14,5,Yes,7,1,2,No,6.13,3.0,4.66,MEDIUM,5.34,MEDIUM,5.0
CLG0011,95,8.3,8.03,2,No,3,6,4,No,4.87,6.02,5.28,MEDIUM,4.72,MEDIUM,1.98
CLG0086,82,8.83,9.23,3,No,6,4,1,No,6.4,3.33,4.59,MEDIUM,5.41,MEDIUM,4.67
CLG0093,72,7.88,7.9,8,Yes,4,5,2,No,6.52,4.18,4.81,MEDIUM,5.19,MEDIUM,3.82
CLG0034,92,6.3,6.62,5,Yes,3,6,5,No,3.64,6.82,5.06,MEDIUM,4.94,MEDIUM,1.18
CLG0067,113,9.56,9.62,4,Yes,3,2,4,Yes,7.46,4.24,5.91,MEDIUM,4.09,MEDIUM,3.76
CLG0095,118,5.09,5.53,5,Yes,5,1,0,No,2.11,1.0,2.56,LOW,7.44,HIGH,7.0
CLG0077,117,6.83,7.24,8,No,1,10,3,Yes,5.41,6.6,6.1,HIGH,3.9,LOW,1.4
CLG0058,87,8.64,8.62,10,Yes,4,2,0,No,8.17,1.24,4.55,MEDIUM,5.45,MEDIUM,6.76
CLG0011,82,7.14,6.96,7,Yes,7,6,3,No,5.06,6.02,5.13,MEDIUM,4.87,MEDIUM,1.98
CLG0050,107,5.12,5.22,6,Yes,1,10,1,No,2.24,5.0,4.02,LOW,5.98,HIGH,3.0
CLG0072,109,5.33,5.5,2,No,4,9,2,No,1.23,5.96,4.04,LOW,5.96,HIGH,2.04
CLG0010,106,8.24,8.24,10,No,6,8,0,No,7.65,4.31,5.9,MEDIUM,4.1,MEDIUM,3.69
CLG0079,69,9.82,10.0,5,No,4,10,0,No,8.23,4.8,5.69,MEDIUM,4.31,MEDIUM,3.2
CLG0008,86,7.76,7.44,10,Yes,9,1,2,No,6.78,3.4,4.84,MEDIUM,5.16,MEDIUM,4.6
CLG0064,99,7.53,7.36,9,No,8,5,2,No,6.25,4.98,5.48,MEDIUM,4.52,MEDIUM,3.02
CLG0030,107,6.59,6.78,9,Yes,8,7,4,No,5.26,7.47,6.22,HIGH,3.78,LOW,0.53
CLG0036,111,6.28,6.03,9,Yes,7,8,3,Yes,4.53,6.91,5.77,MEDIUM,4.23,MEDIUM,1.09
CLG0030,102,5.1,5.04,3,No,8,7,5,No,1.09,8.27,4.79,MEDIUM,5.21,MEDIUM,0.0
CLG0056,104,6.36,6.82,9,No,1,1,5,No,5.15,4.2,4.82,MEDIUM,5.18,MEDIUM,3.8
CLG0095,101,7.25,7.38,9,Yes,2,4,4,No,6.1,4.93,5.44,MEDIUM,4.56,MEDIUM,3.07
CLG0069,110,5.99,6.44,5,Yes,3,4,0,No,3.32,1.93,3.28,LOW,6.72,HIGH,6.07
CLG0019,104,5.44,5.66,6,No,4,9,2,No,2.75,5.96,4.56,MEDIUM,5.44,MEDIUM,2.04
CLG0049,100,8.59,8.81,7,No,9,6,1,No,7.28,4.82,5.85,MEDIUM,4.15,MEDIUM,3.18
CLG0098,95,9.47,9.56,10,Yes,1,6,0,No,9.36,2.42,5.64,MEDIUM,4.36,MEDIUM,5.58
CLG0077,101,9.68,9.32,10,No,10,5,0,No,9.31,3.78,6.26,HIGH,3.74,LOW,4.22
CLG0062,107,8.09,8.11,10,Yes,9,5,5,No,7.47,7.58,7.15,HIGH,2.85,LOW,0.42
CLG0061,104,5.26,5.01,6,Yes,3,9,3,No,2.17,6.56,4.57,MEDIUM,5.43,MEDIUM,1.44
CLG0025,105,8.7,9.2,5,No,3,2,4,No,6.97,4.24,5.58,MEDIUM,4.42,MEDIUM,3.76
CLG0078,120,5.55,5.32,1,Yes,4,10,5,Yes,0.9,8.8,5.23,MEDIUM,4.77,MEDIUM,0.0
CLG0011,103,8.35,8.08,4,Yes,5,5,3,No,5.6,5.18,5.37,MEDIUM,4.63,MEDIUM,2.82
CLG0030,90,8.9,9.02,8,No,0,1,0,No,7.96,0.0,4.02,LOW,5.98,HIGH,8.0
CLG0071,113,8.63,8.64,8,Yes,5,5,2,Yes,7.51,4.38,5.99,HIGH,4.01,LOW,3.62
CLG0066,79,9.76,9.28,6,No,8,4,1,No,8.0,3.73,5.34,MEDIUM,4.66,MEDIUM,4.27
CLG0035,83,8.69,8.32,3,Yes,2,4,3,No,5.65,4.13,4.63,MEDIUM,5.37,MEDIUM,3.87
CLG0043,105,8.47,8.78,8,Yes,1,4,5,No,7.52,5.53,6.31,HIGH,3.69,LOW,2.47
CLG0067,107,6.31,6.29,7,Yes,7,3,0,No,4.07,2.29,3.67,LOW,6.33,HIGH,5.71
CLG0097,81,9.62,9.27,9,No,1,6,5,No,8.9,6.42,6.81,HIGH,3.19,LOW,1.58
CLG0051,94,5.9,5.87,3,No,7,3,5,No,2.18,6.29,4.29,MEDIUM,5.71,MEDIUM,1.71
CLG0046,90,9.52,9.27,6,Yes,9,6,4,No,7.84,7.22,6.86,HIGH,3.14,LOW,0.78
CLG0062,92,6.56,6.28,1,No,3,6,3,No,2.21,5.22,3.84,LOW,6.16,HIGH,2.78
CLG0062,114,5.65,6.11,8,No,8,10,0,No,3.87,5.6,5.04,MEDIUM,4.96,MEDIUM,2.4
CLG0032,110,9.13,8.99,2,No,3,2,4,No,6.07,4.24,5.3,MEDIUM,4.7,MEDIUM,3.76
CLG0017,99,5.01,4.56,5,Yes,0,9,4,No,1.35,6.76,4.24,LOW,5.76,HIGH,1.24
CLG0051,91,9.16,9.63,6,Yes,7,10,1,No,7.89,6.2,6.49,HIGH,3.51,LOW,1.8
CLG0028,79,6.31,6.6,4,No,0,8,2,No,3.3,4.71,3.85,LOW,6.15,HIGH,3.29
CLG0085,121,9.42,9.17,9,No,4,7,1,No,8.71,4.27,6.56,HIGH,3.44,LOW,3.73
CLG0051,108,8.46,8.37,3,Yes,6,9,4,Yes,5.55,7.96,6.55,HIGH,3.45,LOW,0.04
CLG0019,89,8.33,8.69,2,No,2,8,3,Yes,5.37,5.91,5.33,MEDIUM,4.67,MEDIUM,2.09
CLG0097,110,6.83,6.69,3,Yes,5,9,5,No,3.34,8.56,5.94,HIGH,4.06,LOW,0.0
CLG0057,98,5.3,5.37,5,Yes,10,8,2,No,2.12,6.71,4.51,MEDIUM,5.49,MEDIUM,1.29
CLG0075,95,9.15,9.18,1,Yes,0,3,4,No,5.89,4.09,4.92,MEDIUM,5.08,MEDIUM,3.91
CLG0097,106,5.85,5.75,10,No,5,10,2,No,4.4,6.6,5.51,MEDIUM,4.49,MEDIUM,1.4
CLG0087,88,6.86,7.0,4,No,4,1,3,No,3.92,3.2,3.65,LOW,6.35,HIGH,4.8
CLG0007,94,8.0,7.97,1,Yes,1,6,0,No,4.31,2.42,3.6,LOW,6.4,HIGH,5.58
CLG0008,101,7.41,6.93,9,No,3,3,0,No,5.86,1.49,3.97,LOW,6.03,HIGH,6.51
CLG0030,92,5.99,6.3,3,No,10,3,4,No,2.55,6.09,4.33,MEDIUM,5.67,MEDIUM,1.91
CLG0007,110,5.7,5.31,2,No,10,6,4,No,1.32,7.42,4.68,MEDIUM,5.32,MEDIUM,0.58
CLG0058,128,5.62,5.58,5,Yes,10,10,1,No,2.47,6.8,5.2,MEDIUM,4.8,MEDIUM,1.2
CLG0086,88,9.32,9.4,1,No,6,9,4,Yes,6.15,7.96,6.45,HIGH,3.55,LOW,0.04
CLG0027,75,5.16,5.37,10,No,5,5,0,No,3.7,2.78,3.17,LOW,6.83,HIGH,5.22
CLG0040,69,9.89,9.8,7,No,10,1,0,No,8.79,2.0,4.79,MEDIUM,5.21,MEDIUM,6.0
CLG0100,97,5.99,6.23,9,No,9,10,1,No,4.5,6.6,5.4,MEDIUM,4.6,MEDIUM,1.4
CLG0036,90,5.55,5.18,1,No,5,7,5,No,0.8,7.67,4.23,LOW,5.77,HIGH,0.33
CLG0019,103,7.88,8.03,8,No,8,9,3,Yes,6.62,7.56,6.73,HIGH,3.27,LOW,0.44
CLG0091,101,5.4,5.73,8,No,1,10,2,No,3.45,5.8,4.73,MEDIUM,5.27,MEDIUM,2.2
CLG0056,75,8.01,8.4,7,Yes,0,2,0,No,6.63,0.44,3.41,LOW,6.59,HIGH,7.56
CLG0070,72,9.25,9.33,10,Yes,1,9,2,Yes,9.06,5.36,6.3,HIGH,3.7,LOW,2.64
CLG0080,104,5.24,5.05,4,No,2,5,4,No,1.52,5.38,3.84,LOW,6.16,HIGH,2.62
CLG0024,102,9.0,8.66,7,No,8,1,4,No,7.42,4.8,5.93,HIGH,4.07,MEDIUM,3.2
CLG0024,93,6.97,6.82,2,Yes,9,4,5,No,3.19,7.13,5.02,MEDIUM,4.98,MEDIUM,0.87
CLG0030,75,5.8,5.84,6,Yes,8,8,3,No,3.1,7.11,4.67,MEDIUM,5.33,MEDIUM,0.89
CLG0039,107,5.88,5.58,5,Yes,4,3,5,No,2.62,5.69,4.45,MEDIUM,5.55,MEDIUM,2.31
CLG0045,119,9.59,10.0,5,Yes,6,5,2,Yes,8.09,4.58,6.4,HIGH,3.6,LOW,3.42
CLG0099,104,5.55,5.95,8,Yes,2,2,0,No,3.7,0.84,2.89,LOW,7.11,HIGH,7.16
CLG0049,87,9.33,8.86,1,Yes,9,5,1,No,5.76,4.38,4.84,MEDIUM,5.16,MEDIUM,3.62
CLG0035,100,7.72,7.78,8,No,1,9,0,No,6.34,3.76,5.05,MEDIUM,4.95,MEDIUM,4.24
CLG0020,79,5.2,5.49,4,Yes,5,3,2,No,1.82,3.49,2.77,LOW,7.23,HIGH,4.51
CLG0036,115,7.32,7.07,10,No,5,7,2,No,6.25,5.27,5.87,MEDIUM,4.13,MEDIUM,2.73
CLG0075,101,9.09,9.11,6,No,4,6,0,No,7.47,3.02,5.22,MEDIUM,4.78,MEDIUM,4.98
CLG0019,73,8.63,8.54,6,No,0,2,0,No,6.78,0.44,3.44,LOW,6.56,HIGH,7.56
CLG0040,95,7.44,7.14,1,No,9,7,3,No,3.37,6.87,5.02,MEDIUM,4.98,MEDIUM,1.13
CLG0089,106,9.3,9.41,8,Yes,1,10,4,Yes,8.48,7.4,7.46,HIGH,2.54,LOW,0.6
CLG0022,95,5.6,6.09,4,Yes,6,4,5,No,2.5,6.53,4.54,MEDIUM,5.46,MEDIUM,1.47
CLG0065,95,9.55,9.42,9,No,9,6,3,No,8.97,6.42,7.08,HIGH,2.92,LOW,1.58
CLG0084,81,9.23,9.28,7,Yes,1,7,0,No,8.01,2.87,5.04,MEDIUM,4.96,MEDIUM,5.13
CLG0099,108,8.54,8.37,4,No,4,9,0,No,5.93,4.36,5.26,MEDIUM,4.74,MEDIUM,3.64
CLG0023,90,9.09,9.47,1,No,10,7,1,No,6.07,5.47,5.45,MEDIUM,4.55,MEDIUM,2.53
CLG0024,67,7.72,8.08,9,No,9,3,4,No,6.89,5.89,5.56,MEDIUM,4.44,MEDIUM,2.11
CLG0039,94,8.38,8.06,10,No,3,9,5,Yes,7.61,8.16,7.21,HIGH,2.79,LOW,0.0
CLG0087,114,7.8,8.2,6,Yes,9,6,5,Yes,6.03,8.02,6.87,HIGH,3.13,LOW,0.0
CLG0038,94,6.78,6.43,6,Yes,0,4,1,No,4.12,2.13,3.41,LOW,6.59,HIGH,5.87
CLG0047,126,7.84,7.44,1,Yes,4,10,4,Yes,3.83,8.0,6.18,HIGH,3.82,LOW,0.0
CLG0007,106,6.29,6.44,5,No,0,5,4,No,3.5,4.98,4.5,MEDIUM,5.5,MEDIUM,3.02
CLG0044,105,7.2,7.09,4,No,2,10,2,No,4.19,6.0,5.17,MEDIUM,4.83,MEDIUM,2.0
CLG0073,98,6.4,6.43,1,No,8,1,4,No,2.22,4.8,3.78,LOW,6.22,HIGH,3.2
CLG0093,98,5.61,5.76,7,No,6,4,5,No,3.26,6.53,4.89,MEDIUM,5.11,MEDIUM,1.47
CLG0041,96,6.61,6.16,4,No,1,3,0,No,3.15,1.09,2.64,LOW,7.36,HIGH,6.91
CLG0042,95,9.26,9.05,3,Yes,4,6,4,No,6.53,6.22,6.02,HIGH,3.98,LOW,1.78
CLG0074,107,6.91,6.87,2,No,3,9,3,No,3.19,6.56,5.03,MEDIUM,4.97,MEDIUM,1.44
CLG0079,85,8.74,8.51,8,Yes,6,3,2,No,7.49,3.69,5.22,MEDIUM,4.78,MEDIUM,4.31
CLG0048,83,5.88,5.43,5,No,3,5,1,No,2.51,3.18,2.99,LOW,7.01,HIGH,4.82
CLG0072,83,7.12,6.71,10,No,8,2,5,No,5.86,6.04,5.48,MEDIUM,4.52,MEDIUM,1.96
CLG0022,130,5.57,5.87,9,Yes,2,9,4,Yes,3.98,7.16,5.98,HIGH,4.02,LOW,0.84
CLG0063,107,5.69,6.1,5,No,5,8,1,No,2.89,4.91,4.25,LOW,5.75,HIGH,3.09
CLG0084,104,8.09,7.74,10,No,4,10,0,No,7.2,4.8,5.88,MEDIUM,4.12,MEDIUM,3.2
CLG0057,84,8.04,7.79,1,Yes,9,4,1,No,4.2,3.93,3.99,LOW,6.01,HIGH,4.07
CLG0082,109,6.07,6.22,10,No,7,8,4,No,4.87,7.71,6.19,HIGH,3.81,LOW,0.29
CLG0056,98,7.37,7.82,5,No,10,10,1,No,5.16,6.8,5.76,MEDIUM,4.24,MEDIUM,1.2
CLG0034,103,9.32,9.12,5,No,0,4,0,No,7.28,1.33,4.5,MEDIUM,5.5,MEDIUM,6.67
CLG0023,85,5.87,6.23,8,No,9,2,4,No,4.09,5.44,4.56,MEDIUM,5.44,MEDIUM,2.56
CLG0028,102,5.1,5.11,6,No,1,9,1,No,2.14,4.56,3.72,LOW,6.28,HIGH,3.44
CLG0041,93,8.26,8.72,5,No,6,2,1,No,6.35,2.44,4.4,MEDIUM,5.6,MEDIUM,5.56
CLG0010,88,5.27,4.91,8,Yes,0,1,0,No,2.77,0.0,1.91,LOW,8.09,HIGH,8.0
CLG0052,111,9.9,10.0,1,Yes,4,1,3,Yes,6.94,3.2,5.25,MEDIUM,4.75,MEDIUM,4.8
CLG0056,76,8.05,7.99,5,No,7,3,3,No,5.69,4.69,4.75,MEDIUM,5.25,MEDIUM,3.31
CLG0023,108,7.35,7.8,3,No,9,10,2,No,4.46,7.4,5.89,MEDIUM,4.11,MEDIUM,0.6
CLG0010,110,7.15,7.11,5,No,4,7,0,No,4.51,3.47,4.37,MEDIUM,5.63,MEDIUM,4.53
CLG0065,86,7.87,7.9,3,No,4,6,3,No,4.85,5.42,4.88,MEDIUM,5.12,MEDIUM,2.58
CLG0029,87,5.45,5.75,4,No,8,3,1,No,2.16,3.29,2.97,LOW,7.03,HIGH,4.71
CLG0046,96,9.65,9.87,9,Yes,10,5,0,No,9.36,3.78,6.2,HIGH,3.8,LOW,4.22
CLG0041,104,8.13,8.25,2,Yes,10,10,1,No,4.93,6.8,5.77,MEDIUM,4.23,MEDIUM,1.2
CLG0069,97,5.92,5.84,10,No,4,6,1,No,4.5,3.82,4.29,MEDIUM,5.71,MEDIUM,4.18
CLG0044,106,7.81,8.1,1,No,0,10,2,Yes,4.29,5.6,5.07,MEDIUM,4.93,MEDIUM,2.4
CLG0029,126,5.67,6.12,4,Yes,2,2,5,No,2.56,4.84,4.41,MEDIUM,5.59,MEDIUM,3.16
CLG0050,92,5.09,4.6,8,No,4,3,2,No,2.43,3.29,3.16,LOW,6.84,HIGH,4.71
CLG0020,74,8.15,8.24,5,No,7,4,4,No,5.93,5.93,5.31,MEDIUM,4.69,MEDIUM,2.07
CLG0063,112,8.24,8.61,9,Yes,9,8,5,Yes,7.59,8.91,7.81,HIGH,2.19,LOW,0.0
CLG0008,125,7.92,8.07,10,No,1,1,0,No,7.34,0.2,4.45,MEDIUM,5.55,MEDIUM,7.8
CLG0089,105,5.92,6.22,3,No,3,9,3,No,2.45,6.56,4.7,MEDIUM,5.3,MEDIUM,1.44
CLG0065,83,8.02,8.42,9,No,3,1,2,No,7.32,2.2,4.53,MEDIUM,5.47,MEDIUM,5.8
CLG0100,98,5.28,5.53,1,No,2,3,0,No,0.89,1.29,1.85,LOW,8.15,HIGH,6.71
CLG0044,83,8.05,8.27,2,Yes,5,3,2,No,4.9,3.49,4.07,LOW,5.93,HIGH,4.51
CLG0016,109,7.77,8.23,9,No,9,9,3,Yes,7.03,7.76,7.08,HIGH,2.92,LOW,0.24
CLG0069,79,8.28,8.64,9,Yes,1,3,2,No,7.64,2.69,4.78,MEDIUM,5.22,MEDIUM,5.31
CLG0050,95,9.48,9.8,10,Yes,2,3,4,No,9.54,4.49,6.54,HIGH,3.46,LOW,3.51
CLG0013,84,9.25,8.84,5,No,1,2,0,No,7.03,0.64,3.8,LOW,6.2,HIGH,7.36
CLG0065,101,9.9,9.64,10,Yes,9,4,5,No,9.68,7.13,7.75,HIGH,2.25,LOW,0.87
CLG0072,94,9.88,9.94,4,No,7,8,5,Yes,7.88,8.51,7.46,HIGH,2.54,LOW,0.0
CLG0001,102,8.86,9.07,9,No,1,6,0,No,8.3,2.42,5.33,MEDIUM,4.67,MEDIUM,5.58
CLG0020,100,9.78,9.58,10,No,4,1,1,No,9.56,1.6,5.47,MEDIUM,4.53,MEDIUM,6.4
CLG0025,85,9.34,8.93,2,No,3,5,5,No,6.15,6.38,5.76,MEDIUM,4.24,MEDIUM,1.62
CLG0029,109,8.64,8.45,3,Yes,0,10,5,Yes,5.72,8.0,6.65,HIGH,3.35,LOW,0.0
CLG0067,99,5.38,5.65,8,Yes,6,8,4,No,3.37,7.51,5.34,MEDIUM,4.66,MEDIUM,0.49
CLG0093,85,5.25,5.63,1,Yes,5,1,2,No,0.95,2.6,2.17,LOW,7.83,HIGH,5.4
CLG0018,133,9.19,9.6,2,No,9,6,1,No,6.55,4.82,6.12,HIGH,3.88,LOW,3.18
CLG0082,107,7.45,7.33,5,No,0,7,2,No,4.85,4.27,4.78,MEDIUM,5.22,MEDIUM,3.73
CLG0088,97,9.07,8.94,7,Yes,8,5,4,No,7.67,6.58,6.66,HIGH,3.34,LOW,1.42
CLG0057,121,6.56,6.47,10,No,3,4,1,No,5.35,2.73,4.6,MEDIUM,5.4,MEDIUM,5.27
CLG0053,127,6.99,6.87,9,Yes,0,7,3,No,5.57,5.07,5.73,MEDIUM,4.27,MEDIUM,2.93
CLG0070,97,8.5,8.67,3,No,7,9,0,No,5.79,4.96,5.26,MEDIUM,4.74,MEDIUM,3.04
CLG0092,105,9.58,9.44,4,Yes,0,4,4,No,7.34,4.53,5.84,MEDIUM,4.16,MEDIUM,3.47
CLG0062,85,5.44,4.96,10,Yes,1,3,4,No,3.57,4.29,3.9,LOW,6.1,HIGH,3.71
CLG0052,97,9.31,9.25,1,Yes,4,10,2,Yes,6.04,6.4,5.93,HIGH,4.07,MEDIUM,1.6
CLG0078,97,8.97,8.69,1,Yes,0,4,3,No,5.42,3.73,4.62,MEDIUM,5.38,MEDIUM,4.27
CLG0026,102,6.58,6.11,1,No,0,5,3,No,2.1,4.18,3.55,LOW,6.45,HIGH,3.82
CLG0071,104,6.78,6.75,4,Yes,5,9,5,No,3.69,8.56,5.98,HIGH,4.02,LOW,0.0
CLG0011,108,5.23,4.94,9,Yes,10,1,4,No,3.1,5.2,4.47,MEDIUM,5.53,MEDIUM,2.8
CLG0021,103,5.08,5.03,8,No,0,9,4,No,2.74,6.76,4.86,MEDIUM,5.14,MEDIUM,1.24
CLG0069,81,7.39,7.17,4,No,4,9,0,No,4.36,4.36,4.17,LOW,5.83,HIGH,3.64
CLG0031,85,5.48,5.58,8,Yes,9,8,3,No,3.38,7.31,5.03,MEDIUM,4.97,MEDIUM,0.69
CLG0045,91,5.97,6.46,7,No,10,10,4,No,3.99,9.2,6.13,HIGH,3.87,LOW,0.0
CLG0064,95,9.23,9.28,6,No,4,8,0,No,7.68,3.91,5.56,MEDIUM,4.44,MEDIUM,4.09
CLG0027,115,7.86,8.01,10,No,1,8,2,Yes,7.26,4.91,6.13,HIGH,3.87,LOW,3.09
CLG0097,82,8.17,8.59,2,Yes,10,4,3,No,5.2,5.73,5.07,MEDIUM,4.93,MEDIUM,2.27
CLG0034,94,5.94,5.81,3,No,2,7,1,No,2.16,3.87,3.32,LOW,6.68,HIGH,4.13
CLG0050,114,9.14,8.81,4,Yes,2,2,1,No,6.61,1.64,4.55,MEDIUM,5.45,MEDIUM,6.36
CLG0100,95,9.34,9.12,7,No,2,3,4,No,7.96,4.49,5.9,MEDIUM,4.1,MEDIUM,3.51
CLG0069,106,7.62,7.52,8,No,2,8,4,No,6.09,6.71,6.23,HIGH,3.77,LOW,1.29
CLG0026,97,9.56,9.71,8,No,10,4,5,No,8.86,7.33,7.43,HIGH,2.57,LOW,0.67
CLG0048,103,9.22,8.72,4,Yes,3,10,0,No,6.59,4.6,5.54,MEDIUM,4.46,MEDIUM,3.4
CLG0052,96,8.66,9.01,9,No,9,6,4,No,8.14,7.22,7.08,HIGH,2.92,LOW,0.78
CLG0099,110,8.67,8.25,8,No,0,8,4,Yes,7.25,6.31,6.6,HIGH,3.4,LOW,1.69
CLG0084,76,5.53,5.93,5,Yes,3,8,0,No,2.67,3.71,3.15,LOW,6.85,HIGH,4.29
CLG0078,94,6.35,6.8,3,No,3,5,1,No,3.13,3.18,3.43,LOW,6.57,HIGH,4.82
CLG0005,104,5.33,5.82,2,Yes,7,7,0,No,1.47,4.07,3.29,LOW,6.71,HIGH,3.93
CLG0012,108,5.04,5.35,9,Yes,10,1,5,No,3.28,6.0,4.86,MEDIUM,5.14,MEDIUM,2.0
CLG0013,122,5.79,5.43,1,Yes,3,5,5,No,1.13,6.38,4.39,MEDIUM,5.61,MEDIUM,1.62
CLG0091,94,9.4,9.61,7,No,4,3,3,No,8.35,4.09,5.88,MEDIUM,4.12,MEDIUM,3.91
CLG0091,122,6.2,5.9,7,Yes,3,4,3,No,3.72,4.33,4.6,MEDIUM,5.4,MEDIUM,3.67
CLG0016,90,9.85,10.0,1,No,4,1,4,No,6.91,4.0,5.2,MEDIUM,4.8,MEDIUM,4.0
CLG0051,119,7.99,7.81,7,No,2,1,4,No,6.19,3.6,5.25,MEDIUM,4.75,MEDIUM,4.4
CLG0054,112,6.19,6.02,1,No,2,3,5,No,1.8,5.29,4.05,LOW,5.95,HIGH,2.71
CLG0068,86,7.49,7.91,2,No,7,4,1,No,4.3,3.53,3.9,LOW,6.1,HIGH,4.47
CLG0013,104,6.1,5.61,9,Yes,0,3,1,No,4.11,1.69,3.4,LOW,6.6,HIGH,6.31
CLG0018,99,9.92,9.61,8,Yes,2,2,2,No,9.0,2.44,5.57,MEDIUM,4.43,MEDIUM,5.56
CLG0076,109,9.24,9.16,9,Yes,1,7,3,No,8.6,5.27,6.71,HIGH,3.29,LOW,2.73
CLG0019,96,5.13,5.33,9,No,9,10,3,No,3.32,8.2,5.55,MEDIUM,4.45,MEDIUM,0.0
CLG0081,95,9.74,9.89,4,No,10,9,5,Yes,7.76,9.56,7.85,HIGH,2.15,LOW,0.0
CLG0042,120,8.61,8.78,5,Yes,5,3,2,Yes,6.61,3.49,5.39,MEDIUM,4.61,MEDIUM,4.51
CLG0071,98,5.41,5.79,10,No,7,9,2,No,4.16,6.56,5.26,MEDIUM,4.74,MEDIUM,1.44
CLG0021,112,8.35,7.97,7,No,5,8,3,Yes,6.52,6.51,6.43,HIGH,3.57,LOW,1.49
CLG0053,96,8.23,8.25,6,No,3,5,4,No,6.32,5.58,5.7,MEDIUM,4.3,MEDIUM,2.42
CLG0001,124,6.09,6.32,9,Yes,2,6,3,No,4.62,5.02,5.27,MEDIUM,4.73,MEDIUM,2.98
CLG0014,89,8.79,8.93,2,Yes,3,1,2,No,5.82,2.2,4.03,LOW,5.97,HIGH,5.8
CLG0003,90,5.44,5.39,8,No,7,6,1,No,3.22,4.42,3.89,LOW,6.11,HIGH,3.58
CLG0096,122,7.45,6.97,2,No,8,9,0,No,3.58,5.16,4.88,MEDIUM,5.12,MEDIUM,2.84
CLG0009,93,5.05,4.61,2,No,7,7,1,No,0.41,4.87,3.0,LOW,7.0,HIGH,3.13
CLG0011,124,9.84,9.46,3,No,8,9,5,Yes,7.18,9.16,7.95,HIGH,2.05,LOW,0.0
CLG0023,113,8.76,8.6,4,Yes,7,5,1,No,6.23,3.98,5.31,MEDIUM,4.69,MEDIUM,4.02
CLG0030,97,5.79,5.41,6,Yes,4,5,2,No,2.78,4.18,3.74,LOW,6.26,HIGH,3.82
CLG0047,72,6.71,6.64,6,No,4,5,3,No,4.23,4.98,4.21,LOW,5.79,HIGH,3.02
CLG0005,99,5.8,5.48,2,No,0,6,5,No,1.5,6.22,4.08,LOW,5.92,HIGH,1.78
CLG0030,101,8.83,9.11,6,No,7,4,2,No,7.31,4.33,5.68,MEDIUM,4.32,MEDIUM,3.67
CLG0090,117,5.29,5.66,8,No,10,10,2,Yes,3.33,7.6,5.67,MEDIUM,4.33,MEDIUM,0.4
CLG0068,123,9.2,9.09,5,No,1,9,5,Yes,7.19,7.76,7.38,HIGH,2.62,LOW,0.24
CLG0091,89,9.71,9.72,1,No,5,7,5,No,6.62,7.67,6.54,HIGH,3.46,LOW,0.33
CLG0029,112,8.38,8.83,8,Yes,5,3,5,Yes,7.5,5.89,6.57,HIGH,3.43,LOW,2.11
CLG0045,111,6.06,6.1,6,Yes,9,10,4,Yes,3.45,9.0,6.18,HIGH,3.82,LOW,0.0
CLG0007,116,6.8,7.3,2,No,3,7,5,No,3.44,7.27,5.57,MEDIUM,4.43,MEDIUM,0.73
CLG0016,107,7.39,7.03,7,No,8,3,4,No,5.26,5.69,5.51,MEDIUM,4.49,MEDIUM,2.31
CLG0072,70,8.02,8.38,8,No,2,3,0,No,6.96,1.29,3.8,LOW,6.2,HIGH,6.71
CLG0089,97,8.34,8.34,2,No,7,4,4,No,5.12,5.93,5.38,MEDIUM,4.62,MEDIUM,2.07
CLG0088,82,7.77,7.29,1,Yes,1,2,0,No,3.68,0.64,2.43,LOW,7.57,HIGH,7.36
CLG0041,96,6.76,7.23,6,Yes,4,8,1,No,4.69,4.71,4.7,MEDIUM,5.3,MEDIUM,3.29
CLG0061,114,9.45,9.92,6,Yes,5,1,1,No,8.28,1.8,5.28,MEDIUM,4.72,MEDIUM,6.2
CLG0051,104,5.41,5.29,8,No,1,10,2,No,3.13,5.8,4.65,MEDIUM,5.35,MEDIUM,2.2
CLG0055,117,7.33,7.78,7,Yes,6,1,1,No,5.77,2.0,4.41,MEDIUM,5.59,MEDIUM,6.0
CLG0064,105,8.88,8.52,8,Yes,10,1,4,No,7.58,5.2,6.21,HIGH,3.79,LOW,2.8
CLG0051,80,5.3,5.48,10,Yes,10,4,4,No,3.87,6.53,4.83,MEDIUM,5.17,MEDIUM,1.47
CLG0021,62,8.53,8.22,10,No,4,1,4,No,7.81,4.0,5.08,MEDIUM,4.92,MEDIUM,4.0
CLG0058,102,9.1,8.85,5,No,9,3,3,No,6.95,5.09,5.86,MEDIUM,4.14,MEDIUM,2.91
CLG0080,96,8.3,8.58,2,Yes,3,7,4,No,5.27,6.47,5.64,MEDIUM,4.36,MEDIUM,1.53
CLG0047,85,5.06,4.94,5,Yes,3,3,5,No,1.66,5.49,3.61,LOW,6.39,HIGH,2.51
CLG0011,74,5.9,5.41,2,No,1,2,2,No,1.51,2.24,2.06,LOW,7.94,HIGH,5.76
CLG0061,88,6.71,6.62,9,No,8,10,2,No,5.22,7.2,5.77,MEDIUM,4.23,MEDIUM,0.8
CLG0072,97,6.17,5.9,5,No,0,6,1,No,3.03,3.02,3.38,LOW,6.62,HIGH,4.98
CLG0099,109,9.81,9.99,1,Yes,0,8,0,No,6.88,3.11,5.16,MEDIUM,4.84,MEDIUM,4.89
CLG0006,102,8.26,7.95,9,No,3,4,5,No,7.12,5.93,6.26,HIGH,3.74,LOW,2.07
CLG0075,124,6.48,6.82,10,No,2,4,5,No,5.56,5.73,5.93,HIGH,4.07,MEDIUM,2.27
CLG0028,84,9.65,9.42,5,No,8,2,5,No,7.7,6.04,6.23,HIGH,3.77,LOW,1.96
CLG0042,113,8.7,8.59,1,No,6,5,3,Yes,5.19,5.38,5.46,MEDIUM,4.54,MEDIUM,2.62
CLG0052,100,6.42,6.22,9,Yes,10,10,0,No,4.75,6.0,5.31,MEDIUM,4.69,MEDIUM,2.0
CLG0011,110,6.89,7.03,9,Yes,1,8,3,No,5.62,5.71,5.71,MEDIUM,4.29,MEDIUM,2.29
CLG0070,93,6.0,5.6,10,Yes,3,1,5,No,4.38,4.6,4.48,MEDIUM,5.52,MEDIUM,3.4
CLG0040,116,9.86,9.84,10,Yes,4,2,2,Yes,9.8,2.84,6.34,HIGH,3.66,LOW,5.16
CLG0030,104,7.59,7.42,9,No,9,1,2,No,6.33,3.4,4.97,MEDIUM,5.03,MEDIUM,4.6
CLG0056,89,9.48,9.86,6,No,3,4,3,No,8.25,4.33,5.85,MEDIUM,4.15,MEDIUM,3.67
CLG0078,99,6.73,6.3,10,No,3,7,1,No,5.33,4.07,4.75,MEDIUM,5.25,MEDIUM,3.93
CLG0077,96,9.3,9.63,10,No,3,3,4,No,9.31,4.69,6.54,HIGH,3.46,LOW,3.31
CLG0099,107,5.27,4.94,2,No,7,8,4,No,0.79,7.71,4.53,MEDIUM,5.47,MEDIUM,0.29
CLG0006,82,9.91,9.5,7,No,6,6,0,No,8.58,3.42,5.5,MEDIUM,4.5,MEDIUM,4.58
CLG0049,99,9.56,9.26,2,No,3,2,2,No,6.53,2.64,4.66,MEDIUM,5.34,MEDIUM,5.36
CLG0033,105,6.82,6.42,4,No,10,9,4,No,3.47,8.76,5.99,HIGH,4.01,LOW,0.0
CLG0011,100,8.87,8.89,4,Yes,0,9,2,Yes,6.51,5.16,5.68,MEDIUM,4.32,MEDIUM,2.84
CLG0065,120,8.76,9.25,10,No,5,7,5,Yes,8.71,7.67,7.9,HIGH,2.1,LOW,0.33
CLG0027,111,9.51,9.04,7,Yes,4,10,2,Yes,8.0,6.4,6.96,HIGH,3.04,LOW,1.6
CLG0030,99,6.54,6.5,6,No,10,8,2,No,4.03,6.71,5.29,MEDIUM,4.71,MEDIUM,1.29
CLG0046,103,7.33,7.22,10,No,4,10,4,No,6.36,8.0,6.8,HIGH,3.2,LOW,0.0
CLG0026,104,9.32,9.16,7,No,10,1,4,No,7.98,5.2,6.35,HIGH,3.65,LOW,2.8
CLG0028,106,8.89,8.72,6,Yes,5,6,5,No,7.06,7.22,6.82,HIGH,3.18,LOW,0.78
CLG0032,72,6.97,7.37,1,Yes,7,9,4,No,3.26,8.16,5.1,MEDIUM,4.9,MEDIUM,0.0
CLG0074,95,9.23,8.75,4,Yes,5,6,3,No,6.62,5.62,5.82,MEDIUM,4.18,MEDIUM,2.38
CLG0012,77,5.23,5.5,3,Yes,5,3,4,No,1.51,5.09,3.26,LOW,6.74,HIGH,2.91
CLG0100,119,8.91,8.66,7,Yes,6,2,2,Yes,7.36,3.24,5.57,MEDIUM,4.43,MEDIUM,4.76
CLG0086,99,6.03,5.91,7,No,10,8,5,No,3.62,9.11,6.08,HIGH,3.92,LOW,0.0
CLG0016,97,6.43,6.35,4,No,7,4,2,No,3.18,4.33,3.96,LOW,6.04,HIGH,3.67
CLG0082,113,7.47,7.27,7,Yes,3,1,5,No,5.48,4.6,5.26,MEDIUM,4.74,MEDIUM,3.4
CLG0071,106,7.25,6.84,4,Yes,6,8,0,No,4.03,4.31,4.45,MEDIUM,5.55,MEDIUM,3.69
CLG0052,83,7.6,7.21,9,No,7,1,1,No,6.18,2.2,4.07,LOW,5.93,HIGH,5.8
CLG0100,98,7.72,7.52,3,No,5,2,3,No,4.48,3.84,4.3,MEDIUM,5.7,MEDIUM,4.16
CLG0002,94,6.66,6.98,10,No,8,1,5,No,5.78,5.6,5.46,MEDIUM,4.54,MEDIUM,2.4
CLG0073,73,5.88,5.51,2,No,5,8,0,No,1.57,4.11,2.82,LOW,7.18,HIGH,3.89
CLG0094,89,8.84,9.08,5,Yes,3,3,5,No,6.96,5.49,5.8,MEDIUM,4.2,MEDIUM,2.51
CLG0028,97,7.0,6.79,9,No,5,9,3,No,5.52,6.96,5.95,HIGH,4.05,LOW,1.04
CLG0062,98,7.53,7.91,3,No,1,7,3,No,4.65,5.27,4.94,MEDIUM,5.06,MEDIUM,2.73
CLG0029,77,8.22,8.15,1,Yes,10,6,2,No,4.58,5.82,4.78,MEDIUM,5.22,MEDIUM,2.18
CLG0083,117,9.55,9.22,9,No,7,6,2,Yes,8.83,5.22,6.92,HIGH,3.08,LOW,2.78
CLG0092,98,8.54,9.03,5,Yes,10,10,2,Yes,6.75,7.6,6.71,HIGH,3.29,LOW,0.4
CLG0056,100,5.23,4.91,2,No,5,1,2,No,0.74,2.6,2.34,LOW,7.66,HIGH,5.4
CLG0025,106,9.19,9.26,6,No,3,8,0,No,7.64,3.71,5.65,MEDIUM,4.35,MEDIUM,4.29
CLG0093,88,9.95,10.0,3,No,6,10,1,No,7.64,6.0,6.26,HIGH,3.74,LOW,2.0
CLG0087,106,7.36,7.23,9,Yes,7,3,1,No,6.05,3.09,4.77,MEDIUM,5.23,MEDIUM,4.91
CLG0074,94,9.85,10.0,3,Yes,2,3,5,No,7.58,5.29,6.05,HIGH,3.95,LOW,2.71
CLG0041,86,7.74,8.08,2,No,9,3,0,No,4.57,2.69,3.67,LOW,6.33,HIGH,5.31
CLG0005,108,7.3,7.63,3,Yes,2,9,1,No,4.31,4.76,4.77,MEDIUM,5.23,MEDIUM,3.24
CLG0062,122,6.66,7.13,6,No,9,5,5,No,4.56,7.58,6.24,HIGH,3.76,LOW,0.42
CLG0097,110,8.29,8.25,3,No,2,2,4,No,5.36,4.04,4.94,MEDIUM,5.06,MEDIUM,3.96
CLG0062,113,6.15,5.75,9,No,2,4,4,No,4.24,4.93,4.9,MEDIUM,5.1,MEDIUM,3.07
CLG0005,92,5.52,5.79,9,Yes,1,7,4,No,3.89,6.07,4.86,MEDIUM,5.14,MEDIUM,1.93
CLG0068,76,5.14,5.02,9,No,4,10,2,No,3.1,6.4,4.4,MEDIUM,5.6,MEDIUM,1.6
CLG0037,122,6.46,6.15,2,No,5,1,4,No,2.39,4.2,4.02,LOW,5.98,HIGH,3.8
CLG0068,130,6.98,6.96,7,Yes,0,2,5,No,4.96,4.44,5.28,MEDIUM,4.72,MEDIUM,3.56
CLG0089,123,7.76,8.19,2,No,5,8,3,Yes,4.66,6.51,5.87,MEDIUM,4.13,MEDIUM,1.49
CLG0032,94,6.46,6.13,1,No,6,8,3,No,2.04,6.71,4.41,MEDIUM,5.59,MEDIUM,1.29
CLG0014,82,9.92,10.0,5,Yes,1,3,5,No,8.29,5.09,6.05,HIGH,3.95,LOW,2.91
CLG0091,84,6.46,6.38,8,No,0,5,0,No,4.56,1.78,3.27,LOW,6.73,HIGH,6.22
CLG0090,74,7.2,6.84,3,Yes,6,8,3,No,3.67,6.71,4.72,MEDIUM,5.28,MEDIUM,1.29
CLG0063,98,5.52,5.87,7,No,5,10,5,No,3.29,9.0,5.89,MEDIUM,4.11,MEDIUM,0.0
CLG0072,124,6.3,6.77,6,No,2,9,5,Yes,4.08,7.96,6.23,HIGH,3.77,LOW,0.04
CLG0030,97,5.24,5.03,1,No,1,2,0,No,0.5,0.64,1.41,LOW,8.59,HIGH,7.36
CLG0077,104,7.8,7.6,7,Yes,1,10,1,No,5.92,5.0,5.44,MEDIUM,4.56,MEDIUM,3.0
CLG0096,120,8.76,8.65,3,No,1,8,3,Yes,5.93,5.71,6.01,HIGH,3.99,LOW,2.29
CLG0043,93,5.98,6.29,4,Yes,7,3,5,No,2.87,6.29,4.55,MEDIUM,5.45,MEDIUM,1.71
CLG0053,130,6.84,6.35,10,No,0,9,5,Yes,5.43,7.56,6.72,HIGH,3.28,LOW,0.44
CLG0053,129,5.08,4.8,2,Yes,2,5,3,No,0.57,4.58,3.56,LOW,6.44,HIGH,3.42
CLG0029,98,9.2,9.41,1,No,7,5,0,No,6.09,3.18,4.68,MEDIUM,5.32,MEDIUM,4.82
CLG0087,91,8.9,8.81,5,No,5,4,3,No,6.8,4.73,5.47,MEDIUM,4.53,MEDIUM,3.27
CLG0028,110,5.32,5.15,6,Yes,6,8,0,No,2.31,4.31,3.83,LOW,6.17,HIGH,3.69
CLG0078,94,6.82,7.19,2,No,1,1,3,No,3.37,2.6,3.29,LOW,6.71,HIGH,5.4
CLG0074,82,9.78,10.0,10,No,8,6,5,No,9.87,7.82,7.78,HIGH,2.22,LOW,0.18
CLG0071,119,6.96,7.41,6,No,6,7,2,No,4.95,5.47,5.5,MEDIUM,4.5,MEDIUM,2.53
CLG0049,118,7.63,7.4,6,No,2,8,1,No,5.34,4.31,5.18,MEDIUM,4.82,MEDIUM,3.69
CLG0090,102,6.78,7.19,8,Yes,8,4,3,No,5.34,5.33,5.31,MEDIUM,4.69,MEDIUM,2.67
CLG0036,81,7.98,8.22,8,Yes,2,9,5,Yes,6.82,7.96,6.6,HIGH,3.4,LOW,0.04
CLG0027,81,9.89,9.54,6,No,9,3,1,No,8.26,3.49,5.38,MEDIUM,4.62,MEDIUM,4.51
CLG0057,101,9.99,10.0,7,No,7,8,3,Yes,8.99,6.91,7.39,HIGH,2.61,LOW,1.09
CLG0028,92,8.87,8.4,4,No,6,10,3,Yes,6.15,7.6,6.37,HIGH,3.63,LOW,0.4
CLG0030,94,7.02,7.23,5,Yes,2,10,2,No,4.52,6.0,5.11,MEDIUM,4.89,MEDIUM,2.0
CLG0044,115,7.47,7.7,6,No,4,5,4,No,5.46,5.78,5.76,MEDIUM,4.24,MEDIUM,2.22
CLG0043,110,6.78,7.07,6,No,6,5,4,No,4.59,6.18,5.49,MEDIUM,4.51,MEDIUM,1.82
CLG0055,120,9.93,9.6,3,Yes,2,7,1,No,7.33,3.87,5.83,MEDIUM,4.17,MEDIUM,4.13
CLG0088,85,8.54,8.67,9,No,1,5,1,No,7.82,2.78,4.99,MEDIUM,5.01,MEDIUM,5.22
CLG0065,94,7.24,6.92,4,Yes,8,7,2,No,4.09,5.87,4.89,MEDIUM,5.11,MEDIUM,2.13
CLG0027,111,5.06,5.51,8,No,1,9,0,No,3.08,3.76,3.93,LOW,6.07,HIGH,4.24
CLG0001,106,7.6,7.78,4,No,2,5,1,No,4.93,2.98,4.28,MEDIUM,5.72,MEDIUM,5.02
CLG0010,122,9.92,9.52,6,No,0,2,4,Yes,8.27,3.64,6.15,HIGH,3.85,LOW,4.36
CLG0043,106,7.62,7.31,1,Yes,0,10,2,No,3.6,5.6,4.79,MEDIUM,5.21,MEDIUM,2.4
CLG0069,127,5.91,6.07,2,Yes,0,6,0,No,2.0,2.22,3.16,LOW,6.84,HIGH,5.78
CLG0009,108,5.11,5.09,6,No,9,9,5,No,2.14,9.36,5.75,MEDIUM,4.25,MEDIUM,0.0
CLG0067,115,6.77,7.01,3,Yes,2,9,2,Yes,3.54,5.56,4.9,MEDIUM,5.1,MEDIUM,2.44
CLG0029,95,9.59,9.37,7,No,5,5,4,No,8.29,5.98,6.63,HIGH,3.37,LOW,2.02
CLG0002,100,9.98,10.0,1,No,9,2,5,No,6.99,6.24,6.3,HIGH,3.7,LOW,1.76
CLG0082,113,9.73,9.41,3,No,2,6,2,Yes,7.07,4.22,5.75,MEDIUM,4.25,MEDIUM,3.78
CLG0014,124,8.65,8.69,3,Yes,3,4,3,Yes,5.9,4.33,5.51,MEDIUM,4.49,MEDIUM,3.67
CLG0062,110,7.79,8.25,1,No,1,4,4,No,4.39,4.73,4.83,MEDIUM,5.17,MEDIUM,3.27
CLG0055,98,7.95,8.08,4,No,6,3,0,No,5.36,2.09,3.95,LOW,6.05,HIGH,5.91
CLG0029,120,7.69,7.24,8,No,3,1,2,No,5.93,2.2,4.6,MEDIUM,5.4,MEDIUM,5.8
CLG0005,67,8.54,9.03,7,Yes,10,9,4,Yes,7.41,8.76,6.91,HIGH,3.09,LOW,0.0
CLG0069,78,7.09,6.75,7,No,0,6,4,No,4.87,5.42,4.75,MEDIUM,5.25,MEDIUM,2.58
CLG0066,110,8.35,8.57,5,Yes,3,10,0,No,6.3,4.6,5.54,MEDIUM,4.46,MEDIUM,3.4
CLG0039,100,5.61,5.64,4,No,3,3,4,No,2.17,4.69,3.75,LOW,6.25,HIGH,3.31
CLG0023,109,6.33,6.12,10,No,10,1,0,No,4.96,2.0,3.95,LOW,6.05,HIGH,6.0
CLG0095,100,9.18,8.86,6,No,2,6,4,No,7.34,5.82,6.27,HIGH,3.73,LOW,2.18
CLG0016,108,9.52,9.2,2,Yes,7,4,2,No,6.46,4.33,5.46,MEDIUM,4.54,MEDIUM,3.67
CLG0022,87,7.7,8.06,1,Yes,6,1,0,No,4.2,1.2,2.95,LOW,7.05,HIGH,6.8
CLG0091,108,5.16,5.53,7,No,9,10,0,No,2.82,5.8,4.59,MEDIUM,5.41,MEDIUM,2.2
CLG0029,114,9.63,9.6,4,No,9,4,4,Yes,7.48,6.33,6.77,HIGH,3.23,LOW,1.67
CLG0069,118,8.51,8.11,7,No,2,2,5,Yes,6.72,4.84,5.94,HIGH,4.06,LOW,3.16
CLG0012,130,7.07,7.45,6,No,3,3,3,No,5.04,3.89,5.09,MEDIUM,4.91,MEDIUM,4.11
CLG0013,103,7.99,7.98,9,No,7,10,5,No,6.98,9.4,7.61,HIGH,2.39,LOW,0.0
CLG0008,104,7.15,7.09,10,No,9,10,5,No,6.16,9.8,7.46,HIGH,2.54,LOW,0.0
CLG0024,77,7.33,7.24,6,Yes,2,7,0,No,5.04,3.07,3.86,LOW,6.14,HIGH,4.93
CLG0092,92,9.43,9.3,3,Yes,4,7,3,No,6.81,5.87,5.94,HIGH,4.06,LOW,2.13
CLG0037,97,5.81,5.84,7,No,4,5,5,No,3.44,6.58,4.97,MEDIUM,5.03,MEDIUM,1.42
CLG0091,115,5.52,5.62,9,Yes,4,10,1,No,3.77,5.6,5.01,MEDIUM,4.99,MEDIUM,2.4
CLG0036,90,5.01,4.98,10,No,4,2,2,No,3.33,2.84,3.31,LOW,6.69,HIGH,5.16
CLG0073,111,6.57,6.97,6,No,8,9,3,Yes,4.39,7.56,5.98,HIGH,4.02,LOW,0.44
CLG0015,99,5.74,5.56,7,Yes,9,9,5,No,3.19,9.36,6.01,HIGH,3.99,LOW,0.0
CLG0059,97,6.1,6.18,8,Yes,4,9,5,No,4.19,8.36,5.98,HIGH,4.02,LOW,0.0
CLG0005,103,5.06,4.86,4,No,10,6,2,No,1.27,5.82,3.9,LOW,6.1,HIGH,2.18
CLG0092,94,6.14,6.39,5,No,10,1,0,No,3.37,2.0,3.05,LOW,6.95,HIGH,6.0
CLG0015,93,6.66,6.26,4,No,8,6,5,No,3.26,7.82,5.32,MEDIUM,4.68,MEDIUM,0.18
CLG0100,74,5.16,4.85,1,No,8,8,2,No,0.32,6.31,3.22,LOW,6.78,HIGH,1.69
CLG0018,96,8.04,8.34,6,Yes,10,4,3,No,6.27,5.73,5.74,MEDIUM,4.26,MEDIUM,2.27
CLG0086,92,7.84,7.52,7,Yes,9,6,5,No,5.89,8.02,6.44,HIGH,3.56,LOW,0.0
CLG0005,92,5.49,5.62,2,No,3,8,5,No,1.42,7.71,4.52,MEDIUM,5.48,MEDIUM,0.29
CLG0086,106,7.98,8.45,6,No,8,6,0,No,6.32,3.82,5.17,MEDIUM,4.83,MEDIUM,4.18
CLG0017,109,9.99,10.0,2,No,10,4,5,No,7.33,7.33,7.03,HIGH,2.97,LOW,0.67
CLG0022,103,9.72,9.41,10,Yes,1,7,3,No,9.4,5.27,6.93,HIGH,3.07,LOW,2.73
CLG0085,114,5.01,4.83,5,No,2,5,0,No,1.55,2.18,2.74,LOW,7.26,HIGH,5.82
CLG0087,108,8.98,9.3,1,No,0,1,3,No,5.88,2.4,4.46,MEDIUM,5.54,MEDIUM,5.6
CLG0064,95,6.77,6.62,3,No,10,3,0,No,3.25,2.89,3.38,LOW,6.62,HIGH,5.11
CLG0028,93,5.32,5.54,4,No,6,3,5,No,1.92,6.09,4.09,LOW,5.91,HIGH,1.91
CLG0092,104,6.48,6.76,4,Yes,9,1,3,No,3.51,4.2,4.16,LOW,5.84,HIGH,3.8
CLG0081,108,6.61,6.61,2,Yes,10,4,1,No,2.82,4.13,3.93,LOW,6.07,HIGH,3.87
CLG0083,120,7.62,7.9,8,Yes,8,2,3,No,6.37,4.44,5.67,MEDIUM,4.33,MEDIUM,3.56
CLG0013,117,8.31,8.13,6,Yes,2,10,3,Yes,6.28,6.8,6.53,HIGH,3.47,LOW,1.2
CLG0045,91,8.75,8.77,9,Yes,7,1,1,No,8.02,2.2,4.94,MEDIUM,5.06,MEDIUM,5.8
CLG0034,98,6.23,6.42,6,No,0,6,2,No,3.78,3.82,4.01,LOW,5.99,HIGH,4.18
CLG0054,110,6.61,6.28,3,Yes,5,7,0,No,2.91,3.67,3.81,LOW,6.19,HIGH,4.33
CLG0033,116,6.54,6.31,2,No,5,4,5,No,2.55,6.33,4.83,MEDIUM,5.17,MEDIUM,1.67
CLG0016,114,6.81,6.96,9,No,4,5,3,No,5.53,4.98,5.45,MEDIUM,4.55,MEDIUM,3.02
CLG0043,99,10.0,10.0,3,No,3,9,2,Yes,7.67,5.76,6.36,HIGH,3.64,LOW,2.24
CLG0061,81,8.89,8.88,6,Yes,2,8,4,Yes,7.18,6.71,6.24,HIGH,3.76,LOW,1.29
CLG0094,85,9.87,10.0,10,No,3,2,2,No,9.92,2.64,5.78,MEDIUM,4.22,MEDIUM,5.36
CLG0003,104,8.47,8.45,2,No,6,10,4,Yes,5.28,8.4,6.55,HIGH,3.45,LOW,0.0
CLG0091,105,7.03,7.41,7,Yes,6,3,0,No,5.32,2.09,4.06,LOW,5.94,HIGH,5.91
CLG0059,83,6.95,7.19,1,No,2,9,4,No,3.11,7.16,4.83,MEDIUM,5.17,MEDIUM,0.84
CLG0020,100,7.44,7.25,9,Yes,10,5,1,No,6.12,4.58,5.29,MEDIUM,4.71,MEDIUM,3.42
CLG0032,109,7.08,6.98,1,Yes,9,1,1,No,3.04,2.6,3.42,LOW,6.58,HIGH,5.4
CLG0021,82,9.14,9.31,9,No,2,9,2,Yes,8.65,5.56,6.38,HIGH,3.62,LOW,2.44
CLG0046,116,7.33,7.72,1,No,2,8,1,No,3.73,4.31,4.5,MEDIUM,5.5,MEDIUM,3.69
CLG0069,94,6.48,6.16,1,No,4,10,1,No,2.07,5.6,3.97,LOW,6.03,HIGH,2.4
CLG0002,118,8.87,8.88,8,No,0,7,2,Yes,7.83,4.27,6.16,HIGH,3.84,LOW,3.73
CLG0086,91,9.27,8.89,1,No,9,7,3,No,5.75,6.87,5.9,MEDIUM,4.1,MEDIUM,1.13
CLG0071,84,7.1,6.88,8,No,10,8,0,No,5.31,5.11,4.9,MEDIUM,5.1,MEDIUM,2.89
CLG0074,93,8.34,8.53,3,Yes,6,4,4,No,5.59,5.73,5.42,MEDIUM,4.58,MEDIUM,2.27
CLG0052,98,5.29,4.87,4,Yes,7,7,2,No,1.42,5.67,3.81,LOW,6.19,HIGH,2.33
CLG0001,94,7.65,7.81,2,Yes,6,8,1,No,4.32,5.11,4.68,MEDIUM,5.32,MEDIUM,2.89
CLG0080,96,5.22,5.62,6,Yes,7,10,4,No,2.59,8.6,5.42,MEDIUM,4.58,MEDIUM,0.0
CLG0028,105,5.15,5.62,7,No,8,3,3,No,2.88,4.89,4.2,LOW,5.8,HIGH,3.11
CLG0061,97,8.06,7.78,10,No,3,2,5,No,7.21,5.04,5.86,MEDIUM,4.14,MEDIUM,2.96
CLG0084,99,6.52,6.77,3,Yes,2,2,0,No,3.21,0.84,2.61,LOW,7.39,HIGH,7.16
CLG0026,74,8.71,9.14,9,No,6,7,0,No,8.26,3.87,5.42,MEDIUM,4.58,MEDIUM,4.13
CLG0079,105,9.48,9.07,3,Yes,8,9,1,No,6.67,5.96,6.15,HIGH,3.85,LOW,2.04
CLG0094,98,5.7,5.61,7,No,8,8,3,No,3.2,7.11,5.1,MEDIUM,4.9,MEDIUM,0.89
CLG0012,124,8.62,9.04,4,Yes,7,10,0,Yes,6.47,5.4,6.17,HIGH,3.83,LOW,2.6
CLG0002,85,7.57,7.27,5,Yes,2,10,4,No,4.88,7.6,5.74,MEDIUM,4.26,MEDIUM,0.4
CLG0074,72,5.56,5.99,9,Yes,5,7,4,No,4.06,6.87,4.9,MEDIUM,5.1,MEDIUM,1.13
CLG0091,109,8.26,8.29,3,No,1,9,5,Yes,5.37,7.76,6.41,HIGH,3.59,LOW,0.24
CLG0021,105,8.05,7.65,3,Yes,5,4,1,No,4.78,3.13,4.26,MEDIUM,5.74,HIGH,4.87
CLG0055,84,7.58,7.53,9,Yes,4,10,3,No,6.41,7.2,6.18,HIGH,3.82,LOW,0.8
CLG0016,77,9.63,9.46,9,No,3,7,4,No,9.05,6.47,6.82,HIGH,3.18,LOW,1.53
CLG0037,123,7.61,7.39,4,No,2,5,0,No,4.65,2.18,4.13,LOW,5.87,HIGH,5.82
CLG0045,121,9.95,9.99,1,No,7,1,4,Yes,6.96,4.6,5.99,HIGH,4.01,LOW,3.4
CLG0086,62,7.55,7.53,1,No,9,10,5,No,3.72,9.8,5.77,MEDIUM,4.23,MEDIUM,0.0
CLG0039,93,5.58,5.56,9,Yes,5,4,0,No,3.76,2.33,3.32,LOW,6.68,HIGH,5.67
CLG0041,124,7.35,6.94,6,Yes,8,1,3,No,4.83,4.0,4.95,MEDIUM,5.05,MEDIUM,4.0
CLG0022,92,5.91,6.21,5,No,2,1,1,No,3.1,1.2,2.59,LOW,7.41,HIGH,6.8
CLG0049,92,7.99,7.97,10,No,4,7,5,No,7.31,7.47,6.78,HIGH,3.22,LOW,0.53
CLG0081,95,8.47,8.79,3,Yes,3,3,5,No,5.86,5.49,5.46,MEDIUM,4.54,MEDIUM,2.51
CLG0017,83,7.34,7.66,3,No,5,9,1,No,4.36,5.36,4.61,MEDIUM,5.39,MEDIUM,2.64
CLG0026,74,5.49,5.31,2,No,1,7,1,No,1.19,3.67,2.51,LOW,7.49,HIGH,4.33
CLG0038,115,7.34,6.84,7,Yes,5,6,2,No,5.09,4.82,5.23,MEDIUM,4.77,MEDIUM,3.18
CLG0038,72,5.41,5.82,9,Yes,2,2,1,No,3.85,1.64,2.73,LOW,7.27,HIGH,6.36
CLG0041,103,8.41,8.67,6,No,7,5,1,No,6.74,3.98,5.35,MEDIUM,4.65,MEDIUM,4.02
CLG0067,113,8.95,8.56,10,Yes,9,8,0,Yes,8.32,4.91,6.52,HIGH,3.48,LOW,3.09
CLG0073,78,9.81,10.0,1,No,9,4,5,No,6.89,7.13,6.24,HIGH,3.76,LOW,0.87
CLG0065,86,5.74,5.26,6,No,10,8,3,No,2.64,7.51,4.83,MEDIUM,5.17,MEDIUM,0.49
CLG0056,118,7.66,7.19,8,No,5,9,3,Yes,5.87,6.96,6.45,HIGH,3.55,LOW,1.04
CLG0019,107,7.84,7.87,8,No,7,8,4,No,6.48,7.71,6.8,HIGH,3.2,LOW,0.29
CLG0014,90,9.61,9.21,10,No,6,6,1,No,9.19,4.22,6.2,HIGH,3.8,LOW,3.78
CLG0066,118,8.14,8.6,3,Yes,5,2,3,Yes,5.53,3.84,5.06,MEDIUM,4.94,MEDIUM,4.16
CLG0071,118,5.73,6.12,1,Yes,8,8,3,Yes,1.6,7.11,4.8,MEDIUM,5.2,MEDIUM,0.89
CLG0038,104,7.18,7.33,5,Yes,10,4,5,No,4.69,7.33,5.88,MEDIUM,4.12,MEDIUM,0.67
CLG0043,86,8.27,7.83,6,Yes,8,1,3,No,6.04,4.0,4.79,MEDIUM,5.21,MEDIUM,4.0
CLG0092,93,8.5,8.32,10,No,9,5,3,No,7.87,5.98,6.43,HIGH,3.57,LOW,2.02
CLG0010,104,9.32,9.19,9,Yes,9,3,0,No,8.67,2.69,5.62,MEDIUM,4.38,MEDIUM,5.31
CLG0089,97,5.9,5.88,2,No,3,3,1,No,1.86,2.29,2.62,LOW,7.38,HIGH,5.71
CLG0022,114,9.76,9.43,1,No,7,7,3,Yes,6.44,6.47,6.41,HIGH,3.59,LOW,1.53
CLG0075,77,5.3,5.38,7,No,2,1,0,No,2.8,0.4,1.9,LOW,8.1,HIGH,7.6
CLG0064,77,9.92,9.86,2,No,10,3,2,No,7.18,4.49,5.28,MEDIUM,4.72,MEDIUM,3.51
CLG0045,102,9.29,9.74,2,No,4,10,4,Yes,6.72,8.0,6.93,HIGH,3.07,LOW,0.0
CLG0074,92,8.3,8.74,3,No,2,6,0,No,5.72,2.62,4.21,LOW,5.79,HIGH,5.38
CLG0018,90,8.67,8.74,4,No,9,8,4,Yes,6.28,8.11,6.59,HIGH,3.41,LOW,0.0
CLG0069,73,5.36,5.5,7,No,3,6,4,No,2.92,6.02,4.12,LOW,5.88,HIGH,1.98
CLG0011,100,5.21,4.85,1,No,4,4,2,No,0.35,3.73,2.64,LOW,7.36,HIGH,4.27
CLG0027,99,5.51,5.23,6,Yes,7,8,2,No,2.48,6.11,4.43,MEDIUM,5.57,MEDIUM,1.89
CLG0027,109,5.44,5.84,7,No,9,10,2,No,3.22,7.4,5.41,MEDIUM,4.59,MEDIUM,0.6
CLG0060,101,7.74,7.94,3,No,7,5,0,No,4.8,3.18,4.22,LOW,5.78,HIGH,4.82
CLG0036,98,6.08,5.77,3,No,2,10,2,No,2.22,6.0,4.26,MEDIUM,5.74,HIGH,2.0
CLG0057,117,9.3,9.37,2,Yes,7,6,5,Yes,6.45,7.62,6.93,HIGH,3.07,LOW,0.38
CLG0013,80,7.23,7.66,5,No,9,1,3,No,4.96,4.2,4.33,MEDIUM,5.67,MEDIUM,3.8
CLG0028,108,8.48,8.33,7,Yes,3,4,0,No,6.86,1.93,4.66,MEDIUM,5.34,MEDIUM,6.07
CLG0066,74,8.26,7.95,3,No,10,4,1,No,5.12,4.13,4.26,MEDIUM,5.74,HIGH,3.87
CLG0007,87,6.6,7.04,7,No,1,5,2,No,4.79,3.58,4.13,LOW,5.87,HIGH,4.42
CLG0096,81,6.22,6.18,8,No,2,1,0,No,4.27,0.4,2.55,LOW,7.45,HIGH,7.6
CLG0070,111,6.71,6.63,3,No,7,4,2,No,3.22,4.33,4.22,LOW,5.78,HIGH,3.67
CLG0019,99,8.98,8.75,1,Yes,4,7,4,No,5.47,6.67,5.85,MEDIUM,4.15,MEDIUM,1.33
CLG0015,99,7.93,8.32,3,Yes,1,6,3,No,5.19,4.82,5.0,MEDIUM,5.0,MEDIUM,3.18
CLG0087,83,6.27,6.62,6,No,6,10,4,No,3.95,8.4,5.66,MEDIUM,4.34,MEDIUM,0.0
CLG0088,95,9.09,8.99,1,Yes,4,5,2,No,5.71,4.18,4.88,MEDIUM,5.12,MEDIUM,3.82
CLG0046,88,5.27,4.8,9,No,5,1,0,No,3.02,1.0,2.41,LOW,7.59,HIGH,7.0
CLG0052,105,8.5,8.45,3,No,1,8,5,Yes,5.63,7.31,6.27,HIGH,3.73,LOW,0.69
CLG0092,85,7.2,6.88,3,Yes,10,5,3,No,3.7,6.18,4.7,MEDIUM,5.3,MEDIUM,1.82
CLG0024,119,8.66,8.3,7,Yes,6,8,4,Yes,6.95,7.51,7.12,HIGH,2.88,LOW,0.49
CLG0054,74,9.64,9.53,7,No,0,6,3,No,8.44,4.62,5.79,MEDIUM,4.21,MEDIUM,3.38
CLG0053,87,8.75,8.35,6,No,9,7,3,No,6.71,6.87,6.22,HIGH,3.78,LOW,1.13
CLG0056,125,7.21,7.67,7,Yes,9,10,2,Yes,5.62,7.4,6.64,HIGH,3.36,LOW,0.6
CLG0022,93,5.75,5.3,5,Yes,4,10,3,No,2.34,7.2,4.7,MEDIUM,5.3,MEDIUM,0.8
CLG0070,80,9.03,8.93,8,Yes,8,1,1,No,7.97,2.4,4.81,MEDIUM,5.19,MEDIUM,5.6
CLG0047,103,7.3,6.96,10,No,6,6,1,No,6.15,4.22,5.21,MEDIUM,4.79,MEDIUM,3.78
CLG0004,92,5.38,5.57,2,No,8,3,4,No,1.32,5.69,3.68,LOW,6.32,HIGH,2.31
CLG0034,87,8.6,8.18,5,No,8,3,4,No,6.16,5.69,5.53,MEDIUM,4.47,MEDIUM,2.31
CLG0051,83,6.46,6.51,9,No,0,3,5,No,4.99,4.89,4.67,MEDIUM,5.33,MEDIUM,3.11
CLG0027,141,5.24,5.51,4,No,7,6,0,No,1.85,3.62,3.9,LOW,6.1,HIGH,4.38
CLG0022,96,9.51,9.96,8,Yes,6,8,2,Yes,9.01,5.91,6.91,HIGH,3.09,LOW,2.09
CLG0054,71,7.42,7.62,3,No,10,3,4,No,4.38,6.09,4.7,MEDIUM,5.3,MEDIUM,1.91
CLG0016,122,6.4,6.0,6,No,1,3,0,No,3.58,1.09,3.25,LOW,6.75,HIGH,6.91
CLG0096,109,8.58,8.17,8,No,2,5,5,No,7.14,6.18,6.49,HIGH,3.51,LOW,1.82
CLG0057,88,9.43,9.66,9,No,5,6,4,No,9.08,6.42,7.0,HIGH,3.0,LOW,1.58
CLG0069,86,5.0,4.72,7,Yes,10,6,0,No,2.13,4.22,3.31,LOW,6.69,HIGH,3.78
CLG0059,110,8.44,8.39,6,No,10,7,2,No,6.55,6.27,6.31,HIGH,3.69,LOW,1.73
CLG0041,96,8.84,9.32,6,No,2,7,2,No,7.47,4.67,5.8,MEDIUM,4.2,MEDIUM,3.33
CLG0033,71,6.05,6.37,6,Yes,7,3,4,No,3.64,5.49,4.16,LOW,5.84,HIGH,2.51
CLG0045,126,7.45,7.8,10,No,3,5,1,No,6.86,3.18,5.47,MEDIUM,4.53,MEDIUM,4.82
CLG0099,93,5.45,5.81,9,Yes,6,1,3,No,3.87,3.6,3.88,LOW,6.12,HIGH,4.4
CLG0069,122,8.73,8.85,3,No,3,1,4,Yes,6.06,3.8,5.33,MEDIUM,4.67,MEDIUM,4.2
CLG0023,119,9.24,9.48,4,No,1,2,0,No,7.16,0.64,4.45,MEDIUM,5.55,MEDIUM,7.36
CLG0046,84,5.54,5.4,3,Yes,6,2,2,No,1.62,3.24,2.68,LOW,7.32,HIGH,4.76
CLG0032,115,9.08,9.58,9,No,7,7,4,Yes,8.81,7.27,7.7,HIGH,2.3,LOW,0.73
CLG0052,90,8.86,8.64,5,Yes,0,5,2,No,6.65,3.38,4.85,MEDIUM,5.15,MEDIUM,4.62
CLG0078,71,6.73,6.82,10,Yes,4,3,4,No,5.71,4.89,4.75,MEDIUM,5.25,MEDIUM,3.11
CLG0033,93,8.45,8.23,8,No,9,7,2,No,7.11,6.07,6.16,HIGH,3.84,LOW,1.93
CLG0069,105,5.0,4.61,8,No,7,3,1,No,2.38,3.09,3.28,LOW,6.72,HIGH,4.91
CLG0057,93,9.66,9.73,9,Yes,0,3,0,No,9.26,0.89,4.95,MEDIUM,5.05,MEDIUM,7.11
CLG0035,95,7.75,7.6,10,Yes,2,4,4,No,6.89,4.93,5.65,MEDIUM,4.35,MEDIUM,3.07
CLG0054,117,8.1,8.18,7,No,1,5,2,Yes,6.53,3.58,5.34,MEDIUM,4.66,MEDIUM,4.42
CLG0058,101,8.32,8.38,3,No,2,8,4,Yes,5.47,6.71,5.9,MEDIUM,4.1,MEDIUM,1.29
CLG0086,87,7.81,7.85,5,Yes,2,9,0,No,5.44,3.96,4.55,MEDIUM,5.45,MEDIUM,4.04
CLG0070,110,9.28,8.9,3,No,2,5,4,No,6.43,5.38,5.9,MEDIUM,4.1,MEDIUM,2.62
CLG0098,102,8.05,7.99,2,Yes,0,8,3,No,4.69,5.51,5.12,MEDIUM,4.88,MEDIUM,2.49
CLG0056,62,9.54,9.85,3,No,2,3,2,No,7.28,2.89,4.43,MEDIUM,5.57,MEDIUM,5.11
CLG0004,106,7.91,7.73,10,Yes,1,7,0,No,7.08,2.87,5.09,MEDIUM,4.91,MEDIUM,5.13
CLG0066,105,5.86,5.8,9,Yes,8,3,5,No,4.11,6.49,5.33,MEDIUM,4.67,MEDIUM,1.51
CLG0009,100,9.57,9.56,9,Yes,9,10,1,No,9.09,6.6,7.28,HIGH,2.72,LOW,1.4
CLG0094,113,8.41,8.77,8,No,7,3,3,Yes,7.48,4.69,6.1,HIGH,3.9,LOW,3.31
CLG0019,89,8.5,8.66,7,Yes,5,4,4,No,7.12,5.53,5.88,MEDIUM,4.12,MEDIUM,2.47
CLG0063,105,9.93,9.53,1,Yes,6,2,5,No,6.61,5.64,5.99,HIGH,4.01,LOW,2.36
CLG0060,76,5.38,5.75,9,Yes,0,7,4,No,3.78,5.87,4.46,MEDIUM,5.54,MEDIUM,2.13
CLG0051,106,7.14,7.47,10,Yes,6,6,3,No,6.43,5.82,6.01,HIGH,3.99,LOW,2.18
CLG0073,129,6.2,6.45,2,No,7,3,1,No,2.45,3.09,3.72,LOW,6.28,HIGH,4.91
CLG0005,85,8.15,8.12,6,No,7,1,1,No,6.18,2.2,4.1,LOW,5.9,HIGH,5.8
CLG0016,88,9.03,9.29,10,No,5,10,4,Yes,8.9,8.2,7.64,HIGH,2.36,LOW,0.0
CLG0090,89,9.83,9.81,5,Yes,6,3,4,No,8.09,5.29,6.17,HIGH,3.83,LOW,2.71
CLG0007,101,7.27,7.51,6,No,10,4,1,No,5.2,4.13,4.76,MEDIUM,5.24,MEDIUM,3.87
CLG0002,84,8.93,9.31,8,Yes,1,10,1,No,8.19,5.0,6.01,HIGH,3.99,LOW,3.0
CLG0078,106,9.59,9.98,8,Yes,3,1,1,No,9.07,1.4,5.3,MEDIUM,4.7,MEDIUM,6.6
CLG0031,112,8.42,8.37,10,No,7,8,5,Yes,7.86,8.51,7.76,HIGH,2.24,LOW,0.0
CLG0086,108,6.21,6.57,2,No,10,2,4,No,2.55,5.64,4.42,MEDIUM,5.58,MEDIUM,2.36
CLG0033,73,8.04,7.64,7,Yes,3,3,2,No,6.1,3.09,4.22,LOW,5.78,HIGH,4.91
CLG0040,114,9.85,9.45,2,No,7,5,3,Yes,6.84,5.58,6.22,HIGH,3.78,LOW,2.42
CLG0059,114,9.94,9.99,1,No,9,9,1,Yes,6.96,6.16,6.5,HIGH,3.5,LOW,1.84
CLG0095,112,8.21,8.36,8,No,3,6,4,Yes,7.06,6.02,6.45,HIGH,3.55,LOW,1.98
CLG0083,105,9.43,9.08,9,Yes,8,3,0,No,8.65,2.49,5.55,MEDIUM,4.45,MEDIUM,5.51
CLG0006,103,6.0,5.97,7,No,0,3,4,No,3.65,4.09,4.16,LOW,5.84,HIGH,3.91
CLG0046,115,6.23,5.82,4,No,5,8,2,Yes,2.68,5.71,4.62,MEDIUM,5.38,MEDIUM,2.29
CLG0040,128,9.76,9.86,7,No,0,4,2,Yes,8.75,2.93,6.16,HIGH,3.84,LOW,5.07
CLG0043,85,5.68,6.04,4,Yes,5,5,5,No,2.51,6.78,4.47,MEDIUM,5.53,MEDIUM,1.22
CLG0074,116,5.96,6.2,7,Yes,3,4,1,No,3.79,2.73,3.89,LOW,6.11,HIGH,5.27
CLG0012,98,7.1,6.98,4,No,7,9,3,No,4.05,7.36,5.54,MEDIUM,4.46,MEDIUM,0.64
CLG0090,98,7.95,8.44,9,No,7,8,4,Yes,7.29,7.71,6.97,HIGH,3.03,LOW,0.29
CLG0004,76,8.02,8.18,5,No,8,7,3,No,5.81,6.67,5.59,MEDIUM,4.41,MEDIUM,1.33
CLG0059,95,6.46,6.78,7,No,6,4,0,No,4.52,2.53,3.74,LOW,6.26,HIGH,5.47
CLG0049,85,9.6,9.77,8,No,10,9,3,Yes,8.92,7.96,7.5,HIGH,2.5,LOW,0.04
CLG0005,93,9.58,10.0,5,No,7,8,3,Yes,8.08,6.91,6.88,HIGH,3.12,LOW,1.09
CLG0094,83,6.96,7.28,1,No,10,8,1,No,3.18,5.91,4.35,MEDIUM,5.65,MEDIUM,2.09
CLG0024,93,7.17,7.19,4,Yes,2,10,0,No,4.24,4.4,4.34,MEDIUM,5.66,MEDIUM,3.6
CLG0035,93,8.51,8.38,3,No,9,2,5,No,5.59,6.24,5.62,MEDIUM,4.38,MEDIUM,1.76
CLG0005,101,8.31,8.49,7,No,3,5,2,No,6.88,3.98,5.37,MEDIUM,4.63,MEDIUM,4.02
CLG0005,75,6.91,7.0,6,No,3,6,3,No,4.61,5.22,4.51,MEDIUM,5.49,MEDIUM,2.78
CLG0072,78,7.07,7.2,6,No,5,6,0,No,4.86,3.22,3.86,LOW,6.14,HIGH,4.78
CLG0099,105,6.74,6.58,2,No,6,9,0,No,2.87,4.76,4.15,LOW,5.85,HIGH,3.24
CLG0055,88,6.18,6.11,6,Yes,8,4,2,No,3.52,4.53,4.02,LOW,5.98,HIGH,3.47
CLG0065,116,7.29,7.35,8,Yes,9,7,1,No,5.77,5.27,5.7,MEDIUM,4.3,MEDIUM,2.73
CLG0066,103,8.43,8.77,5,No,5,9,0,No,6.49,4.56,5.48,MEDIUM,4.52,MEDIUM,3.44
CLG0007,109,8.71,8.97,9,No,1,5,2,No,8.14,3.58,5.85,MEDIUM,4.15,MEDIUM,4.42
CLG0015,121,8.89,8.51,2,No,9,6,4,Yes,5.58,7.22,6.49,HIGH,3.51,LOW,0.78
CLG0078,95,6.87,6.62,7,No,9,1,0,No,4.65,1.8,3.5,LOW,6.5,HIGH,6.2
CLG0077,91,8.82,8.35,6,No,6,7,4,No,6.75,7.07,6.38,HIGH,3.62,LOW,0.93
CLG0044,113,5.03,4.54,6,Yes,9,5,4,No,1.68,6.78,4.61,MEDIUM,5.39,MEDIUM,1.22
CLG0029,107,7.39,7.11,4,Yes,8,4,0,No,4.32,2.93,4.03,LOW,5.97,HIGH,5.07
CLG0002,97,8.97,9.27,10,No,7,3,2,No,8.85,3.89,6.05,HIGH,3.95,LOW,4.11
CLG0058,120,8.15,8.55,9,No,3,1,4,Yes,7.49,3.8,5.87,MEDIUM,4.13,MEDIUM,4.2
CLG0071,96,7.37,7.26,6,No,1,5,1,No,5.08,2.78,4.08,LOW,5.92,HIGH,5.22
CLG0010,100,8.22,8.28,8,Yes,7,3,3,No,7.01,4.69,5.69,MEDIUM,4.31,MEDIUM,3.31
CLG0084,100,9.53,9.74,8,No,5,8,5,Yes,8.86,8.11,7.8,HIGH,2.2,LOW,0.0
CLG0089,85,7.83,8.28,4,No,7,4,4,No,5.44,5.93,5.3,MEDIUM,4.7,MEDIUM,2.07
CLG0055,101,9.0,9.41,5,No,10,3,4,No,7.3,6.09,6.38,HIGH,3.62,LOW,1.91
CLG0090,120,9.9,9.46,2,No,8,1,3,Yes,6.88,4.0,5.7,MEDIUM,4.3,MEDIUM,4.0
CLG0042,106,8.53,8.28,4,No,2,10,2,Yes,5.86,6.0,5.86,MEDIUM,4.14,MEDIUM,2.0
CLG0070,100,7.87,7.42,6,Yes,7,2,1,No,5.5,2.64,4.26,MEDIUM,5.74,HIGH,5.36
CLG0068,97,5.19,5.31,2,No,9,10,1,No,1.01,6.6,4.0,LOW,6.0,HIGH,1.4
CLG0072,104,6.87,7.08,2,No,7,2,4,No,3.32,5.04,4.42,MEDIUM,5.58,MEDIUM,2.96
CLG0013,111,7.83,7.64,10,No,4,1,0,No,6.97,0.8,4.3,MEDIUM,5.7,MEDIUM,7.2
CLG0037,109,8.99,9.34,7,Yes,5,8,0,No,7.91,4.11,5.97,HIGH,4.03,LOW,3.89
CLG0008,95,7.19,7.14,10,Yes,4,5,5,No,6.22,6.58,6.04,HIGH,3.96,LOW,1.42
CLG0040,104,9.8,10.0,5,Yes,5,2,4,No,8.21,4.64,6.22,HIGH,3.78,LOW,3.36
CLG0093,107,6.36,5.86,3,Yes,0,8,5,No,2.45,7.11,4.95,MEDIUM,5.05,MEDIUM,0.89
CLG0091,84,8.72,8.33,3,No,9,10,0,No,5.68,5.8,5.33,MEDIUM,4.67,MEDIUM,2.2
CLG0009,102,7.1,6.9,7,No,9,5,1,No,4.99,4.38,4.79,MEDIUM,5.21,MEDIUM,3.62
CLG0078,67,7.43,6.96,3,Yes,9,10,1,No,3.9,6.6,4.64,MEDIUM,5.36,MEDIUM,1.4
CLG0060,107,9.01,9.29,10,Yes,1,5,3,No,8.89,4.38,6.44,HIGH,3.56,LOW,3.62
CLG0075,109,6.48,6.03,5,Yes,7,2,1,No,3.31,2.64,3.54,LOW,6.46,HIGH,5.36
CLG0089,111,5.48,5.73,2,No,0,8,5,Yes,1.49,7.11,4.64,MEDIUM,5.36,MEDIUM,0.89
CLG0087,94,7.6,7.15,3,No,8,3,2,No,4.14,4.09,4.2,LOW,5.8,HIGH,3.91
CLG0010,104,7.64,7.39,4,No,6,4,1,No,4.67,3.33,4.28,MEDIUM,5.72,MEDIUM,4.67
CLG0071,121,8.99,9.33,1,Yes,0,5,4,Yes,5.9,4.98,5.72,MEDIUM,4.28,MEDIUM,3.02
CLG0077,121,9.84,10.0,4,No,4,10,5,Yes,7.9,8.8,8.05,HIGH,1.95,LOW,0.0
CLG0022,99,5.28,5.19,4,No,1,9,0,No,1.64,3.76,3.15,LOW,6.85,HIGH,4.24
CLG0056,102,7.96,8.43,3,No,10,2,0,No,5.29,2.44,4.13,LOW,5.87,HIGH,5.56
CLG0046,116,8.41,8.54,10,No,0,8,1,Yes,7.98,3.91,6.04,HIGH,3.96,LOW,4.09
CLG0018,77,9.93,9.85,9,No,0,5,1,No,9.51,2.58,5.45,MEDIUM,4.55,MEDIUM,5.42
CLG0073,95,9.71,10.0,3,No,4,9,0,No,7.49,4.36,5.66,MEDIUM,4.34,MEDIUM,3.64
CLG0086,120,8.56,8.36,2,Yes,3,9,0,Yes,5.27,4.16,5.12,MEDIUM,4.88,MEDIUM,3.84
CLG0059,114,7.61,7.38,7,No,4,10,1,No,5.65,5.6,5.75,MEDIUM,4.25,MEDIUM,2.4
CLG0061,105,5.81,5.97,9,No,5,3,2,No,4.2,3.49,4.17,LOW,5.83,HIGH,4.51
CLG0052,77,6.92,6.81,6,Yes,0,9,2,No,4.48,5.16,4.47,MEDIUM,5.53,MEDIUM,2.84
CLG0009,99,7.93,7.57,5,No,1,7,0,No,5.31,2.87,4.26,MEDIUM,5.74,HIGH,5.13
CLG0063,91,8.63,8.2,1,Yes,1,9,3,Yes,4.86,6.16,5.26,MEDIUM,4.74,MEDIUM,1.84
CLG0064,104,8.18,8.47,3,No,4,7,2,No,5.45,5.07,5.28,MEDIUM,4.72,MEDIUM,2.93
CLG0014,87,8.57,8.75,9,Yes,9,8,4,Yes,7.89,8.11,7.19,HIGH,2.81,LOW,0.0
CLG0076,84,7.15,7.06,8,No,8,4,5,No,5.47,6.93,5.7,MEDIUM,4.3,MEDIUM,1.07
CLG0017,69,8.64,9.04,9,Yes,6,5,0,No,8.15,2.98,4.93,MEDIUM,5.07,MEDIUM,5.02
CLG0017,118,5.72,5.63,8,No,9,6,2,No,3.56,5.62,4.99,MEDIUM,5.01,MEDIUM,2.38
CLG0051,94,5.81,6.02,1,Yes,3,4,1,No,1.57,2.73,2.63,LOW,7.37,HIGH,5.27
CLG0056,102,5.81,6.22,8,No,4,8,3,No,4.05,6.31,5.19,MEDIUM,4.81,MEDIUM,1.69
CLG0024,99,9.45,9.79,8,No,10,5,5,No,8.85,7.78,7.64,HIGH,2.36,LOW,0.22
CLG0077,83,5.38,5.39,5,No,6,3,5,No,2.18,6.09,4.03,LOW,5.97,HIGH,1.91
CLG0036,81,9.01,9.19,6,No,9,1,1,No,7.48,2.6,4.72,MEDIUM,5.28,MEDIUM,5.4
CLG0062,84,6.17,6.08,2,Yes,8,1,5,No,2.16,5.6,3.84,LOW,6.16,HIGH,2.4
CLG0018,89,7.34,7.49,1,Yes,9,8,1,No,3.57,5.71,4.53,MEDIUM,5.47,MEDIUM,2.29
CLG0094,105,9.58,9.34,8,Yes,6,3,3,No,8.6,4.49,6.33,HIGH,3.67,LOW,3.51
CLG0055,88,7.93,7.86,7,No,10,10,0,No,6.19,6.0,5.68,MEDIUM,4.32,MEDIUM,2.0
CLG0042,126,6.05,5.76,4,No,1,4,5,No,2.52,5.53,4.67,MEDIUM,5.33,MEDIUM,2.47
CLG0065,115,6.42,5.96,7,No,3,7,1,No,3.89,4.07,4.45,MEDIUM,5.55,MEDIUM,3.93
CLG0014,112,9.6,9.69,2,No,9,1,5,Yes,6.87,5.8,6.28,HIGH,3.72,LOW,2.2
CLG0010,98,7.14,7.5,2,No,3,6,0,No,3.79,2.82,3.62,LOW,6.38,HIGH,5.18
CLG0005,122,7.93,7.46,7,Yes,10,1,0,No,5.9,2.0,4.54,MEDIUM,5.46,MEDIUM,6.0
CLG0022,96,7.3,7.0,3,Yes,8,3,0,No,3.85,2.49,3.48,LOW,6.52,HIGH,5.51
CLG0093,99,6.89,6.85,6,No,7,4,5,No,4.49,6.73,5.48,MEDIUM,4.52,MEDIUM,1.27
CLG0096,102,6.12,6.29,7,No,5,7,1,No,3.95,4.47,4.41,MEDIUM,5.59,MEDIUM,3.53
CLG0095,110,8.43,8.1,7,No,7,2,0,No,6.67,1.84,4.58,MEDIUM,5.42,MEDIUM,6.16
CLG0037,109,8.59,8.15,10,No,6,8,1,No,7.8,5.11,6.33,HIGH,3.67,LOW,2.89
CLG0033,92,6.37,6.39,4,Yes,7,6,0,No,3.18,3.62,3.59,LOW,6.41,HIGH,4.38
CLG0094,92,8.95,9.27,3,Yes,6,10,4,Yes,6.5,8.4,6.83,HIGH,3.17,LOW,0.0
CLG0097,109,9.27,8.81,1,Yes,1,2,1,No,5.69,1.44,4.01,LOW,5.99,HIGH,6.56
CLG0010,110,9.6,9.45,7,No,10,3,4,No,8.36,6.09,6.96,HIGH,3.04,LOW,1.91
CLG0064,94,5.81,5.97,9,No,5,4,0,No,4.2,2.33,3.52,LOW,6.48,HIGH,5.67
CLG0058,76,6.52,6.15,1,No,3,6,1,No,2.09,3.62,2.88,LOW,7.12,HIGH,4.38
CLG0063,96,9.3,9.04,5,No,3,1,5,No,7.21,4.6,5.66,MEDIUM,4.34,MEDIUM,3.4
CLG0035,109,5.99,6.03,4,Yes,9,5,3,No,2.69,5.98,4.63,MEDIUM,5.37,MEDIUM,2.02
CLG0049,127,5.02,5.47,10,Yes,5,8,4,Yes,3.69,7.31,5.87,MEDIUM,4.13,MEDIUM,0.69
CLG0028,82,9.35,9.14,2,Yes,7,7,2,No,6.31,5.67,5.49,MEDIUM,4.51,MEDIUM,2.33
CLG0055,93,6.63,6.62,7,No,4,3,2,No,4.5,3.29,4.0,LOW,6.0,HIGH,4.71
CLG0009,94,7.07,6.97,7,Yes,2,2,3,No,5.02,3.24,4.21,LOW,5.79,HIGH,4.76
CLG0075,120,7.23,7.63,8,No,0,2,3,No,5.94,2.84,4.86,MEDIUM,5.14,MEDIUM,5.16
CLG0045,99,9.24,8.81,3,Yes,4,10,5,Yes,6.34,8.8,7.05,HIGH,2.95,LOW,0.0
CLG0027,86,6.69,6.76,6,No,2,5,2,No,4.31,3.78,4.01,LOW,5.99,HIGH,4.22
CLG0032,108,9.46,9.81,4,No,2,8,1,No,7.54,4.31,5.89,MEDIUM,4.11,MEDIUM,3.69
CLG0041,93,8.08,8.57,3,Yes,3,6,0,No,5.47,2.82,4.2,LOW,5.8,HIGH,5.18
CLG0021,81,7.64,7.84,4,No,8,6,1,No,5.0,4.62,4.53,MEDIUM,5.47,MEDIUM,3.38
CLG0076,86,6.63,6.51,1,Yes,3,7,2,No,2.42,4.87,3.69,LOW,6.31,HIGH,3.13
CLG0007,126,6.22,6.13,7,Yes,4,1,4,No,3.9,4.0,4.61,MEDIUM,5.39,MEDIUM,4.0
CLG0022,105,8.12,7.97,7,No,9,3,4,No,6.38,5.89,6.0,HIGH,4.0,LOW,2.11
CLG0096,101,7.23,7.33,7,No,4,5,0,No,5.38,2.58,4.21,LOW,5.79,HIGH,5.42
CLG0054,96,9.55,9.79,2,Yes,0,7,0,No,6.91,2.67,4.77,MEDIUM,5.23,MEDIUM,5.33
CLG0067,104,7.46,7.78,1,No,6,6,5,No,3.85,7.42,5.58,MEDIUM,4.42,MEDIUM,0.58
CLG0076,104,7.56,7.48,9,Yes,1,1,2,No,6.36,1.8,4.34,MEDIUM,5.66,MEDIUM,6.2
CLG0058,104,7.08,7.3,2,No,5,9,2,No,3.6,6.16,4.98,MEDIUM,5.02,MEDIUM,1.84
CLG0077,101,8.95,9.37,5,No,10,3,0,No,7.24,2.89,5.08,MEDIUM,4.92,MEDIUM,5.11
CLG0086,113,7.12,7.54,5,No,3,7,4,No,4.8,6.47,5.74,MEDIUM,4.26,MEDIUM,1.53
CLG0064,100,6.35,6.55,8,Yes,4,1,3,No,4.62,3.2,4.14,LOW,5.86,HIGH,4.8
CLG0042,85,9.31,9.45,1,No,4,1,3,No,6.18,3.2,4.5,MEDIUM,5.5,MEDIUM,4.8
CLG0053,90,7.98,8.01,7,Yes,3,1,3,No,6.33,3.0,4.57,MEDIUM,5.43,MEDIUM,5.0
CLG0028,70,7.96,7.64,3,No,1,4,4,No,4.71,4.73,4.27,MEDIUM,5.73,MEDIUM,3.27
CLG0058,130,8.05,7.67,2,No,7,1,1,No,4.46,2.2,4.19,LOW,5.81,HIGH,5.8
CLG0005,112,8.59,8.58,5,No,0,1,1,No,6.45,0.8,4.11,LOW,5.89,HIGH,7.2
CLG0094,87,6.57,6.23,4,No,8,9,4,No,3.18,8.36,5.4,MEDIUM,4.6,MEDIUM,0.0
CLG0055,95,5.17,5.25,9,No,5,8,1,No,3.29,4.91,4.2,LOW,5.8,HIGH,3.09
CLG0096,90,9.05,9.2,1,Yes,3,5,3,No,5.84,4.78,5.09,MEDIUM,4.91,MEDIUM,3.22
CLG0060,123,5.64,5.67,3,No,5,2,4,No,1.88,4.64,4.01,LOW,5.99,HIGH,3.36
CLG0045,78,8.61,8.15,3,Yes,10,7,0,No,5.48,4.67,4.69,MEDIUM,5.31,MEDIUM,3.33
CLG0084,101,5.41,4.97,4,No,8,1,4,No,1.56,4.8,3.57,LOW,6.43,HIGH,3.2
CLG0020,98,6.88,6.49,7,No,8,9,2,No,4.56,6.76,5.5,MEDIUM,4.5,MEDIUM,1.24
CLG0009,112,5.32,4.97,5,Yes,2,1,3,No,1.84,2.8,3.07,LOW,6.93,HIGH,5.2
CLG0007,98,7.61,8.1,10,No,7,3,5,No,7.17,6.29,6.36,HIGH,3.64,LOW,1.71
CLG0007,73,8.27,8.11,6,No,0,6,3,No,6.24,4.62,4.89,MEDIUM,5.11,MEDIUM,3.38
CLG0090,96,5.86,5.65,3,No,8,4,2,No,2.0,4.53,3.55,LOW,6.45,HIGH,3.47
CLG0097,85,6.86,6.41,5,No,6,2,3,No,3.82,4.04,3.9,LOW,6.1,HIGH,3.96
CLG0050,101,9.65,9.79,2,Yes,9,5,5,No,6.97,7.58,6.85,HIGH,3.15,LOW,0.42
CLG0095,121,7.21,7.36,4,No,6,10,2,Yes,4.39,6.8,5.84,MEDIUM,4.16,MEDIUM,1.2
CLG0014,73,9.01,8.69,3,Yes,5,1,5,No,6.11,5.0,4.99,MEDIUM,5.01,MEDIUM,3.0
CLG0099,87,9.64,10.0,3,No,0,1,2,No,7.45,1.6,4.41,MEDIUM,5.59,MEDIUM,6.4
CLG0094,91,9.87,10.0,4,No,1,6,3,No,7.92,4.82,5.95,HIGH,4.05,LOW,3.18
CLG0035,94,9.49,9.22,8,Yes,10,9,4,Yes,8.46,8.76,7.79,HIGH,2.21,LOW,0.0
CLG0063,111,6.59,6.58,8,Yes,2,10,2,Yes,4.78,6.0,5.51,MEDIUM,4.49,MEDIUM,2.0
CLG0019,97,9.81,9.77,1,No,0,7,0,No,6.72,2.67,4.71,MEDIUM,5.29,MEDIUM,5.33
CLG0073,106,9.06,8.91,5,No,4,10,2,Yes,6.97,6.4,6.46,HIGH,3.54,LOW,1.6
CLG0059,90,9.19,9.51,2,No,10,4,0,No,6.49,3.33,4.77,MEDIUM,5.23,MEDIUM,4.67
CLG0082,103,5.08,4.69,10,Yes,4,8,4,No,3.16,7.11,5.17,MEDIUM,4.83,MEDIUM,0.89
CLG0064,111,9.77,9.69,6,No,5,1,2,Yes,8.3,2.6,5.56,MEDIUM,4.44,MEDIUM,5.4
CLG0065,89,8.89,8.82,3,Yes,6,5,2,No,6.14,4.58,5.11,MEDIUM,4.89,MEDIUM,3.42
CLG0017,111,8.84,8.81,10,Yes,9,2,2,Yes,8.43,3.84,6.1,HIGH,3.9,LOW,4.16
CLG0086,100,5.41,5.77,10,No,8,3,0,No,4.15,2.49,3.66,LOW,6.34,HIGH,5.51
CLG0012,115,6.16,5.88,9,No,6,10,4,Yes,4.34,8.4,6.36,HIGH,3.64,LOW,0.0
CLG0055,96,9.81,9.41,9,Yes,5,4,3,No,9.12,4.73,6.48,HIGH,3.52,LOW,3.27
CLG0018,105,7.5,7.62,8,No,8,1,5,No,6.09,5.6,5.77,MEDIUM,4.23,MEDIUM,2.4
CLG0066,99,6.99,6.66,2,No,1,5,5,No,3.08,5.98,4.62,MEDIUM,5.38,MEDIUM,2.02
CLG0024,98,9.2,8.77,2,No,5,10,1,No,5.95,5.8,5.67,MEDIUM,4.33,MEDIUM,2.2
CLG0004,103,5.44,5.37,2,No,4,6,2,No,1.21,4.62,3.39,LOW,6.61,HIGH,3.38
CLG0087,108,7.08,6.8,5,Yes,5,1,2,No,4.24,2.6,3.88,LOW,6.12,HIGH,5.4
CLG0004,81,6.88,6.74,10,No,9,4,2,No,5.74,4.73,4.87,MEDIUM,5.13,MEDIUM,3.27
CLG0021,121,6.75,6.51,9,No,0,2,3,No,5.16,2.84,4.57,MEDIUM,5.43,MEDIUM,5.16
CLG0027,72,6.54,6.13,7,Yes,10,1,4,No,4.09,5.2,4.25,LOW,5.75,HIGH,2.8
CLG0011,89,6.05,6.11,7,No,4,5,0,No,3.78,2.58,3.36,LOW,6.64,HIGH,5.42
CLG0062,98,5.86,5.39,3,No,7,1,3,No,1.81,3.8,3.22,LOW,6.78,HIGH,4.2
CLG0064,106,8.2,8.67,3,Yes,2,8,4,Yes,5.61,6.71,6.04,HIGH,3.96,LOW,1.29
CLG0088,123,9.6,9.44,10,Yes,2,2,1,No,9.35,1.64,5.8,MEDIUM,4.2,MEDIUM,6.36
CLG0027,72,7.54,7.74,3,Yes,10,5,5,No,4.53,7.78,5.45,MEDIUM,4.55,MEDIUM,0.22
CLG0064,92,6.49,6.8,1,No,6,3,4,No,2.55,5.29,4.01,LOW,5.99,HIGH,2.71
CLG0036,68,5.8,5.58,8,Yes,6,6,4,No,3.58,6.62,4.54,MEDIUM,5.46,MEDIUM,1.38
CLG0091,100,9.15,9.4,2,No,1,6,0,No,6.38,2.42,4.53,MEDIUM,5.47,MEDIUM,5.58
CLG0092,104,9.86,10.0,7,No,7,8,4,Yes,8.92,7.71,7.73,HIGH,2.27,LOW,0.29
CLG0062,123,6.75,6.49,9,No,4,5,4,No,5.15,5.78,5.77,MEDIUM,4.23,MEDIUM,2.22
CLG0047,101,6.45,6.94,2,No,8,5,5,No,2.96,7.38,5.16,MEDIUM,4.84,MEDIUM,0.62
CLG0098,115,8.01,7.53,1,No,0,5,2,No,4.0,3.38,4.22,LOW,5.78,HIGH,4.62
CLG0066,108,8.88,8.6,5,No,10,9,0,No,6.64,5.56,6.03,HIGH,3.97,LOW,2.44
CLG0041,93,7.28,7.56,10,Yes,3,2,4,No,6.58,4.24,5.22,MEDIUM,4.78,MEDIUM,3.76
CLG0090,78,8.15,7.84,5,Yes,7,3,4,No,5.64,5.49,5.08,MEDIUM,4.92,MEDIUM,2.51
CLG0045,104,8.58,8.78,1,No,8,4,2,No,5.25,4.53,4.99,MEDIUM,5.01,MEDIUM,3.47
CLG0079,77,9.8,10.0,9,Yes,8,7,0,No,9.55,4.27,6.14,HIGH,3.86,LOW,3.73
CLG0024,119,5.83,6.29,3,No,9,10,1,No,2.45,6.6,4.95,MEDIUM,5.05,MEDIUM,1.4
CLG0019,97,9.99,9.96,2,No,10,1,0,No,7.3,2.0,4.68,MEDIUM,5.32,MEDIUM,6.0
CLG0071,117,6.96,7.43,7,Yes,0,3,3,No,5.29,3.29,4.73,MEDIUM,5.27,MEDIUM,4.71
CLG0081,92,8.62,8.53,5,No,0,10,4,Yes,6.43,7.2,6.32,HIGH,3.68,LOW,0.8
CLG0068,104,7.86,7.58,4,No,6,7,5,No,4.94,7.87,6.2,HIGH,3.8,LOW,0.13
CLG0100,103,7.43,7.44,4,No,10,8,3,No,4.58,7.51,5.9,MEDIUM,4.1,MEDIUM,0.49
CLG0040,99,8.49,8.64,9,Yes,5,2,3,No,7.76,3.84,5.63,MEDIUM,4.37,MEDIUM,4.16
CLG0094,93,6.98,6.94,9,No,6,3,1,No,5.61,2.89,4.29,MEDIUM,5.71,MEDIUM,5.11
CLG0064,105,5.63,5.7,1,No,7,7,4,No,1.23,7.27,4.49,MEDIUM,5.51,MEDIUM,0.73
CLG0052,86,7.44,7.36,10,No,10,7,0,No,6.53,4.67,5.25,MEDIUM,4.75,MEDIUM,3.33
CLG0043,81,7.61,7.63,7,No,5,3,5,No,5.83,5.89,5.37,MEDIUM,4.63,MEDIUM,2.11
CLG0062,118,6.01,6.46,8,Yes,9,10,2,Yes,4.35,7.4,6.02,HIGH,3.98,LOW,0.6
CLG0055,110,9.68,9.68,5,Yes,9,5,4,No,7.91,6.78,7.06,HIGH,2.94,LOW,1.22
CLG0078,100,6.14,5.89,7,Yes,9,7,3,No,3.67,6.87,5.22,MEDIUM,4.78,MEDIUM,1.13
CLG0042,124,7.05,7.31,8,Yes,6,3,3,No,5.59,4.49,5.45,MEDIUM,4.55,MEDIUM,3.51
CLG0059,95,5.77,5.61,8,No,10,8,4,No,3.58,8.31,5.68,MEDIUM,4.32,MEDIUM,0.0
CLG0048,119,7.68,8.0,9,Yes,6,4,1,No,6.81,3.33,5.39,MEDIUM,4.61,MEDIUM,4.67
CLG0046,102,6.54,6.1,5,No,6,7,0,No,3.4,3.87,3.95,LOW,6.05,HIGH,4.13
CLG0053,84,7.45,7.28,2,Yes,1,2,5,No,3.81,4.64,4.12,LOW,5.88,HIGH,3.36
CLG0064,127,6.12,5.71,6,Yes,2,5,2,No,3.2,3.78,4.26,MEDIUM,5.74,HIGH,4.22
CLG0020,114,5.27,4.86,1,No,9,6,5,No,0.4,8.02,4.62,MEDIUM,5.38,MEDIUM,0.0
CLG0029,98,8.9,9.06,10,No,8,1,5,No,8.65,5.6,6.67,HIGH,3.33,LOW,2.4
CLG0054,110,8.21,8.1,6,No,0,9,1,No,6.2,4.36,5.4,MEDIUM,4.6,MEDIUM,3.64
CLG0053,93,6.7,7.07,3,No,7,9,5,No,3.54,8.96,5.89,MEDIUM,4.11,MEDIUM,0.0
CLG0090,112,5.24,5.26,3,No,6,4,5,No,1.34,6.53,4.36,MEDIUM,5.64,MEDIUM,1.47
CLG0083,64,9.33,9.13,7,No,5,5,0,No,7.96,2.78,4.69,MEDIUM,5.31,MEDIUM,5.22
CLG0008,84,5.85,6.07,4,Yes,0,9,4,No,2.63,6.76,4.49,MEDIUM,5.51,MEDIUM,1.24
CLG0020,114,9.65,9.77,5,No,8,10,1,Yes,7.95,6.4,6.99,HIGH,3.01,LOW,1.6
CLG0065,96,7.39,7.69,6,No,1,2,5,No,5.41,4.64,4.96,MEDIUM,5.04,MEDIUM,3.36
CLG0080,103,6.7,6.84,10,No,9,5,2,No,5.7,5.18,5.41,MEDIUM,4.59,MEDIUM,2.82
CLG0058,79,8.71,8.38,6,No,4,4,0,No,6.71,2.13,4.19,LOW,5.81,HIGH,5.87
CLG0065,127,9.38,9.55,2,No,8,2,4,Yes,6.63,5.24,6.22,HIGH,3.78,LOW,2.76
CLG0035,117,6.85,6.74,3,No,7,2,0,No,3.39,1.84,3.39,LOW,6.61,HIGH,6.16
CLG0008,96,7.04,7.0,1,Yes,9,9,2,No,3.03,6.96,4.94,MEDIUM,5.06,MEDIUM,1.04
CLG0008,93,7.17,7.59,3,No,3,10,4,No,4.2,7.8,5.69,MEDIUM,4.31,MEDIUM,0.2
CLG0066,115,9.61,9.47,8,No,7,8,3,Yes,8.71,6.91,7.51,HIGH,2.49,LOW,1.09
CLG0028,129,8.46,8.57,4,No,8,10,3,Yes,6.03,8.0,7.12,HIGH,2.88,LOW,0.0
CLG0095,114,6.24,6.1,2,Yes,10,10,1,No,2.22,6.8,4.86,MEDIUM,5.14,MEDIUM,1.2
CLG0044,132,5.92,5.51,4,No,4,8,4,Yes,2.26,7.11,5.3,MEDIUM,4.7,MEDIUM,0.89
CLG0016,86,6.15,6.1,7,No,0,8,4,No,3.83,6.31,4.83,MEDIUM,5.17,MEDIUM,1.69
CLG0075,87,6.32,6.42,9,No,10,5,1,No,4.84,4.58,4.55,MEDIUM,5.45,MEDIUM,3.42
CLG0064,82,6.15,6.06,5,No,5,4,5,No,3.14,6.33,4.49,MEDIUM,5.51,MEDIUM,1.67
CLG0078,106,8.29,8.18,5,No,3,10,0,No,5.97,4.6,5.34,MEDIUM,4.66,MEDIUM,3.4
CLG0037,102,5.58,5.9,5,No,5,3,1,No,2.68,2.69,3.19,LOW,6.81,HIGH,5.31
CLG0033,97,6.94,6.47,10,No,0,2,5,No,5.58,4.44,4.97,MEDIUM,5.03,MEDIUM,3.56
CLG0008,112,8.13,7.93,9,Yes,3,10,4,Yes,7.03,7.8,7.15,HIGH,2.85,LOW,0.2
CLG0034,118,6.45,6.76,7,Yes,4,5,5,No,4.5,6.58,5.75,MEDIUM,4.25,MEDIUM,1.42
CLG0013,77,5.33,5.75,3,No,5,8,3,No,1.75,6.51,3.92,LOW,6.08,HIGH,1.49
CLG0016,91,5.41,5.32,2,No,4,5,0,No,1.15,2.58,2.35,LOW,7.65,HIGH,5.42
CLG0036,112,5.63,6.02,9,No,1,7,5,No,4.13,6.87,5.61,MEDIUM,4.39,MEDIUM,1.13
CLG0054,92,9.18,8.88,3,No,2,5,4,No,6.35,5.38,5.56,MEDIUM,4.44,MEDIUM,2.62
CLG0085,88,8.29,8.01,8,Yes,4,10,2,Yes,6.85,6.4,6.1,HIGH,3.9,LOW,1.6
CLG0081,115,5.32,5.67,4,No,10,9,3,Yes,2.02,7.96,5.26,MEDIUM,4.74,MEDIUM,0.04
CLG0039,80,6.96,7.36,5,No,6,8,3,No,4.58,6.71,5.18,MEDIUM,4.82,MEDIUM,1.29
CLG0053,95,6.39,6.11,8,No,3,8,1,No,4.32,4.51,4.46,MEDIUM,5.54,MEDIUM,3.49
CLG0034,104,7.89,7.45,5,No,10,1,4,No,5.2,5.2,5.24,MEDIUM,4.76,MEDIUM,2.8
CLG0018,91,7.61,7.2,10,Yes,5,5,4,No,6.51,5.98,5.85,MEDIUM,4.15,MEDIUM,2.02
CLG0041,111,7.41,7.17,2,No,8,9,1,No,3.71,5.96,5.06,MEDIUM,4.94,MEDIUM,2.04
CLG0100,91,6.57,6.83,6,No,9,8,4,No,4.29,8.11,5.81,MEDIUM,4.19,MEDIUM,0.0
CLG0036,121,5.69,5.7,7,No,6,1,4,No,3.26,4.4,4.43,MEDIUM,5.57,MEDIUM,3.6
CLG0005,98,8.71,8.67,1,No,2,9,5,Yes,5.25,7.96,6.26,HIGH,3.74,LOW,0.04
CLG0028,110,9.4,9.48,10,Yes,10,10,3,Yes,9.26,8.4,8.24,HIGH,1.76,LOW,0.0
CLG0049,111,9.72,10.0,9,No,4,1,0,No,9.5,0.8,5.32,MEDIUM,4.68,MEDIUM,7.2
CLG0069,90,5.29,4.88,6,No,8,5,2,No,2.09,4.98,3.67,LOW,6.33,HIGH,3.02
CLG0068,69,8.7,8.89,4,Yes,4,10,2,Yes,6.41,6.4,5.6,MEDIUM,4.4,MEDIUM,1.6
CLG0003,105,8.63,9.06,2,No,2,1,0,No,5.82,0.4,3.58,LOW,6.42,HIGH,7.6
CLG0033,101,9.74,9.45,9,No,7,8,2,Yes,9.11,6.11,7.11,HIGH,2.89,LOW,1.89
CLG0057,108,6.26,6.6,6,No,6,2,0,No,3.93,1.64,3.37,LOW,6.63,HIGH,6.36
CLG0052,96,8.71,8.91,9,Yes,4,6,4,No,8.09,6.22,6.66,HIGH,3.34,LOW,1.78
CLG0067,93,5.27,4.78,2,Yes,4,2,1,No,0.67,2.04,1.97,LOW,8.03,HIGH,5.96
CLG0072,130,8.16,7.89,5,Yes,0,2,5,No,5.68,4.44,5.57,MEDIUM,4.43,MEDIUM,3.56
CLG0023,77,6.75,6.86,6,No,7,1,4,No,4.42,4.6,4.22,LOW,5.78,HIGH,3.4
CLG0070,111,8.84,8.84,5,Yes,5,6,1,No,6.79,4.02,5.52,MEDIUM,4.48,MEDIUM,3.98
CLG0027,91,9.32,9.35,6,Yes,4,5,0,No,7.78,2.58,5.0,MEDIUM,5.0,MEDIUM,5.42
CLG0086,94,6.82,6.55,3,No,6,4,4,No,3.23,5.73,4.49,MEDIUM,5.51,MEDIUM,2.27
CLG0034,95,7.63,7.81,9,Yes,1,4,0,No,6.64,1.53,4.19,LOW,5.81,HIGH,6.47
CLG0065,87,5.59,5.36,2,No,2,9,5,No,1.29,7.96,4.49,MEDIUM,5.51,MEDIUM,0.04
CLG0036,108,7.08,6.97,2,Yes,8,2,5,No,3.36,6.04,4.91,MEDIUM,5.09,MEDIUM,1.96
CLG0091,120,6.8,6.67,5,No,4,10,3,Yes,3.97,7.2,5.82,MEDIUM,4.18,MEDIUM,0.8
CLG0009,107,5.92,6.09,10,No,5,7,5,No,4.69,7.67,6.07,HIGH,3.93,LOW,0.33
CLG0025,101,9.47,9.06,3,Yes,7,5,5,No,6.66,7.18,6.56,HIGH,3.44,LOW,0.82
CLG0078,85,5.74,5.45,2,No,2,10,0,No,1.44,4.4,3.09,LOW,6.91,HIGH,3.6
CLG0018,107,8.18,7.88,6,Yes,0,9,5,No,6.02,7.56,6.56,HIGH,3.44,LOW,0.44
CLG0082,132,9.45,9.06,6,Yes,3,4,4,Yes,7.65,5.13,6.67,HIGH,3.33,LOW,2.87
CLG0027,94,9.56,9.27,7,No,1,6,1,No,8.2,3.22,5.47,MEDIUM,4.53,MEDIUM,4.78
CLG0009,94,8.97,9.08,4,Yes,8,2,3,No,6.71,4.44,5.37,MEDIUM,4.63,MEDIUM,3.56
CLG0076,91,5.88,6.11,8,Yes,3,1,4,No,4.01,3.8,3.98,LOW,6.02,HIGH,4.2
CLG0056,92,9.09,9.25,3,Yes,8,1,4,No,6.57,4.8,5.42,MEDIUM,4.58,MEDIUM,3.2
CLG0047,58,6.38,6.36,10,No,6,4,4,No,5.16,5.73,4.65,MEDIUM,5.35,MEDIUM,2.27
CLG0082,106,9.61,9.16,1,No,6,9,3,Yes,6.15,7.16,6.44,HIGH,3.56,LOW,0.84
CLG0049,87,8.55,9.01,5,Yes,0,3,4,No,6.74,4.09,5.12,MEDIUM,4.88,MEDIUM,3.91
CLG0014,75,8.93,8.6,6,Yes,1,3,5,No,7.0,5.09,5.42,MEDIUM,4.58,MEDIUM,2.91
CLG0074,111,5.43,5.6,3,Yes,6,7,1,No,1.7,4.67,3.74,LOW,6.26,HIGH,3.33
CLG0084,83,7.91,8.32,2,Yes,4,8,5,Yes,4.85,7.91,5.82,MEDIUM,4.18,MEDIUM,0.09
CLG0022,94,9.11,9.31,3,No,6,6,4,No,6.63,6.62,6.21,HIGH,3.79,LOW,1.38
CLG0059,121,9.31,9.03,3,No,2,1,2,Yes,6.54,2.0,4.78,MEDIUM,5.22,MEDIUM,6.0
CLG0034,78,5.14,4.96,7,Yes,7,6,0,No,2.39,3.62,3.04,LOW,6.96,HIGH,4.38
CLG0048,77,9.7,9.23,1,No,3,8,2,Yes,6.26,5.31,5.24,MEDIUM,4.76,MEDIUM,2.69
CLG0069,104,5.22,5.33,4,No,7,5,5,No,1.71,7.18,4.63,MEDIUM,5.37,MEDIUM,0.82
CLG0030,117,8.07,8.18,3,Yes,5,8,1,Yes,5.18,4.91,5.34,MEDIUM,4.66,MEDIUM,3.09
CLG0001,76,8.47,8.7,10,Yes,8,1,1,No,8.13,2.4,4.81,MEDIUM,5.19,MEDIUM,5.6
CLG0026,106,5.54,5.05,7,Yes,5,4,0,No,2.7,2.33,3.12,LOW,6.88,HIGH,5.67
CLG0071,108,5.24,5.56,1,No,3,9,1,No,0.89,4.96,3.49,LOW,6.51,HIGH,3.04
CLG0007,69,8.92,9.16,8,No,2,10,1,No,8.07,5.2,5.79,MEDIUM,4.21,MEDIUM,2.8
CLG0005,111,6.92,6.56,10,Yes,3,5,4,No,5.63,5.58,5.68,MEDIUM,4.32,MEDIUM,2.42
CLG0084,113,5.54,5.39,7,No,10,10,0,No,2.95,6.0,4.81,MEDIUM,5.19,MEDIUM,2.0
CLG0064,95,8.81,8.95,8,No,6,10,2,Yes,7.85,6.8,6.78,HIGH,3.22,LOW,1.2
CLG0092,118,9.25,9.25,8,Yes,7,3,4,Yes,8.33,5.49,6.84,HIGH,3.16,LOW,2.51
CLG0023,117,7.94,7.56,9,No,1,3,4,No,6.64,4.29,5.67,MEDIUM,4.33,MEDIUM,3.71
CLG0008,101,5.81,5.4,1,Yes,8,9,2,No,1.12,6.76,4.18,LOW,5.82,HIGH,1.24
CLG0047,93,5.08,5.36,9,Yes,6,1,1,No,3.32,2.0,3.02,LOW,6.98,HIGH,6.0
CLG0080,85,8.5,8.16,1,No,6,6,3,No,4.75,5.82,4.98,MEDIUM,5.02,MEDIUM,2.18
CLG0041,99,7.75,7.42,3,No,9,6,5,No,4.43,8.02,5.97,HIGH,4.03,LOW,0.0
CLG0048,108,8.25,8.58,7,Yes,3,10,3,Yes,6.91,7.0,6.71,HIGH,3.29,LOW,1.0
CLG0070,95,9.07,9.18,8,Yes,6,8,5,Yes,8.17,8.31,7.52,HIGH,2.48,LOW,0.0
CLG0075,67,7.17,7.27,5,No,1,8,1,No,4.64,4.11,3.94,LOW,6.06,HIGH,3.89
CLG0077,119,5.62,5.6,1,No,10,1,4,No,1.15,5.2,3.87,LOW,6.13,HIGH,2.8
CLG0066,102,9.7,9.77,3,Yes,9,7,2,No,7.32,6.07,6.4,HIGH,3.6,LOW,1.93
CLG0049,94,7.73,7.83,7,Yes,2,10,3,No,6.05,6.8,6.05,HIGH,3.95,LOW,1.2
CLG0002,112,8.08,8.55,2,No,1,1,4,Yes,5.12,3.4,4.62,MEDIUM,5.38,MEDIUM,4.6
CLG0063,122,9.67,9.39,2,No,4,8,3,Yes,6.69,6.31,6.58,HIGH,3.42,LOW,1.69
CLG0013,57,9.66,9.37,9,Yes,0,5,2,No,9.0,3.38,5.23,MEDIUM,4.77,MEDIUM,4.62
CLG0083,106,7.86,7.42,6,Yes,1,2,4,No,5.49,3.84,4.84,MEDIUM,5.16,MEDIUM,4.16
CLG0033,78,6.49,6.65,4,No,10,3,0,No,3.44,2.89,3.16,LOW,6.84,HIGH,5.11
CLG0025,107,9.99,10.0,10,Yes,5,9,4,Yes,9.99,7.76,8.23,HIGH,1.77,LOW,0.24
CLG0082,101,8.4,8.01,9,Yes,5,2,0,No,7.25,1.44,4.5,MEDIUM,5.5,MEDIUM,6.56
CLG0029,109,7.04,6.9,7,No,7,4,1,No,4.95,3.53,4.55,MEDIUM,5.45,MEDIUM,4.47
CLG0037,92,7.8,7.48,7,Yes,8,7,2,No,5.83,5.87,5.55,MEDIUM,4.45,MEDIUM,2.13
CLG0075,71,7.08,6.91,8,No,8,8,3,No,5.32,7.11,5.48,MEDIUM,4.52,MEDIUM,0.89
CLG0041,93,9.44,9.89,3,No,6,3,1,No,7.25,2.89,4.94,MEDIUM,5.06,MEDIUM,5.11
CLG0087,106,7.41,7.59,2,Yes,9,10,1,No,4.01,6.6,5.36,MEDIUM,4.64,MEDIUM,1.4
CLG0087,115,9.12,8.63,1,Yes,0,10,5,Yes,5.47,8.0,6.65,HIGH,3.35,LOW,0.0
CLG0035,82,9.2,8.95,2,Yes,3,9,5,Yes,6.08,8.16,6.4,HIGH,3.6,LOW,0.0
CLG0003,115,9.12,8.63,3,No,6,8,4,Yes,6.14,7.51,6.72,HIGH,3.28,LOW,0.49
CLG0047,90,8.61,8.82,5,No,1,6,4,No,6.63,5.62,5.74,MEDIUM,4.26,MEDIUM,2.38
CLG0062,105,9.27,9.24,8,No,8,8,5,Yes,8.34,8.71,7.91,HIGH,2.09,LOW,0.0
CLG0018,92,6.94,7.43,3,No,0,10,5,No,3.95,8.0,5.65,MEDIUM,4.35,MEDIUM,0.0
CLG0057,102,5.57,5.8,7,Yes,8,8,0,No,3.27,4.71,4.23,LOW,5.77,HIGH,3.29
CLG0052,113,9.21,9.23,5,No,6,3,0,No,7.3,2.09,4.99,MEDIUM,5.01,MEDIUM,5.91
CLG0073,81,7.49,7.79,5,No,9,7,1,No,5.21,5.27,4.88,MEDIUM,5.12,MEDIUM,2.73
CLG0048,89,5.64,5.84,8,No,5,8,1,No,3.67,4.91,4.25,LOW,5.75,HIGH,3.09
CLG0020,102,5.58,5.32,10,Yes,6,6,4,No,3.92,6.62,5.26,MEDIUM,4.74,MEDIUM,1.38
CLG0088,136,5.8,5.83,5,Yes,1,6,4,No,2.76,5.62,4.98,MEDIUM,5.02,MEDIUM,2.38
CLG0081,87,8.75,8.81,10,No,9,7,3,No,8.38,6.87,6.89,HIGH,3.11,LOW,1.13
CLG0012,130,8.55,8.5,7,No,1,4,2,Yes,7.03,3.13,5.59,MEDIUM,4.41,MEDIUM,4.87
CLG0033,130,6.02,5.7,10,No,2,10,3,Yes,4.46,6.8,6.03,HIGH,3.97,LOW,1.2
CLG0070,98,9.23,8.95,8,Yes,5,10,2,Yes,8.1,6.6,6.85,HIGH,3.15,LOW,1.4
CLG0094,95,6.41,6.19,8,Yes,0,9,1,No,4.39,4.36,4.42,MEDIUM,5.58,MEDIUM,3.64
CLG0070,89,8.96,8.47,3,No,10,3,4,No,5.92,6.09,5.62,MEDIUM,4.38,MEDIUM,1.91
CLG0048,98,7.44,7.86,4,No,3,7,3,No,4.9,5.67,5.2,MEDIUM,4.8,MEDIUM,2.33
CLG0023,78,8.66,8.85,8,No,7,9,5,Yes,7.69,8.96,7.29,HIGH,2.71,LOW,0.0
CLG0046,98,6.91,7.1,5,No,7,8,2,No,4.35,6.11,5.16,MEDIUM,4.84,MEDIUM,1.89
CLG0007,122,6.74,6.81,1,No,4,7,5,No,2.71,7.47,5.46,MEDIUM,4.54,MEDIUM,0.53
CLG0026,90,9.21,9.4,7,No,6,5,5,No,8.09,6.98,6.87,HIGH,3.13,LOW,1.02
CLG0067,96,5.18,5.66,3,No,4,2,0,No,1.6,1.24,2.08,LOW,7.92,HIGH,6.76
CLG0057,74,9.87,9.76,2,No,3,2,2,No,7.08,2.64,4.45,MEDIUM,5.55,MEDIUM,5.36
CLG0025,105,8.24,8.45,10,No,5,4,2,No,7.81,3.93,5.79,MEDIUM,4.21,MEDIUM,4.07
CLG0067,103,7.16,7.02,5,No,7,5,5,No,4.45,7.18,5.71,MEDIUM,4.29,MEDIUM,0.82
CLG0079,100,8.14,8.49,1,No,9,4,4,No,4.78,6.33,5.45,MEDIUM,4.55,MEDIUM,1.67
CLG0039,96,5.61,5.97,9,No,0,2,3,No,4.08,2.84,3.71,LOW,6.29,HIGH,5.16
CLG0068,95,7.57,7.97,10,No,2,4,1,No,7.05,2.53,4.76,MEDIUM,5.24,MEDIUM,5.47
CLG0038,107,9.93,9.44,5,Yes,3,5,3,No,7.88,4.78,6.19,HIGH,3.81,LOW,3.22
CLG0045,99,6.18,5.98,6,Yes,4,4,1,No,3.43,2.93,3.54,LOW,6.46,HIGH,5.07
CLG0064,104,8.61,8.24,7,Yes,0,6,5,No,6.88,6.22,6.32,HIGH,3.68,LOW,1.78
CLG0085,103,7.17,7.12,9,No,8,10,0,No,5.86,5.6,5.64,MEDIUM,4.36,MEDIUM,2.4
CLG0054,116,8.26,8.26,5,Yes,7,7,5,Yes,6.01,8.07,6.91,HIGH,3.09,LOW,0.0
CLG0094,110,6.02,5.78,4,No,1,5,5,No,2.52,5.98,4.58,MEDIUM,5.42,MEDIUM,2.02
CLG0071,102,7.35,7.57,3,No,4,9,4,No,4.3,7.56,5.79,MEDIUM,4.21,MEDIUM,0.44
CLG0013,122,9.9,9.67,5,No,8,4,2,Yes,8.03,4.53,6.41,HIGH,3.59,LOW,3.47
CLG0050,106,5.98,6.33,10,No,2,10,5,No,4.9,8.4,6.43,HIGH,3.57,LOW,0.0
CLG0043,119,8.18,7.86,10,No,4,2,3,No,7.34,3.64,5.73,MEDIUM,4.27,MEDIUM,4.36
CLG0007,109,7.88,7.75,3,No,8,10,3,No,4.75,8.0,6.26,HIGH,3.74,LOW,0.0
CLG0087,72,7.83,7.95,5,No,5,8,1,No,5.53,4.91,4.71,MEDIUM,5.29,MEDIUM,3.09
CLG0044,119,8.08,8.19,8,Yes,4,4,3,Yes,6.86,4.53,5.89,MEDIUM,4.11,MEDIUM,3.47
CLG0064,102,7.51,7.09,2,Yes,7,4,2,No,3.71,4.33,4.26,MEDIUM,5.74,HIGH,3.67
CLG0007,99,5.08,5.43,4,No,4,3,1,No,1.7,2.49,2.67,LOW,7.33,HIGH,5.51
CLG0010,104,9.5,9.6,8,Yes,8,9,2,Yes,8.74,6.76,7.28,HIGH,2.72,LOW,1.24
CLG0078,94,9.13,9.5,5,No,10,4,5,No,7.45,7.33,6.82,HIGH,3.18,LOW,0.67
CLG0069,103,5.87,6.24,8,Yes,2,2,1,No,4.1,1.64,3.36,LOW,6.64,HIGH,6.36
CLG0062,91,7.07,7.12,6,No,0,1,2,No,4.8,1.6,3.41,LOW,6.59,HIGH,6.4
CLG0019,119,8.85,9.26,1,Yes,3,1,1,No,5.77,1.4,4.2,LOW,5.8,HIGH,6.6
CLG0033,98,9.9,10.0,5,Yes,6,8,4,Yes,8.27,7.51,7.29,HIGH,2.71,LOW,0.49
CLG0062,94,9.76,10.0,10,No,2,1,3,No,9.86,2.8,5.97,HIGH,4.03,LOW,5.2
CLG0078,86,9.5,9.85,2,No,9,5,2,No,6.92,5.18,5.61,MEDIUM,4.39,MEDIUM,2.82
CLG0067,104,5.79,6.11,7,Yes,7,8,0,No,3.62,4.51,4.33,MEDIUM,5.67,MEDIUM,3.49
CLG0007,102,9.57,9.54,10,Yes,1,7,5,No,9.41,6.87,7.55,HIGH,2.45,LOW,1.13
CLG0030,105,9.39,9.1,4,No,8,7,4,No,6.97,7.47,6.87,HIGH,3.13,LOW,0.53
CLG0091,84,6.88,7.29,2,Yes,2,8,4,No,3.48,6.71,4.81,MEDIUM,5.19,MEDIUM,1.29
CLG0036,75,6.97,7.19,1,No,10,3,5,No,3.12,6.89,4.59,MEDIUM,5.41,MEDIUM,1.11
CLG0075,109,7.3,7.08,5,Yes,5,5,2,No,4.57,4.38,4.74,MEDIUM,5.26,MEDIUM,3.62
CLG0100,122,8.28,8.12,10,Yes,6,2,2,Yes,7.59,3.24,5.72,MEDIUM,4.28,MEDIUM,4.76
CLG0016,84,6.3,6.49,8,No,4,5,0,No,4.54,2.58,3.58,LOW,6.42,HIGH,5.42
CLG0081,123,5.11,5.09,8,No,9,5,5,No,2.8,7.58,5.55,MEDIUM,4.45,MEDIUM,0.42
CLG0019,104,5.71,5.29,10,No,4,2,2,No,3.98,2.84,3.8,LOW,6.2,HIGH,5.16
CLG0035,99,7.2,6.84,2,Yes,0,10,5,No,3.34,8.0,5.53,MEDIUM,4.47,MEDIUM,0.0
CLG0038,94,6.41,6.66,6,No,3,6,0,No,4.07,2.82,3.66,LOW,6.34,HIGH,5.18
CLG0058,79,8.82,8.65,7,No,0,1,2,No,7.3,1.6,4.21,LOW,5.79,HIGH,6.4
CLG0056,114,5.53,5.54,10,No,8,8,0,No,4.05,4.71,4.75,MEDIUM,5.25,MEDIUM,3.29
CLG0063,88,9.59,9.86,1,Yes,8,1,1,No,6.65,2.4,4.42,MEDIUM,5.58,MEDIUM,5.6
CLG0048,88,9.48,9.73,5,No,4,3,3,No,7.82,4.09,5.57,MEDIUM,4.43,MEDIUM,3.91
CLG0066,114,9.54,9.21,6,Yes,4,1,3,Yes,7.81,3.2,5.65,MEDIUM,4.35,MEDIUM,4.8
CLG0063,71,8.7,8.3,7,No,4,2,2,No,6.97,2.84,4.44,MEDIUM,5.56,MEDIUM,5.16
CLG0091,77,5.53,5.62,9,Yes,6,7,2,No,3.78,5.47,4.32,MEDIUM,5.68,MEDIUM,2.53
CLG0059,99,7.19,7.43,3,No,5,7,3,No,4.1,6.07,5.06,MEDIUM,4.94,MEDIUM,1.93
CLG0051,104,5.66,5.31,8,No,1,5,3,No,3.29,4.38,4.14,LOW,5.86,HIGH,3.62
CLG0065,107,9.94,9.81,10,No,10,5,0,No,9.82,3.78,6.57,HIGH,3.43,LOW,4.22
CLG0066,95,6.67,7.04,3,No,9,7,0,No,3.5,4.47,4.11,LOW,5.89,HIGH,3.53
CLG0052,137,7.93,8.37,9,Yes,2,10,1,Yes,7.23,5.2,6.61,HIGH,3.39,LOW,2.8
CLG0079,96,8.9,8.85,8,Yes,4,10,1,No,7.83,5.6,6.31,HIGH,3.69,LOW,2.4
CLG0065,96,9.6,9.18,9,Yes,6,5,0,No,8.83,2.98,5.66,MEDIUM,4.34,MEDIUM,5.02
CLG0070,88,8.78,8.54,5,No,1,8,1,No,6.53,4.11,5.06,MEDIUM,4.94,MEDIUM,3.89
CLG0030,101,8.37,8.1,9,No,10,3,4,No,7.3,6.09,6.38,HIGH,3.62,LOW,1.91
CLG0044,109,7.33,7.07,3,Yes,3,2,5,No,3.92,5.04,4.75,MEDIUM,5.25,MEDIUM,2.96
CLG0064,118,8.03,8.02,7,Yes,0,10,0,Yes,6.37,4.0,5.46,MEDIUM,4.54,MEDIUM,4.0
CLG0091,77,5.47,5.55,3,No,6,4,1,No,1.69,3.33,2.62,LOW,7.38,HIGH,4.67
CLG0081,96,9.42,9.04,6,Yes,10,7,1,No,7.62,5.47,6.18,HIGH,3.82,LOW,2.53
CLG0040,106,7.72,8.11,8,Yes,1,9,2,Yes,6.58,5.36,5.89,MEDIUM,4.11,MEDIUM,2.64
CLG0088,108,5.2,5.32,2,Yes,7,3,2,No,1.02,3.89,3.11,LOW,6.89,HIGH,4.11
CLG0059,100,9.6,9.7,8,No,9,3,2,No,8.87,4.29,6.27,HIGH,3.73,LOW,3.71
CLG0050,108,7.45,7.94,1,Yes,10,7,3,No,3.96,7.07,5.56,MEDIUM,4.44,MEDIUM,0.93
CLG0086,87,9.34,9.47,4,No,0,1,5,No,7.22,4.0,5.27,MEDIUM,4.73,MEDIUM,4.0
CLG0015,123,9.28,9.71,7,Yes,1,7,3,Yes,8.36,5.27,6.85,HIGH,3.15,LOW,2.73
CLG0021,114,9.08,8.87,1,Yes,7,2,3,Yes,5.62,4.24,5.19,MEDIUM,4.81,MEDIUM,3.76
CLG0091,79,5.31,5.05,6,No,4,10,0,No,2.23,4.8,3.46,LOW,6.54,HIGH,3.2
CLG0016,83,6.24,6.26,10,Yes,4,1,2,No,5.0,2.4,3.68,LOW,6.32,HIGH,5.6
CLG0047,84,9.38,9.39,6,No,10,10,2,Yes,7.85,7.6,6.92,HIGH,3.08,LOW,0.4
CLG0078,110,9.49,9.22,7,No,6,9,0,No,8.12,4.76,6.33,HIGH,3.67,LOW,3.24
CLG0068,80,7.29,7.49,9,No,3,1,3,No,6.2,3.0,4.35,MEDIUM,5.65,MEDIUM,5.0
CLG0088,95,7.2,6.73,7,No,8,8,5,No,4.92,8.71,6.38,HIGH,3.62,LOW,0.0
CLG0077,106,5.88,6.07,3,Yes,2,10,1,No,2.32,5.2,4.12,LOW,5.88,HIGH,2.8
CLG0005,99,9.84,9.8,4,No,7,7,4,No,7.76,7.27,7.0,HIGH,3.0,LOW,0.73
CLG0033,103,6.07,6.26,1,No,2,10,2,No,1.9,6.0,4.22,LOW,5.78,HIGH,2.0
CLG0072,84,5.95,5.93,5,No,7,9,3,No,2.92,7.36,4.85,MEDIUM,5.15,MEDIUM,0.64
CLG0056,108,8.3,8.78,7,No,0,5,1,No,7.09,2.58,5.01,MEDIUM,4.99,MEDIUM,5.42
CLG0039,90,6.21,6.04,3,No,9,3,2,No,2.49,4.29,3.55,LOW,6.45,HIGH,3.71
CLG0083,95,9.69,10.0,6,Yes,9,1,2,No,8.48,3.4,5.68,MEDIUM,4.32,MEDIUM,4.6
CLG0010,103,5.05,4.61,3,Yes,6,2,4,No,0.75,4.84,3.3,LOW,6.7,HIGH,3.16
CLG0039,101,5.03,5.21,4,Yes,0,6,3,No,1.51,4.62,3.48,LOW,6.52,HIGH,3.38
CLG0083,100,7.52,7.47,5,Yes,1,8,5,No,4.99,7.31,5.93,HIGH,4.07,MEDIUM,0.69
CLG0031,88,7.44,7.76,6,No,10,9,0,No,5.49,5.56,5.22,MEDIUM,4.78,MEDIUM,2.44
CLG0078,95,5.82,6.11,6,No,10,8,1,No,3.31,5.91,4.61,MEDIUM,5.39,MEDIUM,2.09
CLG0089,100,7.47,7.77,1,No,0,2,1,No,3.85,1.24,3.04,LOW,6.96,HIGH,6.76
CLG0008,79,7.06,6.65,8,No,9,1,3,No,5.12,4.2,4.38,MEDIUM,5.62,MEDIUM,3.8
CLG0004,93,9.45,9.77,3,No,2,10,1,No,7.17,5.2,5.84,MEDIUM,4.16,MEDIUM,2.8
CLG0005,105,5.05,4.76,4,No,8,4,0,No,1.19,2.93,2.74,LOW,7.26,HIGH,5.07
CLG0036,80,9.88,9.41,8,No,0,5,1,No,8.83,2.58,5.23,MEDIUM,4.77,MEDIUM,5.42
CLG0006,117,8.12,7.84,5,No,2,10,3,Yes,5.62,6.8,6.27,HIGH,3.73,LOW,1.2
CLG0060,119,5.76,5.74,6,Yes,1,6,0,No,3.0,2.42,3.5,LOW,6.5,HIGH,5.58
CLG0094,81,5.23,5.47,1,Yes,4,4,4,No,0.82,5.33,3.14,LOW,6.86,HIGH,2.67
CLG0055,120,7.69,7.41,8,No,6,5,5,No,6.05,6.98,6.56,HIGH,3.44,LOW,1.02
CLG0083,97,6.17,5.78,5,No,5,8,3,No,2.94,6.51,4.74,MEDIUM,5.26,MEDIUM,1.49
CLG0043,106,6.51,6.66,1,No,9,10,5,No,2.46,9.8,6.02,HIGH,3.98,LOW,0.0
CLG0082,92,6.23,6.71,7,No,4,3,4,No,4.33,4.89,4.56,MEDIUM,5.44,MEDIUM,3.11
CLG0021,113,8.25,8.35,2,No,2,1,1,No,5.07,1.2,3.74,LOW,6.26,HIGH,6.8
CLG0060,106,7.77,7.96,6,Yes,6,9,5,No,5.83,8.76,6.95,HIGH,3.05,LOW,0.0
CLG0043,87,5.39,5.45,3,No,8,9,0,No,1.57,5.16,3.48,LOW,6.52,HIGH,2.84
CLG0054,82,7.63,7.91,6,No,1,2,5,No,5.71,4.64,4.84,MEDIUM,5.16,MEDIUM,3.36
CLG0081,78,8.96,9.44,9,No,5,3,1,No,8.63,2.69,5.16,MEDIUM,4.84,MEDIUM,5.31
CLG0031,102,5.41,5.45,6,No,4,8,3,No,2.58,6.31,4.6,MEDIUM,5.4,MEDIUM,1.69
CLG0085,108,9.45,9.37,1,No,8,3,4,No,6.21,5.69,5.91,MEDIUM,4.09,MEDIUM,2.31
CLG0075,109,7.89,8.25,6,Yes,7,3,4,No,6.12,5.49,5.81,MEDIUM,4.19,MEDIUM,2.51
CLG0061,98,9.75,10.0,3,No,8,6,1,No,7.52,4.62,5.83,MEDIUM,4.17,MEDIUM,3.38
CLG0080,82,5.74,5.37,4,No,6,6,3,No,2.05,5.82,3.85,LOW,6.15,HIGH,2.18
CLG0073,89,9.97,10.0,4,Yes,4,7,1,No,7.98,4.27,5.72,MEDIUM,4.28,MEDIUM,3.73
CLG0023,117,8.22,8.51,9,No,3,10,5,Yes,7.51,8.6,7.74,HIGH,2.26,LOW,0.0
CLG0023,92,7.84,7.87,8,No,7,4,2,No,6.48,4.33,5.2,MEDIUM,4.8,MEDIUM,3.67
CLG0052,102,7.58,7.49,7,Yes,1,5,3,No,5.71,4.38,5.08,MEDIUM,4.92,MEDIUM,3.62
CLG0003,83,5.12,5.28,5,No,0,10,3,No,1.95,6.4,4.06,LOW,5.94,HIGH,1.6
CLG0049,105,9.7,9.47,10,No,2,3,0,No,9.43,1.29,5.38,MEDIUM,4.62,MEDIUM,6.71
CLG0070,93,8.22,8.07,4,Yes,6,2,2,No,5.52,3.24,4.39,MEDIUM,5.61,MEDIUM,4.76
CLG0020,115,5.46,5.95,3,No,0,3,4,No,1.98,4.09,3.69,LOW,6.31,HIGH,3.91
CLG0079,111,5.1,5.24,1,Yes,4,3,1,No,0.57,2.49,2.42,LOW,7.58,HIGH,5.51
CLG0030,92,5.25,5.62,9,Yes,4,2,4,No,3.61,4.44,4.09,LOW,5.91,HIGH,3.56
CLG0032,98,8.05,8.36,8,Yes,2,1,3,No,6.96,2.8,4.88,MEDIUM,5.12,MEDIUM,5.2
CLG0070,91,8.07,8.22,1,Yes,10,3,5,No,4.54,6.89,5.43,MEDIUM,4.57,MEDIUM,1.11
CLG0031,78,7.5,7.84,2,Yes,0,1,1,No,4.25,0.8,2.65,LOW,7.35,HIGH,7.2
CLG0016,87,6.53,6.32,1,No,4,8,4,No,2.22,7.11,4.52,MEDIUM,5.48,MEDIUM,0.89
CLG0029,102,7.66,7.8,1,Yes,7,5,1,No,3.98,3.98,4.23,LOW,5.77,HIGH,4.02
CLG0022,104,7.58,7.67,9,No,8,6,4,No,6.51,7.02,6.49,HIGH,3.51,LOW,0.98
CLG0040,102,5.1,5.22,5,No,5,10,1,No,1.89,5.8,4.12,LOW,5.88,HIGH,2.2
CLG0028,95,6.41,6.08,3,Yes,0,7,4,No,2.64,5.87,4.33,MEDIUM,5.67,MEDIUM,2.13
CLG0079,113,5.27,5.05,2,Yes,4,7,4,No,0.87,6.67,4.25,LOW,5.75,HIGH,1.33
CLG0085,100,9.5,9.29,8,Yes,1,4,1,No,8.51,2.33,5.34,MEDIUM,4.66,MEDIUM,5.67
CLG0008,110,8.63,8.73,8,Yes,0,6,0,No,7.58,2.22,5.1,MEDIUM,4.9,MEDIUM,5.78
CLG0065,73,9.98,10.0,6,No,2,8,1,No,8.65,4.31,5.73,MEDIUM,4.27,MEDIUM,3.69
CLG0030,41,6.51,6.96,2,Yes,10,6,5,No,3.01,8.22,4.49,MEDIUM,5.51,MEDIUM,0.0
CLG0058,104,9.39,9.12,1,Yes,9,7,4,No,5.99,7.67,6.54,HIGH,3.46,LOW,0.33
CLG0002,78,8.02,7.82,6,Yes,4,3,2,No,5.88,3.29,4.3,MEDIUM,5.7,MEDIUM,4.71
CLG0024,96,7.27,6.81,1,No,8,9,3,No,3.03,7.56,5.18,MEDIUM,4.82,MEDIUM,0.44
CLG0049,95,6.11,6.01,6,No,6,10,0,No,3.41,5.2,4.37,MEDIUM,5.63,MEDIUM,2.8
CLG0069,123,8.69,9.02,10,Yes,5,2,5,Yes,8.5,5.44,6.98,HIGH,3.02,LOW,2.56
CLG0012,105,9.52,9.94,2,No,8,8,1,No,7.0,5.51,6.1,HIGH,3.9,LOW,2.49
CLG0005,102,6.18,5.92,7,No,5,8,3,No,3.72,6.51,5.13,MEDIUM,4.87,MEDIUM,1.49
CLG0098,112,5.88,5.65,10,Yes,10,2,5,No,4.34,6.44,5.53,MEDIUM,4.47,MEDIUM,1.56
CLG0014,105,8.48,8.2,2,No,3,9,0,No,5.1,4.16,4.8,MEDIUM,5.2,MEDIUM,3.84
CLG0076,93,9.88,9.73,2,Yes,6,3,2,No,7.06,3.69,5.19,MEDIUM,4.81,MEDIUM,4.31
CLG0027,116,8.75,9.05,6,Yes,1,10,3,Yes,7.22,6.6,6.81,HIGH,3.19,LOW,1.4
CLG0066,83,6.42,6.57,4,No,1,6,5,No,3.34,6.42,4.62,MEDIUM,5.38,MEDIUM,1.58
CLG0049,104,7.1,7.39,6,No,5,4,1,No,5.01,3.13,4.33,MEDIUM,5.67,MEDIUM,4.87
CLG0100,76,6.92,7.0,8,No,4,5,2,No,5.29,4.18,4.39,MEDIUM,5.61,MEDIUM,3.82
CLG0045,103,9.26,9.02,10,No,5,3,1,No,8.84,2.69,5.67,MEDIUM,4.33,MEDIUM,5.31
CLG0038,102,8.86,8.59,3,Yes,1,10,5,Yes,5.95,8.2,6.7,HIGH,3.3,LOW,0.0
CLG0067,125,7.94,7.45,5,No,1,8,3,Yes,5.23,5.71,5.81,MEDIUM,4.19,MEDIUM,2.29
CLG0058,76,6.37,6.65,5,Yes,0,10,1,No,3.7,4.8,4.0,LOW,6.0,HIGH,3.2
CLG0100,90,9.69,10.0,10,No,1,10,5,Yes,9.81,8.2,8.04,HIGH,1.96,LOW,0.0
CLG0072,112,8.27,8.54,9,Yes,10,8,2,Yes,7.56,6.71,6.92,HIGH,3.08,LOW,1.29
CLG0066,105,9.85,9.42,7,Yes,9,7,2,No,8.49,6.07,6.92,HIGH,3.08,LOW,1.93
CLG0054,102,7.9,8.16,9,Yes,6,7,3,No,7.06,6.27,6.37,HIGH,3.63,LOW,1.73
CLG0029,85,9.11,8.66,8,No,1,2,3,No,7.82,3.04,5.1,MEDIUM,4.9,MEDIUM,4.96
CLG0089,91,9.07,8.68,3,Yes,2,10,4,Yes,6.14,7.6,6.35,HIGH,3.65,LOW,0.4
CLG0004,118,6.69,6.63,2,No,10,6,2,No,2.88,5.82,4.8,MEDIUM,5.2,MEDIUM,2.18
CLG0055,99,9.82,9.8,3,Yes,5,4,5,No,7.41,6.33,6.49,HIGH,3.51,LOW,1.67
CLG0010,105,5.11,5.43,6,Yes,5,9,4,No,2.38,7.76,5.15,MEDIUM,4.85,MEDIUM,0.24
CLG0044,98,8.84,9.02,10,Yes,9,5,1,No,8.59,4.38,6.16,HIGH,3.84,LOW,3.62
CLG0081,82,9.83,9.48,4,Yes,10,6,3,No,7.52,6.62,6.36,HIGH,3.64,LOW,1.38
CLG0065,114,6.69,6.42,1,No,8,7,5,No,2.39,8.27,5.51,MEDIUM,4.49,MEDIUM,0.0
CLG0003,107,8.24,8.03,10,No,10,2,0,No,7.5,2.44,5.1,MEDIUM,4.9,MEDIUM,5.56
CLG0062,134,7.81,7.43,10,No,1,1,5,No,6.8,4.2,5.99,HIGH,4.01,LOW,3.8
CLG0094,84,8.81,8.6,9,No,6,6,1,No,7.93,4.22,5.6,MEDIUM,4.4,MEDIUM,3.78
CLG0005,112,9.33,9.56,6,Yes,0,9,4,Yes,7.94,6.76,7.09,HIGH,2.91,LOW,1.24
CLG0044,80,8.02,7.76,1,Yes,5,7,2,No,4.17,5.27,4.44,MEDIUM,5.56,MEDIUM,2.73
CLG0011,102,9.08,9.42,3,No,8,9,3,Yes,6.69,7.56,6.74,HIGH,3.26,LOW,0.44
CLG0073,114,6.56,6.53,1,Yes,7,3,3,No,2.39,4.69,4.08,LOW,5.92,HIGH,3.31
CLG0047,68,6.14,5.96,9,No,5,5,5,No,4.39,6.78,4.93,MEDIUM,5.07,MEDIUM,1.22
CLG0014,96,7.15,7.06,4,No,5,6,1,No,4.14,4.02,4.2,LOW,5.8,HIGH,3.98
CLG0019,91,8.39,8.6,2,No,5,6,5,No,5.34,7.22,5.88,MEDIUM,4.12,MEDIUM,0.78
CLG0013,89,5.94,5.96,4,No,7,5,1,No,2.6,3.98,3.45,LOW,6.55,HIGH,4.02
CLG0021,105,8.4,7.91,2,No,1,2,3,No,4.84,3.04,4.25,LOW,5.75,HIGH,4.96
CLG0063,116,6.97,7.39,6,No,10,10,4,Yes,4.94,9.2,6.94,HIGH,3.06,LOW,0.0
CLG0039,98,8.98,8.55,6,No,8,3,2,No,6.99,4.09,5.41,MEDIUM,4.59,MEDIUM,3.91
CLG0066,103,5.18,5.62,7,No,9,6,3,No,2.9,6.42,4.79,MEDIUM,5.21,MEDIUM,1.58
CLG0030,101,8.34,7.87,9,No,7,9,3,No,7.11,7.36,6.81,HIGH,3.19,LOW,0.64
CLG0023,100,8.25,8.52,9,Yes,1,10,1,No,7.53,5.0,6.02,HIGH,3.98,LOW,3.0
CLG0064,83,9.7,9.73,4,Yes,10,8,2,Yes,7.62,6.71,6.45,HIGH,3.55,LOW,1.29
CLG0027,116,8.57,8.58,9,Yes,7,8,3,Yes,7.77,6.91,7.15,HIGH,2.85,LOW,1.09
CLG0001,104,8.98,8.55,8,No,0,8,1,No,7.66,3.91,5.7,MEDIUM,4.3,MEDIUM,4.09
CLG0071,105,9.52,9.26,1,Yes,5,6,0,No,6.17,3.22,4.85,MEDIUM,5.15,MEDIUM,4.78
CLG0066,87,8.38,8.66,7,Yes,5,3,3,No,7.05,4.29,5.32,MEDIUM,4.68,MEDIUM,3.71
CLG0023,93,6.45,6.84,7,No,8,5,0,No,4.55,3.38,4.06,LOW,5.94,HIGH,4.62
CLG0095,97,9.35,9.38,10,No,8,8,2,Yes,9.16,6.31,7.15,HIGH,2.85,LOW,1.69
CLG0029,76,8.74,8.59,4,No,4,3,2,No,6.21,3.29,4.4,MEDIUM,5.6,MEDIUM,4.71
CLG0014,74,7.12,6.68,7,Yes,0,1,3,No,4.84,2.4,3.46,LOW,6.54,HIGH,5.6
CLG0060,90,8.55,8.73,10,Yes,10,1,5,No,8.2,6.0,6.52,HIGH,3.48,LOW,2.0
CLG0043,107,9.34,9.12,10,Yes,0,7,4,No,8.96,5.87,7.06,HIGH,2.94,LOW,2.13
CLG0005,90,9.88,9.44,5,Yes,6,6,1,No,7.85,4.22,5.67,MEDIUM,4.33,MEDIUM,3.78
CLG0075,84,9.76,9.93,5,No,10,5,1,No,8.14,4.58,5.82,MEDIUM,4.18,MEDIUM,3.42
CLG0033,87,6.63,6.62,5,Yes,10,8,4,No,3.84,8.31,5.65,MEDIUM,4.35,MEDIUM,0.0
CLG0093,93,7.11,6.62,6,Yes,3,8,0,No,4.46,3.71,4.16,LOW,5.84,HIGH,4.29
CLG0070,94,5.55,5.16,7,Yes,8,1,5,No,2.78,5.6,4.26,MEDIUM,5.74,HIGH,2.4
CLG0007,132,6.24,6.44,5,No,2,7,5,No,3.47,7.07,5.77,MEDIUM,4.23,MEDIUM,0.93
CLG0045,115,9.41,8.97,9,No,5,2,2,Yes,8.56,3.04,5.9,MEDIUM,4.1,MEDIUM,4.96
CLG0010,115,6.8,7.17,9,No,8,4,3,No,5.67,5.33,5.66,MEDIUM,4.34,MEDIUM,2.67
CLG0084,117,8.1,7.91,7,Yes,3,1,1,No,6.33,1.4,4.39,MEDIUM,5.61,MEDIUM,6.6
CLG0073,85,8.33,7.92,10,No,4,2,1,No,7.47,2.04,4.56,MEDIUM,5.44,MEDIUM,5.96
CLG0017,81,8.91,9.17,3,Yes,4,10,3,Yes,6.4,7.2,6.12,HIGH,3.88,LOW,0.8
CLG0100,83,5.91,5.93,4,No,4,9,3,No,2.56,6.76,4.45,MEDIUM,5.55,MEDIUM,1.24
CLG0006,120,6.52,6.33,4,No,1,1,1,No,3.22,1.0,3.04,LOW,6.96,HIGH,7.0
CLG0055,91,7.24,7.15,7,Yes,10,7,1,No,5.26,5.47,5.15,MEDIUM,4.85,MEDIUM,2.53
CLG0001,81,6.82,6.34,2,No,1,4,1,No,2.74,2.33,2.71,LOW,7.29,HIGH,5.67
CLG0011,93,9.91,10.0,5,Yes,0,7,3,No,8.28,5.07,6.23,HIGH,3.77,LOW,2.93
CLG0017,96,9.17,9.04,4,No,0,7,5,No,6.8,6.67,6.33,HIGH,3.67,LOW,1.33
CLG0057,104,7.4,7.61,10,No,3,10,0,No,6.69,4.6,5.59,MEDIUM,4.41,MEDIUM,3.4
CLG0039,103,9.4,9.53,9,No,2,3,1,No,8.96,2.09,5.48,MEDIUM,4.52,MEDIUM,5.91
CLG0073,87,6.74,6.89,1,No,3,2,0,No,2.77,1.04,2.31,LOW,7.69,HIGH,6.96
CLG0016,110,8.93,9.22,10,Yes,10,3,1,No,8.79,3.69,6.17,HIGH,3.83,LOW,4.31
CLG0053,90,6.12,6.25,3,Yes,5,5,3,No,2.59,5.18,3.95,LOW,6.05,HIGH,2.82
CLG0091,97,8.86,8.78,6,No,10,8,4,Yes,7.09,8.31,7.12,HIGH,2.88,LOW,0.0
CLG0005,110,7.28,7.17,4,Yes,0,9,0,No,4.29,3.56,4.32,MEDIUM,5.68,MEDIUM,4.44
CLG0008,90,5.54,5.16,3,Yes,7,4,4,No,1.44,5.93,3.79,LOW,6.21,HIGH,2.07
CLG0073,91,6.37,6.65,6,No,7,6,1,No,4.03,4.42,4.23,LOW,5.77,HIGH,3.58
CLG0058,108,7.01,7.27,3,No,6,4,1,No,3.87,3.33,4.03,LOW,5.97,HIGH,4.67
CLG0013,87,8.75,8.5,7,No,10,9,5,Yes,7.15,9.56,7.47,HIGH,2.53,LOW,0.0
CLG0003,94,5.36,5.72,1,No,10,5,3,No,1.08,6.18,3.81,LOW,6.19,HIGH,1.82
CLG0027,108,8.3,8.39,9,No,3,2,4,No,7.47,4.24,5.83,MEDIUM,4.17,MEDIUM,3.76
CLG0050,130,8.58,8.56,10,No,7,1,4,Yes,8.09,4.6,6.6,HIGH,3.4,LOW,3.4
CLG0054,109,8.27,7.79,2,No,8,5,1,No,4.68,4.18,4.71,MEDIUM,5.29,MEDIUM,3.82
CLG0056,107,8.8,8.68,4,No,4,8,2,Yes,6.31,5.51,5.86,MEDIUM,4.14,MEDIUM,2.49
CLG0020,107,5.89,6.03,6,No,5,6,5,No,3.29,7.22,5.33,MEDIUM,4.67,MEDIUM,0.78
CLG0097,83,7.94,7.53,6,Yes,9,7,2,No,5.62,6.07,5.39,MEDIUM,4.61,MEDIUM,1.93
CLG0013,101,9.71,9.67,8,No,7,9,4,Yes,8.92,8.16,7.86,HIGH,2.14,LOW,0.0
CLG0088,99,8.05,8.54,8,No,4,4,4,No,7.09,5.33,5.96,HIGH,4.04,LOW,2.67
CLG0050,104,8.06,8.28,4,No,3,5,0,No,5.58,2.38,4.26,MEDIUM,5.74,HIGH,5.62
CLG0088,101,8.68,8.73,6,Yes,7,9,1,No,6.94,5.76,6.11,HIGH,3.89,LOW,2.24
CLG0084,105,6.67,6.7,9,Yes,2,3,2,No,5.25,2.89,4.35,MEDIUM,5.65,MEDIUM,5.11
CLG0027,95,8.5,8.04,7,No,5,1,3,No,6.66,3.4,4.95,MEDIUM,5.05,MEDIUM,4.6
CLG0018,100,9.58,10.0,8,Yes,8,8,0,No,9.08,4.71,6.52,HIGH,3.48,LOW,3.29
CLG0028,81,5.05,5.48,8,No,5,9,2,No,3.05,6.16,4.37,MEDIUM,5.63,MEDIUM,1.84
CLG0100,95,9.35,9.53,2,No,8,10,1,No,6.6,6.4,6.12,HIGH,3.88,LOW,1.6
CLG0097,120,6.09,5.69,7,Yes,7,10,1,No,3.5,6.2,5.23,MEDIUM,4.77,MEDIUM,1.8
CLG0058,104,7.28,6.99,3,No,8,4,5,No,3.83,6.93,5.38,MEDIUM,4.62,MEDIUM,1.07
CLG0032,99,9.26,8.94,7,No,9,6,1,No,7.78,4.82,6.03,HIGH,3.97,LOW,3.18
CLG0007,128,9.12,9.14,2,Yes,8,7,2,Yes,6.18,5.87,6.31,HIGH,3.69,LOW,2.13
CLG0015,79,9.46,9.17,1,No,7,7,1,No,6.07,4.87,5.03,MEDIUM,4.97,MEDIUM,3.13
CLG0078,83,9.7,9.9,9,No,8,8,5,Yes,9.41,8.71,7.97,HIGH,2.03,LOW,0.0
CLG0035,125,7.24,7.29,10,Yes,6,6,3,No,6.36,5.82,6.31,HIGH,3.69,LOW,2.18
CLG0052,100,8.28,7.8,10,No,6,7,5,No,7.36,7.87,7.1,HIGH,2.9,LOW,0.13
CLG0040,96,6.95,7.19,1,No,10,9,1,No,3.11,6.36,4.73,MEDIUM,5.27,MEDIUM,1.64
CLG0095,82,6.75,6.44,1,Yes,3,6,0,No,2.44,2.82,2.8,LOW,7.2,HIGH,5.18
CLG0050,106,7.16,7.48,3,Yes,0,2,5,No,4.12,4.44,4.54,MEDIUM,5.46,MEDIUM,3.56
CLG0095,108,8.72,8.58,1,No,6,4,3,No,5.19,4.93,5.19,MEDIUM,4.81,MEDIUM,3.07
CLG0090,83,7.51,7.35,7,Yes,7,5,0,No,5.56,3.18,4.21,LOW,5.79,HIGH,4.82
CLG0089,97,9.07,8.58,7,Yes,8,8,5,Yes,7.4,8.71,7.4,HIGH,2.6,LOW,0.0
CLG0070,94,8.73,9.22,8,Yes,0,4,5,No,8.0,5.33,6.24,HIGH,3.76,LOW,2.67
CLG0027,103,5.1,5.21,2,No,8,1,0,No,0.88,1.6,2.05,LOW,7.95,HIGH,6.4
CLG0032,83,8.15,8.07,7,No,6,1,4,No,6.48,4.4,5.07,MEDIUM,4.93,MEDIUM,3.6
CLG0012,118,7.18,6.78,9,Yes,6,2,4,No,5.62,4.84,5.5,MEDIUM,4.5,MEDIUM,3.16
CLG0060,113,7.28,7.48,10,Yes,2,8,1,No,6.52,4.31,5.56,MEDIUM,4.44,MEDIUM,3.69
CLG0030,94,9.09,8.87,5,Yes,0,3,3,No,6.96,3.29,5.01,MEDIUM,4.99,MEDIUM,4.71
CLG0024,96,7.74,8.23,10,Yes,6,6,2,No,7.35,5.02,5.89,MEDIUM,4.11,MEDIUM,2.98
CLG0088,97,9.43,9.88,3,No,9,7,4,No,7.24,7.67,6.92,HIGH,3.08,LOW,0.33
CLG0086,88,8.56,8.8,9,No,7,1,3,No,7.92,3.8,5.49,MEDIUM,4.51,MEDIUM,4.2
CLG0004,93,7.76,8.23,1,Yes,5,5,4,No,4.36,5.98,5.02,MEDIUM,4.98,MEDIUM,2.02
CLG0083,95,8.77,8.38,3,Yes,6,2,5,No,5.74,5.64,5.48,MEDIUM,4.52,MEDIUM,2.36
CLG0089,124,5.19,4.97,2,No,8,7,3,No,0.76,6.67,4.39,MEDIUM,5.61,MEDIUM,1.33
CLG0005,114,5.14,4.89,2,No,7,3,1,No,0.67,3.09,2.75,LOW,7.25,HIGH,4.91
CLG0004,114,5.42,4.99,3,Yes,4,9,0,No,1.25,4.36,3.49,LOW,6.51,HIGH,3.64
CLG0093,105,7.19,7.66,10,No,10,1,4,No,6.6,5.2,5.81,MEDIUM,4.19,MEDIUM,2.8
CLG0009,83,6.18,5.74,7,No,3,2,0,No,3.59,1.04,2.57,LOW,7.43,HIGH,6.96
CLG0051,99,9.92,10.0,6,No,10,9,5,Yes,8.62,9.56,8.26,HIGH,1.74,LOW,0.0
CLG0040,114,7.71,7.98,9,Yes,3,7,0,No,6.81,3.27,5.28,MEDIUM,4.72,MEDIUM,4.73
CLG0053,81,8.31,8.19,10,Yes,3,3,2,No,7.66,3.09,4.98,MEDIUM,5.02,MEDIUM,4.91
CLG0098,109,6.39,5.91,10,Yes,1,8,2,No,4.84,4.91,5.06,MEDIUM,4.94,MEDIUM,3.09
CLG0072,134,6.61,6.12,3,No,9,5,1,No,2.79,4.38,4.46,MEDIUM,5.54,MEDIUM,3.62
CLG0075,115,6.68,6.38,5,Yes,9,2,3,No,3.69,4.64,4.6,MEDIUM,5.4,MEDIUM,3.36
CLG0098,121,8.49,8.48,9,Yes,6,10,1,Yes,7.65,6.0,6.83,HIGH,3.17,LOW,2.0
CLG0096,103,7.37,7.33,3,Yes,7,1,3,No,4.13,3.8,4.23,LOW,5.77,HIGH,4.2
CLG0032,114,7.59,7.68,8,Yes,6,6,5,No,6.19,7.42,6.69,HIGH,3.31,LOW,0.58
CLG0049,89,7.96,8.23,9,No,10,4,2,No,7.15,4.93,5.65,MEDIUM,4.35,MEDIUM,3.07
CLG0005,111,8.84,8.72,7,Yes,9,2,1,No,7.37,3.04,5.36,MEDIUM,4.64,MEDIUM,4.96
CLG0032,109,5.45,5.11,6,No,7,1,3,No,2.35,3.8,3.62,LOW,6.38,HIGH,4.2
CLG0005,104,8.88,9.18,6,No,10,7,5,No,7.39,8.67,7.5,HIGH,2.5,LOW,0.0
CLG0096,119,7.82,7.65,6,Yes,10,4,2,No,5.64,4.93,5.56,MEDIUM,4.44,MEDIUM,3.07
CLG0065,91,8.35,8.14,5,No,8,1,3,No,5.98,4.0,4.85,MEDIUM,5.15,MEDIUM,4.0
CLG0070,97,6.64,6.9,7,Yes,7,10,1,No,4.71,6.2,5.32,MEDIUM,4.68,MEDIUM,1.8
CLG0025,101,7.05,7.48,7,Yes,4,1,4,No,5.38,4.0,4.78,MEDIUM,5.22,MEDIUM,4.0
CLG0027,84,6.16,6.57,7,Yes,3,7,4,No,4.18,6.47,5.0,MEDIUM,5.0,MEDIUM,1.53
CLG0078,103,9.9,9.54,3,Yes,4,5,5,No,7.27,6.58,6.6,HIGH,3.4,LOW,1.42
CLG0073,74,7.49,7.49,6,No,10,1,1,No,5.32,2.8,3.81,LOW,6.19,HIGH,5.2
CLG0028,115,9.98,9.57,9,No,0,9,5,Yes,9.34,7.56,8.02,HIGH,1.98,LOW,0.44
CLG0088,100,7.45,7.91,9,No,4,3,0,No,6.61,1.69,4.33,MEDIUM,5.67,MEDIUM,6.31
CLG0063,92,6.1,5.82,4,Yes,5,10,5,No,2.6,9.0,5.51,MEDIUM,4.49,MEDIUM,0.0
CLG0073,87,7.54,7.24,9,No,8,1,4,No,6.17,4.8,5.17,MEDIUM,4.83,MEDIUM,3.2
CLG0036,96,5.2,5.59,2,Yes,8,2,5,No,1.22,6.04,3.84,LOW,6.16,HIGH,1.96
CLG0056,110,9.52,9.99,8,No,9,10,4,Yes,9.04,9.0,8.4,HIGH,1.6,LOW,0.0
CLG0034,108,9.09,9.29,2,No,2,6,4,No,6.27,5.82,5.98,HIGH,4.02,LOW,2.18
CLG0067,89,8.63,8.25,5,Yes,10,3,0,No,6.23,2.89,4.47,MEDIUM,5.53,MEDIUM,5.11
CLG0021,87,8.05,8.04,6,No,7,10,2,Yes,6.06,7.0,6.01,HIGH,3.99,LOW,1.0
CLG0039,109,7.9,8.22,2,No,7,8,2,Yes,4.77,6.11,5.51,MEDIUM,4.49,MEDIUM,1.89
CLG0037,89,9.98,10.0,9,Yes,8,1,0,No,9.65,1.6,5.32,MEDIUM,4.68,MEDIUM,6.4
CLG0042,100,6.39,6.02,6,Yes,0,1,5,No,3.58,4.0,4.04,LOW,5.96,HIGH,4.0
CLG0036,101,8.9,8.57,8,Yes,4,8,0,No,7.63,3.91,5.64,MEDIUM,4.36,MEDIUM,4.09
CLG0066,104,7.91,8.27,4,Yes,4,1,1,No,5.48,1.6,3.91,LOW,6.09,HIGH,6.4
CLG0017,112,9.88,9.91,3,No,6,4,1,No,7.53,3.33,5.56,MEDIUM,4.44,MEDIUM,4.67
CLG0054,81,9.14,9.35,4,No,10,6,5,No,7.01,8.22,6.78,HIGH,3.22,LOW,0.0
CLG0029,71,9.99,9.86,1,No,7,1,1,No,6.89,2.2,4.15,LOW,5.85,HIGH,5.8
CLG0025,91,7.94,7.97,1,Yes,10,4,2,No,4.28,4.93,4.54,MEDIUM,5.46,MEDIUM,3.07
CLG0021,127,6.02,6.5,8,Yes,6,5,5,No,4.38,6.98,6.01,HIGH,3.99,LOW,1.02
CLG0019,130,7.52,7.35,1,No,5,1,3,No,3.57,3.4,4.31,MEDIUM,5.69,MEDIUM,4.6
CLG0029,127,8.56,8.73,5,No,3,2,4,Yes,6.54,4.24,5.78,MEDIUM,4.22,MEDIUM,3.76
CLG0003,97,8.87,8.54,10,No,8,2,1,No,8.25,2.84,5.39,MEDIUM,4.61,MEDIUM,5.16
CLG0076,73,5.0,4.62,9,No,1,6,4,No,2.73,5.62,3.89,LOW,6.11,HIGH,2.38
CLG0055,64,7.53,7.81,3,No,5,2,0,No,4.58,1.44,2.8,LOW,7.2,HIGH,6.56
CLG0051,90,6.18,6.52,10,Yes,9,6,2,No,5.16,5.62,5.15,MEDIUM,4.85,MEDIUM,2.38
CLG0090,97,9.37,9.54,2,Yes,5,9,1,No,6.62,5.36,5.75,MEDIUM,4.25,MEDIUM,2.64
CLG0039,119,5.76,5.42,5,Yes,10,2,5,No,2.43,6.44,4.88,MEDIUM,5.12,MEDIUM,1.56
CLG0031,113,8.33,8.07,2,No,3,7,5,Yes,4.92,7.27,6.11,HIGH,3.89,LOW,0.73
CLG0072,103,6.33,6.74,10,No,2,1,3,No,5.41,2.8,4.34,MEDIUM,5.66,MEDIUM,5.2
CLG0035,86,6.78,6.57,1,No,10,9,5,No,2.56,9.56,5.62,MEDIUM,4.38,MEDIUM,0.0
CLG0069,85,9.7,10.0,9,No,2,4,2,No,9.49,3.33,5.88,MEDIUM,4.12,MEDIUM,4.67
CLG0027,103,6.2,5.99,10,No,1,5,0,No,4.78,1.98,3.76,LOW,6.24,HIGH,6.02
CLG0026,110,5.48,5.92,9,Yes,2,4,5,No,3.97,5.73,5.06,MEDIUM,4.94,MEDIUM,2.27
CLG0027,105,5.35,5.76,1,No,3,10,5,No,1.1,8.6,4.97,MEDIUM,5.03,MEDIUM,0.0
CLG0013,84,7.52,7.06,4,No,9,9,5,No,4.36,9.36,6.22,HIGH,3.78,LOW,0.0
CLG0023,109,8.21,8.48,5,Yes,3,1,4,No,6.15,3.8,5.14,MEDIUM,4.86,MEDIUM,4.2
CLG0065,106,6.64,6.31,2,No,9,10,2,No,2.61,7.4,5.12,MEDIUM,4.88,MEDIUM,0.6
CLG0092,83,8.45,8.17,9,No,6,6,4,No,7.4,6.62,6.33,HIGH,3.67,LOW,1.38
CLG0079,88,5.31,5.27,9,No,3,5,5,No,3.39,6.38,4.71,MEDIUM,5.29,MEDIUM,1.62
CLG0077,110,9.29,9.37,9,Yes,8,8,1,No,8.78,5.51,6.9,HIGH,3.1,LOW,2.49
CLG0069,96,9.08,8.91,8,Yes,7,2,5,No,7.98,5.84,6.47,HIGH,3.53,LOW,2.16
CLG0090,123,9.93,10.0,6,No,0,4,5,Yes,8.62,5.33,6.98,HIGH,3.02,LOW,2.67
CLG0071,107,9.68,9.35,1,Yes,9,5,0,No,6.33,3.58,5.09,MEDIUM,4.91,MEDIUM,4.42
CLG0099,92,6.78,6.3,10,Yes,0,8,3,No,5.36,5.51,5.22,MEDIUM,4.78,MEDIUM,2.49
CLG0022,99,7.0,7.07,5,Yes,5,1,2,No,4.39,2.6,3.79,LOW,6.21,HIGH,5.4
CLG0073,100,8.73,8.75,8,Yes,3,7,5,No,7.66,7.27,6.98,HIGH,3.02,LOW,0.73
CLG0001,89,5.67,5.86,4,No,9,8,4,No,2.37,8.11,5.01,MEDIUM,4.99,MEDIUM,0.0
CLG0015,86,6.57,6.72,8,No,5,1,0,No,4.87,1.0,3.12,LOW,6.88,HIGH,7.0
CLG0053,110,5.59,5.99,6,Yes,8,5,0,No,3.08,3.38,3.76,LOW,6.24,HIGH,4.62
CLG0094,112,7.27,7.23,1,Yes,9,6,1,No,3.33,4.82,4.47,MEDIUM,5.53,MEDIUM,3.18
CLG0067,109,7.76,7.27,1,Yes,4,10,2,No,3.66,6.4,5.19,MEDIUM,4.81,MEDIUM,1.6
CLG0070,122,6.06,6.19,3,No,7,5,1,No,2.51,3.98,3.98,LOW,6.02,HIGH,4.02
CLG0095,91,5.13,5.31,1,No,1,9,1,No,0.64,4.56,2.93,LOW,7.07,HIGH,3.44
CLG0005,125,8.6,8.62,4,Yes,7,4,1,No,6.15,3.53,5.31,MEDIUM,4.69,MEDIUM,4.47
CLG0068,86,5.1,5.29,3,No,7,2,0,No,1.28,1.84,2.02,LOW,7.98,HIGH,6.16
CLG0056,84,9.87,9.69,7,Yes,1,9,4,Yes,8.69,6.96,7.0,HIGH,3.0,LOW,1.04
CLG0025,73,6.11,5.76,9,Yes,6,2,4,No,4.23,4.84,4.18,LOW,5.82,HIGH,3.16
CLG0075,93,8.32,8.48,7,Yes,7,2,3,No,6.88,4.24,5.34,MEDIUM,4.66,MEDIUM,3.76
CLG0062,92,7.17,6.92,5,No,6,6,5,No,4.38,7.42,5.59,MEDIUM,4.41,MEDIUM,0.58
CLG0043,107,5.3,5.26,1,Yes,5,9,3,No,0.71,6.96,4.2,LOW,5.8,HIGH,1.04
CLG0014,103,7.36,7.35,5,Yes,2,5,4,No,4.81,5.38,5.14,MEDIUM,4.86,MEDIUM,2.62
CLG0089,82,7.58,7.56,1,No,10,10,1,No,3.76,6.8,4.92,MEDIUM,5.08,MEDIUM,1.2
CLG0052,94,9.27,9.37,6,No,10,2,0,No,7.77,2.44,4.99,MEDIUM,5.01,MEDIUM,5.56
CLG0027,94,8.66,8.19,8,Yes,2,6,1,No,7.2,3.42,5.15,MEDIUM,4.85,MEDIUM,4.58
CLG0093,73,5.4,5.89,7,Yes,7,1,1,No,3.23,2.2,2.72,LOW,7.28,HIGH,5.8
CLG0052,85,6.05,6.27,1,No,3,10,1,No,1.9,5.4,3.67,LOW,6.33,HIGH,2.6
CLG0001,88,6.56,6.49,8,Yes,9,10,2,No,4.7,7.4,5.64,MEDIUM,4.36,MEDIUM,0.6
CLG0046,121,5.58,5.27,9,No,7,3,2,No,3.55,3.89,4.34,MEDIUM,5.66,MEDIUM,4.11
CLG0005,102,7.28,6.86,10,Yes,9,3,1,No,6.07,3.49,4.87,MEDIUM,5.13,MEDIUM,4.51
CLG0062,109,9.92,10.0,2,Yes,5,10,3,Yes,7.29,7.4,7.04,HIGH,2.96,LOW,0.6
CLG0056,77,7.57,7.39,1,Yes,2,6,3,No,3.63,5.02,4.08,LOW,5.92,HIGH,2.98
CLG0064,117,8.71,8.44,6,No,9,4,4,Yes,6.75,6.33,6.53,HIGH,3.47,LOW,1.67
CLG0021,119,8.41,8.29,4,No,1,8,0,Yes,5.79,3.31,4.97,MEDIUM,5.03,MEDIUM,4.69
CLG0098,70,9.25,9.34,7,No,0,7,2,No,8.07,4.27,5.43,MEDIUM,4.57,MEDIUM,3.73
CLG0066,89,6.08,6.25,3,Yes,3,9,5,No,2.57,8.16,5.11,MEDIUM,4.89,MEDIUM,0.0
CLG0045,107,8.77,8.92,3,No,7,5,1,No,6.14,3.98,5.18,MEDIUM,4.82,MEDIUM,4.02
CLG0060,109,9.41,9.77,8,No,3,5,5,No,8.81,6.38,7.24,HIGH,2.76,LOW,1.62
